"""Customer Provided Item"" cannot be Purchase Item also",„Položka dodaná klientem“ nemůže být zároveň i nákupní položkou,
"""Customer Provided Item"" cannot have Valuation Rate",„Položka dodaná klientem“ nemůže mít ocenění,
"""From Date"" can not be greater than or equal to ""To Date""",„Od data“ nesmí být větší nebo rovno „Do data“,
"""Is Fixed Asset"" cannot be unchecked, as Asset record exists against the item","Pole „Je dlouhodobý majetek“ nelze zrušit, protože k položce existuje záznam majetku",
"""Parent"" signifies the parent table in which this row must be added","„Parent“ označuje nadřazenou tabulku, do níž musí být tento řádek přidán",
"""{0}"" is not a valid Google Sheets URL",„{0}“ není platná adresa URL Google Sheets,
# In Stock,# Skladem,
# Req'd Items,# Požadované položky,
%  Delivered,% Doručeno,
% Amount Billed,% Fakturované částky,
% Billed,% Fakturováno,
% Complete Method,% Metoda dokončení,
% Complete must be between 0 and 100,% dokončení musí být mezi 0 a 100,
% Completed,% Dokončeno,
% Cost Allocation,% Alokace nákladů,
% Delivered,% Doručeno,
% Finished Item Quantity,% Množství hotové položky,
% Installed,% Instalováno,
% Occupied,% Obsazeno,
% Of Grand Total,% z celkové částky,
% Ordered,% Objednáno,
% Picked,% Vychystáno,
% Process Loss,% Ztráta v procesu,
% Produced,% Vyrobeno,
% Progress,% Průběh,
% Raw Material Received,% Přijatého materiálu,
% Raw Material Returned,% Vráceného materiálu,
% Received,% Přijato,
% Returned,% Vráceno,
% Utilization (B + NB) / T,% Využití (B + NB) / T,
% Utilization (B / T),% Využití (B / T),
&lt;head&gt; HTML,HTML pro &lt;head&gt;,
'*' is only allowed in {0} SQL function(s),„*“ je povoleno pouze v SQL funkci/funkcích {0},
'Account' in the Accounting section of Customer {0},„Účet“ v sekci Účetnictví u klienta {0},
'Allow Multiple Sales Orders Against a Customer's Purchase Order',„Povolit více prodejních objednávek k jedné nákupní objednávce klienta“,
'Based On' and 'Group By' can not be same,„Na základě“ a „Seskupit podle“ nesmí být stejné,
'Days Since Last Order' must be greater than or equal to zero,„Dnů od poslední objednávky“ musí být větší nebo rovno nule,
'Default {0} Account' in Company {1},„Výchozí účet {0}“ ve firmě {1},
'employee_field_value' and 'timestamp' are required.,„employee_field_value“ a „timestamp“ jsou povinné.,
'employee_fieldname' must be one of {0}.,„employee_fieldname“ musí být jedno z {0}.,
'Entries' cannot be empty,„Záznamy“ nesmí být prázdné,
'From Date' is required,„Od data“ je povinné,
'From Date' must be after 'To Date',„Od data“ musí být po „Do data“,
'Has Serial No' can not be 'Yes' for non-stock item,„Má sériové číslo“ nemůže být „Ano“ u neskladové položky,
'In Global Search' not allowed for type {0} in row {1},„V globálním vyhledávání“ není povoleno pro typ {0} na řádku {1},
'In List View' not allowed for type {0} in row {1},„V zobrazení seznamu“ není povoleno pro typ {0} na řádku {1},
"'Inspection Required before Delivery' has disabled for the item {0}, no need to create the QI","„Vyžadována kontrola před dodáním“ je u položky {0} zakázáno, není třeba vytvářet kontrolu kvality",
"'Inspection Required before Purchase' has disabled for the item {0}, no need to create the QI","„Vyžadována kontrola před nákupem“ je u položky {0} zakázáno, není třeba vytvářet kontrolu kvality",
'Opening',„Počáteční“,
'Recipients' not specified,„Příjemci“ nejsou zadáni,
'To Date' is required,„Do data“ je povinné,
'To Package No.' cannot be less than 'From Package No.',„Č. balíku do“ nemůže být menší než „Č. balíku od“,
'Update Stock' can not be checked because items are not delivered via {0},"„Aktualizovat sklad“ nelze zaškrtnout, protože položky nejsou doručovány přes {0}",
'Update Stock' cannot be checked for fixed asset sale,„Aktualizovat sklad“ nelze zaškrtnout u prodeje dlouhodobého majetku,
'Verification Link Expiry Duration' must be between 15 to 60 minutes.,„Doba platnosti ověřovacího odkazu“ musí být mezi 15 a 60 minutami.,
'{0}' account is already used by {1}. Use another account.,Účet „{0}“ již používá {1}. Použijte jiný účet.,
'{0}' has been already added.,„{0}“ již bylo přidáno.,
'{0}' is not a valid IBAN,„{0}“ není platný IBAN,
'{0}' is not a valid URL,„{0}“ není platná adresa URL,
'{0}' not allowed for type {1} in row {2},„{0}“ není povoleno pro typ {1} na řádku {2},
'{0}' should be in company currency {1}.,„{0}“ by mělo být v měně firmy {1}.,
(A) Qty After Transaction,(A) Množství po transakci,
(B) Expected Qty After Transaction,(B) Očekávané množství po transakci,
(C) Total Qty in Queue,(C) Celkové množství ve frontě,
(C) Total qty in queue,(C) Celkové množství ve frontě,
(D) Balance Stock Value,(D) Zůstatková hodnota skladu,
(E) Balance Stock Value in Queue,(E) Zůstatková hodnota skladu ve frontě,
(F) Change in Stock Value,(F) Změna hodnoty skladu,
(Forecast),(Prognóza),
(G) Sum of Change in Stock Value,(G) Součet změny hodnoty skladu,
(H) Change in Stock Value (FIFO Queue),(H) Změna hodnoty skladu (fronta FIFO),
(H) Valuation Rate,(H) Ocenění,
(I) Valuation Rate,(I) Ocenění,
(J) Valuation Rate as per FIFO,(J) Ocenění dle FIFO,
(K) Valuation = Value (D) ÷ Qty (A),(K) Ocenění = Hodnota (D) ÷ Množství (A),
(none),(žádné),
) for {0},) pro {0},
** Failed: {0} to {1}: {2},** Selhalo: {0} až {1}: {2},
+ Add Price,+ Přidat cenu,
...Fetching Employees,...Načítání zaměstnanců,
0-30 Days,0–30 dní,
1 Google Calendar Event synced.,Synchronizována 1 událost Google Kalendáře.,
30-60 Days,30–60 dní,
60-90 Days,60–90 dní,
90 Above,Nad 90,
<b>Base</b> amount has not been set for the following employee(s): {0},Částka <b>Základ</b> nebyla nastavena u těchto zaměstnanců: {0},
<b>Cannot create asset.</b><br><br>,<b>Nelze vytvořit majetek.</b><br><br>,
<b>From Time</b> cannot be later than <b>To Time</b> for {0},<b>Od času</b> nemůže být později než <b>Do času</b> u {0},
<b>Row #{0}:</b> Bundle {1} in warehouse {2} has insufficient packed items:<br><div style='margin-top: 15px;'><ul style='line-height: 0.8;'>{3}</ul></div>,<b>Řádek č. {0}:</b> Balíček {1} ve skladu {2} nemá dostatek zabalených položek:<br><div style='margin-top: 15px;'><ul style='line-height: 0.8;'>{3}</ul></div>,
<b>Total Leaves Allocated</b> are more than the number of days in the allocation period,<b>Celkem přiděleno volna</b> je více než počet dní v období přidělení,
<li>Clearance date must be after cheque date for row(s): {0}</li>,<li>Datum zúčtování musí být po datu šeku u řádku/řádků: {0}</li>,
<li>Item {0} in row(s) {1} billed more than {2}</li>,<li>Položka {0} na řádku/řádcích {1} fakturována ve větším množství než {2}</li>,
"<li>Packed Item {0}: Required {1}, Available {2}</li>","<li>Zabalená položka {0}: požadováno {1}, k dispozici {2}</li>",
<li>Payment document required for row(s): {0}</li>,<li>Platební doklad je vyžadován u řádku/řádků: {0}</li>,
<p>Cannot overbill for the following Items:</p>,"<p>U následujících položek nelze fakturovat více, než je povoleno:</p>",
<p>Following {0}s doesn't belong to Company {1} :</p>,<p>Následující {0} nepatří firmě {1}:</p>,
<p>Please correct the following row(s):</p><ul>,<p>Opravte prosím následující řádek/řádky:</p><ul>,
<p>Posting Date {0} cannot be before Purchase Order date for the following:</p><ul>,<p>Datum zaúčtování {0} nemůže být dříve než datum nákupní objednávky u následujících:</p><ul>,
"<p>Price List Rate has not been set as editable in Selling Settings. In this scenario, setting <strong>Update Price List Based On</strong> to <strong>Price List Rate</strong> will prevent auto-updation of Item Price.</p>Are you sure you want to continue?",<p>Cena dle ceníku není v Nastavení prodeje nastavena jako editovatelná. V takovém případě nastavení <strong>Aktualizovat ceník podle</strong> na <strong>Cena dle ceníku</strong> zabrání automatické aktualizaci ceny položky.</p>Opravdu chcete pokračovat?,
"<p>To allow over-billing, please set allowance in Accounts Settings.</p>",<p>Pro povolení fakturace nad rámec nastavte toleranci v Nastavení účtů.</p>,
"<p>Your OTP secret on {0} has been reset. If you did not perform this reset and did not request it, please contact your System Administrator immediately.</p>","<p>Váš OTP klíč na {0} byl resetován. Pokud jste tento reset neprovedli a nežádali jste o něj, ihned kontaktujte správce systému.</p>",
<strong>Grand Total:</strong> {0},<strong>Celková částka:</strong> {0},
<strong>Outstanding Amount:</strong> {0},<strong>Neuhrazená částka:</strong> {0},
<strong>Warning:</strong> This field is system generated and may be overwritten by a future update. Modify it using {0} instead.,<strong>Upozornění:</strong> Toto pole je generováno systémem a může být přepsáno budoucí aktualizací. Upravte ho místo toho pomocí {0}.,
[Important] [ERPNext] Auto Reorder Errors,[Důležité] [ERPNext] Chyby automatického doobjednání,
`Allow Negative rates for Items`,„Povolit záporné sazby u položek“,
`as_iterator` only works with `as_list=True` or `as_dict=True`,„as_iterator“ funguje pouze s „as_list=True“ nebo „as_dict=True“,
`doctype` and `fieldname` are required for deleting property setters.,„doctype“ a „fieldname“ jsou povinné pro odstranění property setterů.,
`job_id` paramater is required for deduplication.,Parametr „job_id“ je vyžadován pro deduplikaci.,
A Customer Group exists with same name please change the Customer name or rename the Customer Group,"Existuje skupina klientů se stejným názvem, změňte prosím název klienta nebo přejmenujte skupinu klientů",
A DocType's name should start with a letter and can only,Název DocTypu musí začínat písmenem a může obsahovat pouze,
A draft reverse journal for {0} has been created: {1},Byl vytvořen koncept storno účetního zápisu pro {0}: {1},
A driver must be set to submit.,Pro odeslání musí být nastaven řidič.,
A field with the name {0} already exists in {1},Pole s názvem {0} již v {1} existuje,
A file with same name {} already exists,Soubor se stejným názvem {} již existuje,
A folder cannot have a File URL,Složka nemůže mít URL souboru,
A friendly reminder of an important date for our team.,Přátelská připomínka důležitého data pro náš tým.,
A Holiday List can be added to exclude counting these days for the Workstation.,"Lze přidat seznam svátků, aby se tyto dny nezapočítávaly u pracoviště.",
A Job Requisition already exists for {0} requested by {1} for the same department.<br> Do you want to continue?,Pro {0} požadované uživatelem {1} již existuje žádost o obsazení pozice pro stejné oddělení.<br> Chcete pokračovat?,
A Lead requires either a person's name or an organization's name,"Potenciální zákazník vyžaduje buď jméno osoby, nebo název organizace",
A naming series conflict occurred while creating serial numbers. Please change the naming series for the item {0}.,Při vytváření sériových čísel došlo ke konfliktu číselné řady. Změňte prosím číselnou řadu u položky {0}.,
A Packing Slip can only be created for Draft Delivery Note.,Balicí list lze vytvořit pouze pro dodací list ve stavu koncept.,
A Period Closing Voucher is already submitted and an Opening Entry can no longer be created. {0} to learn more.,Doklad o uzávěrce období je již odeslán a počáteční zápis již nelze vytvořit. Více informací: {0}.,
A Reconciliation Job {0} is running for the same filters. Cannot reconcile now,Pro stejné filtry již běží úloha odsouhlasení {0}. Nyní nelze provést odsouhlasení,
A recurring {0} {1} has been created for you via Auto Repeat {2}.,Pro vás byl vytvořen opakující se doklad {0} {1} pomocí automatického opakování {2}.,
A Reverse Journal Entry {0} already exists for this Journal Entry.,Pro tento účetní zápis již existuje storno účetní zápis {0}.,
A separate Purchase Order is created for each Supplier.,Pro každého dodavatele se vytvoří samostatná nákupní objednávka.,
A template already exists for field {0} of {1},Pro pole {0} u {1} již šablona existuje,
A template with tax category {0} already exists. Only one template is allowed with each tax category,Šablona s daňovou kategorií {0} již existuje. Pro každou daňovou kategorii je povolena pouze jedna šablona,
A verified appointment cannot be moved back to 'Unverified' status.,Ověřenou schůzku nelze vrátit zpět do stavu „Neověřeno“.,
A word by itself is easy to guess.,Samotné slovo je snadné uhodnout.,
Abbr,Zkr.,
Abbreviation,Zkratka,
Abbreviation already used for another company,Zkratka je již použita pro jinou firmu,
Abbreviation is mandatory,Zkratka je povinná,
Abbreviation: {0} must appear only once,Zkratka {0} se smí vyskytovat pouze jednou,
About Us Settings,Nastavení stránky O nás,
About Us Team Member,Člen týmu (O nás),
About {0} minute remaining,Zbývá přibližně {0} minuta,
About {0} minutes remaining,Zbývá přibližně {0} minut,
About {0} seconds remaining,Zbývá přibližně {0} sekund,
Above,Nad,
Absent,Nepřítomen,
Absent Days,Dny nepřítomnosti,
Absent Records,Záznamy nepřítomnosti,
Acceptance Criteria Formula,Vzorec kritéria přijetí,
Acceptance Criteria Value,Hodnota kritéria přijetí,
Accepted,Přijato,
Accepted At,Přijato dne,
Accepted Job Applicants,Přijatí uchazeči o zaměstnání,
Accepted Qty,Přijaté množství,
Accepted Qty in Stock UOM,Přijaté množství ve skladové měrné jednotce,
Accepted Quantity,Přijaté množství,
Accepted Warehouse,Sklad pro přijaté položky,
Access Control,Řízení přístupu,
Access Key,Přístupový klíč,
Access Key is required for Service Provider: {0},Přístupový klíč je vyžadován pro poskytovatele služby: {0},
Access Log,Protokol přístupů,
Access not allowed from this IP Address,Přístup z této IP adresy není povolen,
Access Token,Přístupový token,
Access Token URL,URL přístupového tokenu,
"According to the BOM {0}, the Item '{1}' is missing in the stock entry.",Podle kusovníku {0} chybí položka „{1}“ ve skladovém pohybu.,
Account,Účet,
account,účet,
Account Balance,Zůstatek účtu,
"Account balance already in Credit, you are not allowed to set 'Balance Must Be' as 'Debit'","Zůstatek účtu je již na straně Dal, nelze nastavit „Zůstatek musí být“ na „Má dáti“",
"Account balance already in Debit, you are not allowed to set 'Balance Must Be' as 'Credit'","Zůstatek účtu je již na straně Má dáti, nelze nastavit „Zůstatek musí být“ na „Dal“",
Account Category,Kategorie účtu,
Account Category Name,Název kategorie účtu,
Account Closing Balance,Konečný zůstatek účtu,
Account company does not match with the rule company.,Firma účtu neodpovídá firmě pravidla.,
Account Currency,Měna účtu,
Account Currency (From),Měna účtu (Od),
Account Currency (To),Měna účtu (Do),
Account Deletion Settings,Nastavení mazání účtů,
Account Detail Level,Úroveň detailu účtu,
Account Details,Podrobnosti účtu,
Account Filter,Filtr účtu,
Account for Change Amount,Účet pro vrácenou částku,
Account Head,Hlavní účet,
Account is mandatory,Účet je povinný,
Account is mandatory to get payment entries,Pro získání plateb je účet povinný,
Account is not set for the dashboard chart {0},U grafu dashboardu {0} není nastaven účet,
Account Missing,Chybí účet,
Account Name,Název účtu,
Account No,Číslo účtu,
Account Not Found,Účet nebyl nalezen,
Account not Found,Účet nebyl nalezen,
Account Number,Číslo účtu,
Account Number {0} already used in account {1},Číslo účtu {0} je již použito u účtu {1},
Account Opening Balance,Počáteční zůstatek účtu,
Account Paid From,Účet placeno z,
Account Paid To,Účet placeno na,
Account Pay Only,Platit pouze na účet,
Account Subtype,Podtyp účtu,
Account Type,Typ účtu,
"Account type should be set {0} for payroll payable account {1}, please set and try again","Typ účtu by měl být nastaven na {0} pro účet závazků ze mzdy {1}, nastavte jej prosím a zkuste to znovu",
Account Value,Hodnota účtu,
Account with child nodes cannot be converted to ledger,Účet s podřízenými uzly nelze převést na analytický účet,
Account with child nodes cannot be set as ledger,Účet s podřízenými uzly nelze nastavit jako analytický účet,
Account with existing transaction can not be converted to group.,Účet s existujícími transakcemi nelze převést na skupinu.,
Account with existing transaction can not be deleted,Účet s existujícími transakcemi nelze smazat,
Account with existing transaction cannot be converted to ledger,Účet s existujícími transakcemi nelze převést na analytický účet,
Account {0} added multiple times,Účet {0} byl přidán vícekrát,
Account {0} cannot be converted to Group as it is already set as {1} for {2}.,"Účet {0} nelze převést na skupinu, protože je již nastaven jako {1} pro {2}.",
Account {0} cannot be disabled as it is already set as {1} for {2}.,"Účet {0} nelze zakázat, protože je již nastaven jako {1} pro {2}.",
Account {0} does not belong to company {1},Účet {0} nepatří firmě {1},
Account {0} does not belong to company: {1},Účet {0} nepatří firmě: {1},
Account {0} does not exist,Účet {0} neexistuje,
Account {0} does not exists,Účet {0} neexistuje,
Account {0} does not exists in the dashboard chart {1},Účet {0} neexistuje v grafu dashboardu {1},
Account {0} does not match with Company {1},Účet {0} neodpovídá firmě {1},
Account {0} does not match with Company {1} in Mode of Account: {2},Účet {0} neodpovídá firmě {1} v režimu účtu: {2},
Account {0} doesn't belong to Company {1},Účet {0} nepatří firmě {1},
Account {0} exists in parent company {1}.,Účet {0} existuje v mateřské firmě {1}.,
Account {0} is added in the child company {1},Účet {0} je přidán v dceřiné firmě {1},
Account {0} is disabled.,Účet {0} je zakázán.,
Account {0} is frozen,Účet {0} je zamčen,
Account {0} is invalid. Account Currency must be {1},Účet {0} je neplatný. Měna účtu musí být {1},
Account {0} should be of type Expense,Účet {0} by měl být typu Náklad,
Account {0}: Parent account {1} can not be a ledger,Účet {0}: Nadřazený účet {1} nemůže být analytickým účtem,
Account {0}: Parent account {1} does not belong to company: {2},Účet {0}: Nadřazený účet {1} nepatří firmě: {2},
Account {0}: Parent account {1} does not exist,Účet {0}: Nadřazený účet {1} neexistuje,
Account {0}: You can not assign itself as parent account,Účet {0}: Nelze přiřadit sám sebe jako nadřazený účet,
Account: <b>{0}</b> is capital Work in progress and can not be updated by Journal Entry,Účet: <b>{0}</b> je nedokončená investice a nelze jej aktualizovat účetním zápisem,
Account: {0} can only be updated via Stock Transactions,Účet: {0} lze aktualizovat pouze prostřednictvím skladových transakcí,
Account: {0} is not permitted under Payment Entry,Účet: {0} není u platby povolen,
Account: {0} with currency: {1} can not be selected,Účet: {0} s měnou: {1} nelze vybrat,
Accounting,Účetnictví,
Accounting & Payment,Účetnictví a platby,
Accounting Details,Podrobnosti účetnictví,
Accounting Dimension,Účetní dimenze,
Accounting Dimension <b>{0}</b> is required for 'Balance Sheet' account {1}.,Účetní dimenze <b>{0}</b> je vyžadována u rozvahového účtu {1}.,
Accounting Dimension <b>{0}</b> is required for 'Profit and Loss' account {1}.,Účetní dimenze <b>{0}</b> je vyžadována u výsledkového účtu {1}.,
Accounting Dimension Detail,Podrobnosti účetní dimenze,
Accounting Dimension Filter,Filtr účetní dimenze,
Accounting Dimensions,Účetní dimenze,
Accounting Dimensions Filter,Filtr účetních dimenzí,
Accounting Entries,Účetní zápisy,
Accounting Entry for Asset,Účetní zápis pro majetek,
Accounting Entry for Landed Cost Voucher for SCR {0},Účetní zápis pro doklad vedlejších pořizovacích nákladů pro SCR {0},
Accounting Entry for LCV in Stock Entry {0},Účetní zápis pro LCV ve skladovém pohybu {0},
Accounting Entry for Service,Účetní zápis pro službu,
Accounting Entry for Stock,Účetní zápis pro sklad,
Accounting Entry for {0},Účetní zápis pro {0},
Accounting Entry for {0}: {1} can only be made in currency: {2},Účetní zápis pro {0}: {1} lze vytvořit pouze v měně: {2},
Accounting Ledger,Účetní kniha,
Accounting Masters,Účetní základní data,
Accounting Period,Účetní období,
Accounting Period cannot be created for a future date. End Date {0} is after today.,Účetní období nelze vytvořit pro budoucí datum. Datum konce {0} je po dnešku.,
Accounting Period overlaps with {0},Účetní období se překrývá s {0},
Accounting Reports,Účetní reporty,
Accounts,Účty,
"Accounts cannot be removed, as user doesn't have access to all the accounts of {0}","Účty nelze odebrat, protože uživatel nemá přístup ke všem účtům {0}",
Accounts Closing,Uzávěrka účtů,
Accounts Frozen Till Date,Účty zamčeny do data,
Accounts Included in Report,Účty zahrnuté v reportu,
Accounts Missing from Report,Účty chybějící v reportu,
Accounts not set for Salary Component {0},Účty nejsou nastaveny pro mzdovou složku {0},
Accounts Payable,Závazky,
Accounts Payable Summary,Přehled závazků,
Accounts Receivable,Pohledávky,
Accounts Receivable / Payable remarks length,Délka poznámky pohledávek / závazků,
Accounts Receivable / Payable Report,Report pohledávek / závazků,
Accounts Receivable Credit Account,Dal účet pohledávek,
Accounts Receivable Discounted Account,Účet diskontovaných pohledávek,
Accounts Receivable Summary,Přehled pohledávek,
Accounts Receivable Unpaid Account,Účet neuhrazených pohledávek,
Accounts Settings,Nastavení účtů,
Accounts Setup,Nastavení účetnictví,
Accounts table cannot be blank.,Tabulka účtů nesmí být prázdná.,
Accounts to Merge,Účty ke sloučení,
Accrual Arrears,Naběhlé nedoplatky,
Accrual Component,Naběhlá složka,
Accrual Component can only be set for Earning Salary Components.,Naběhlou složku lze nastavit pouze u mzdových složek typu příjem.,
Accrual Component can only be set for Flexible Benefit Salary Components with accrual payout methods.,Naběhlou složku lze nastavit pouze u mzdových složek flexibilních benefitů s naběhlou metodou výplaty.,
Accrual Component must be set for Flexible Benefit Salary Components with accrual payout methods.,U mzdových složek flexibilních benefitů s naběhlou metodou výplaty musí být naběhlá složka nastavena.,
Accrual Journal Entry for salaries from {0} to {1},Účetní zápis naběhlých mezd od {0} do {1},
Accrued amount {0} is less than paid amount {1} for Benefit {2} in payroll period {3},Naběhlá částka {0} je nižší než vyplacená částka {1} u benefitu {2} v mzdovém období {3},
Accrued Benefits,Naběhlé benefity,
Accrued Earnings Report,Report naběhlých příjmů,
Accrued Expenses,Naběhlé náklady,
Accumulated Depreciation,Oprávky,
Accumulated Depreciation Account,Účet oprávek,
Accumulated Depreciation Amount,Částka oprávek,
Accumulated Depreciation as on,Oprávky k datu,
Accumulated Monthly,Kumulovaně měsíčně,
Accumulated Monthly Budget for Account {0} against {1} {2} is {3}. It will be collectively ({4}) exceeded by {5},Kumulovaný měsíční rozpočet pro účet {0} vůči {1} {2} je {3}. Bude souhrnně ({4}) překročen o {5},
Accumulated Monthly Budget for Account {0} against {1}: {2} is {3}. It will be exceeded by {4},Kumulovaný měsíční rozpočet pro účet {0} vůči {1}: {2} je {3}. Bude překročen o {4},
Accumulated Values,Kumulované hodnoty,
Accumulated Values in Group Company,Kumulované hodnoty ve skupině firem,
Achieved ({}),Dosaženo ({}),
Acquisition Date,Datum pořízení,
Action,Akce,
Action / Route,Akce / trasa,
Action Failed,Akce se nezdařila,
Action for Expired Unverified Appointments,Akce pro vypršelé neověřené schůzky,
Action if Accumulated Monthly Budget Exceeded on Actual,Akce při překročení kumulovaného měsíčního rozpočtu u skutečnosti,
Action if Accumulated Monthly Budget Exceeded on MR,Akce při překročení kumulovaného měsíčního rozpočtu u požadavku na materiál,
Action if Accumulated Monthly Budget Exceeded on PO,Akce při překročení kumulovaného měsíčního rozpočtu u nákupní objednávky,
Action if Accumulative Monthly Budget Exceeded on Cumulative Expense,Akce při překročení kumulativního měsíčního rozpočtu u kumulativních nákladů,
Action if Annual Budget Exceeded on Actual,Akce při překročení ročního rozpočtu u skutečnosti,
Action if Annual Budget Exceeded on MR,Akce při překročení ročního rozpočtu u požadavku na materiál,
Action if Annual Budget Exceeded on PO,Akce při překročení ročního rozpočtu u nákupní objednávky,
Action if Anual Budget Exceeded on Cumulative Expense,Akce při překročení ročního rozpočtu u kumulativních nákladů,
Action if Quality Inspection is not submitted,"Akce, pokud kontrola kvality není odeslána",
Action if Quality Inspection is rejected,"Akce, pokud je kontrola kvality zamítnuta",
Action if same rate is not maintained,"Akce, pokud není dodržena stejná sazba",
Action if same rate is not maintained throughout internal transaction,"Akce, pokud není stejná sazba dodržena v rámci celé interní transakce",
Action if same rate is not maintained throughout sales cycle,"Akce, pokud není stejná sazba dodržena v rámci celého prodejního cyklu",
Action Initialised,Akce zahájena,
Action Label,Popisek akce,
Action on New Invoice,Akce u nové faktury,
Action on Submission,Akce při odeslání,
Action Timeout (Seconds),Časový limit akce (v sekundách),
Action Type,Typ akce,
Action {0} completed successfully on {1} {2}. View it {3},Akce {0} byla úspěšně dokončena u {1} {2}. Zobrazit {3},
Action {0} failed on {1} {2}. View it {3},Akce {0} se nezdařila u {1} {2}. Zobrazit {3},
Actions,Akce,
Actions performed,Provedené akce,
Activate,Aktivovat,
Activate Serial / Batch No for Item,Aktivovat sériové číslo / šarži u položky,
Active,Aktivní,
active,Aktivní,
Active Customers,Aktivní klienti,
Active Domains,Aktivní domény,
Active Employees,Aktivní zaměstnanci,
Active Leads,Aktivní potenciální zákazníci,
Active RQ Worker,Aktivní RQ worker,
Active Sessions,Aktivní relace,
Active Status,Aktivní stav,
Active Subcontracted Items,Aktivní položky v subdodávce,
Active Suppliers,Aktivní dodavatelé,
Activities,Aktivity,
Activity,Aktivita,
Activity Cost,Náklady na aktivitu,
Activity Cost exists for Employee {0} against Activity Type - {1},Náklady na aktivitu pro zaměstnance {0} a typ aktivity {1} již existují,
Activity Cost per Employee,Náklady na aktivitu na zaměstnance,
Activity Log,Protokol aktivit,
Activity Name,Název aktivity,
Activity Type,Typ aktivity,
Actual,Skutečnost,
Actual Amount,Skutečná částka,
Actual Balance Qty,Skutečné zůstatkové množství,
Actual balances aren't available because the leave application spans over different leave allocations. You can still apply for leaves which would be compensated during the next allocation.,"Skutečné zůstatky nejsou k dispozici, protože žádost o volno zasahuje do více přídělů volna. Přesto můžete o volno požádat, bude vyrovnáno v rámci dalšího přídělu.",
Actual Batch Quantity,Skutečné množství šarže,
Actual Cost,Skutečné náklady,
Actual Date,Skutečné datum,
Actual Delivery Date,Skutečné datum dodání,
Actual Demand,Skutečná poptávka,
Actual Encashable Days,Skutečné proplatitelné dny,
Actual End Date,Skutečné datum ukončení,
Actual End Date (via Timesheet),Skutečné datum ukončení (dle výkazu práce),
Actual End Date cannot be before Actual Start Date,Skutečné datum ukončení nemůže být dříve než skutečné datum zahájení,
Actual End Time,Skutečný čas ukončení,
Actual Expense,Skutečné náklady,
Actual Expenses,Skutečné náklady,
Actual Operating Cost,Skutečné provozní náklady,
Actual Operation Time,Skutečný čas operace,
Actual Overtime Duration,Skutečná doba přesčasu,
Actual Posting,Skutečné zaúčtování,
Actual Qty,Skutečné množství,
Actual Qty (at source/target),Skutečné množství (zdroj/cíl),
Actual Qty in Warehouse,Skutečné množství na skladě,
Actual Qty is mandatory,Skutečné množství je povinné,
Actual Qty {0} / Waiting Qty {1},Skutečné množství {0} / Čekající množství {1},
Actual Qty: Quantity available in the warehouse.,Skutečné množství: Množství dostupné na skladě.,
Actual Quantity,Skutečné množství,
Actual quantity of the finished good that will be manufactured.,"Skutečné množství hotového výrobku, které bude vyrobeno.",
Actual Start Date,Skutečné datum zahájení,
Actual Start Date (via Timesheet),Skutečné datum zahájení (dle výkazu práce),
Actual Start Time,Skutečný čas zahájení,
Actual Time,Skutečný čas,
Actual Time and Cost,Skutečný čas a náklady,
Actual Time in Hours (via Timesheet),Skutečný čas v hodinách (dle výkazu práce),
Actual type tax cannot be included in Item rate in row {0},Daň typu Skutečná částka nelze zahrnout do ceny položky na řádku {0},
Ad-hoc Qty,Ad hoc množství,
Add,Přidat,
Add / Edit Prices,Přidat / upravit ceny,
Add / Update,Přidat / aktualizovat,
Add a New Role,Přidat novou roli,
Add A New Rule,Přidat nové pravidlo,
Add a new section,Přidat novou sekci,
Add atleast one voucher to repost.,Pro opětovné zaúčtování přidejte alespoň jeden doklad.,
Add Background Image,Přidat obrázek na pozadí,
Add Border at Bottom,Přidat okraj dole,
Add Border at Top,Přidat okraj nahoře,
Add Card to Dashboard,Přidat kartu na dashboard,
Add Chart to Dashboard,Přidat graf na dashboard,
Add Child,Přidat podřízený záznam,
Add Columns in Transaction Currency,Přidat sloupce v měně transakce,
Add Contact,Přidat kontakt,
Add Contacts,Přidat kontakty,
Add Container,Přidat kontejner,
Add Corrective Operation Cost in Finished Good Valuation,Zahrnout náklady na opravnou operaci do ocenění hotového výrobku,
Add Custom Tags,Přidat vlastní štítky,
Add Day-wise Dates,Přidat data po dnech,
Add Discount,Přidat slevu,
Add Employee Property,Přidat vlastnost zaměstnance,
Add Expense,Přidat náklad,
Add Gray Background,Přidat šedé pozadí,
Add Indexes,Přidat indexy,
Add Item,Přidat položku,
Add items in the Item Locations table,Přidejte položky do tabulky umístění položek,
Add Items in the Purpose Table,Přidejte položky do tabulky účelu,
Add Lead to Prospect,Přidat potenciálního zákazníka do Prospectu,
Add Local Holidays,Přidat místní svátky,
Add Manually,Přidat ručně,
Add Multiple,Přidat více,
Add Multiple Tasks,Přidat více úkolů,
Add New Permission Rule,Přidat nové pravidlo oprávnění,
Add numbers or special characters.,Přidejte čísla nebo speciální znaky.,
Add Or Deduct,Přidat nebo odečíst,
Add or Deduct,Přidat nebo odečíst,
Add Order Discount,Přidat slevu na objednávku,
Add Participants,Přidat účastníky,
Add Query Parameters,Přidat parametry dotazu,
Add Quote,Přidat citát,
Add Raw Materials,Přidat suroviny,
Add Reply-To header,Přidat hlavičku Reply-To,
Add Roles,Přidat role,
Add Safety Stock,Přidat pojistnou zásobu,
Add Schedule,Přidat rozvrh,
Add script for Child Table,Přidat skript pro podřízenou tabulku,
Add Serial / Batch Bundle,Přidat balíček sériových čísel / šarží,
Add Serial / Batch No,Přidat sériové číslo / šarži,
Add Serial / Batch No (Rejected Qty),Přidat sériové číslo / šarži (zamítnuté množství),
Add Signature,Přidat podpis,
Add Space at Bottom,Přidat mezeru dole,
Add Space at Top,Přidat mezeru nahoře,
Add Stock,Přidat zásobu,
Add Subscribers,Přidat odběratele,
Add Suppliers,Přidat dodavatele,
Add Tax,Přidat daň,
Add Template,Přidat šablonu,
Add the rest of your organization as your users. You can also add invite Customers to your portal by adding them from Contacts,Přidejte zbytek vaší organizace jako uživatele. Klienty můžete do svého portálu pozvat také přidáním z kontaktů,
Add Timesheets,Přidat výkazy práce,
Add to Desktop,Přidat na plochu,
Add to Details,Přidat do podrobností,
Add to Holidays,Přidat mezi svátky,
Add to Prospect,Přidat k Prospectu,
Add to table,Přidat do tabulky,
Add to Transit,Přidat do přepravy,
Add Total Row,Přidat řádek celkem,
Add Translate Data,Přidat data pro překlad,
Add Unsubscribe Link,Přidat odkaz pro odhlášení,
Add unused leaves from previous allocations,Přidat nevyčerpané volno z předchozích přídělů,
Add User Permissions,Přidat uživatelská oprávnění,
Add Video Conferencing,Přidat videokonferenci,
Add vouchers to generate preview.,Přidejte doklady pro vygenerování náhledu.,
Add Weekly Holidays,Přidat týdenní volné dny,
Add X-Original-From header,Přidat hlavičku X-Original-From,
Add {0},Přidat {0},
Add/Edit Coupon Conditions,Přidat/upravit podmínky kupónu,
Added By,Přidal,
Added default log doctypes: {},Přidány výchozí DocTypy protokolu: {},
Added On,Přidáno dne,
Added Supplier Role to User {0}.,Uživateli {0} byla přidána role Dodavatel.,
Added tax components from the Salary Component master as the salary structure didn't have any tax component.,"Byly přidány daňové složky z číselníku mzdových složek, protože mzdová struktura neobsahovala žádnou daňovou složku.",
Added to details,Přidáno do podrobností,
added {0} row(s) to {1},přidáno {0} řádek/řádků do {1},
Added {1} Role to User {0}.,Uživateli {0} byla přidána role {1}.,
Adding Lead to Prospect...,Přidávání potenciálního zákazníka k Prospectu...,
Additional,Další,
Additional Amount,Dodatečná částka,
Additional Asset Cost,Dodatečné náklady na majetek,
Additional Cost,Dodatečné náklady,
Additional Cost Per Qty,Dodatečné náklady na jednotku množství,
Additional Costs,Dodatečné náklady,
Additional Costs (as per BOM),Dodatečné náklady (dle kusovníku),
Additional Data,Dodatečná data,
Additional Details,Dodatečné podrobnosti,
Additional Discount,Dodatečná sleva,
Additional Discount Amount,Částka dodatečné slevy,
Additional Discount Amount (Company Currency),Částka dodatečné slevy (měna firmy),
Additional Discount Amount ({discount_amount}) cannot exceed,Částka dodatečné slevy ({discount_amount}) nesmí přesáhnout,
Additional Discount Percentage,Procento dodatečné slevy,
Additional Info,Další informace,
Additional Information,Další informace,
Additional Information updated successfully.,Další informace byly úspěšně aktualizovány.,
Additional Material Transfer,Dodatečný přesun materiálu,
Additional Notes,Další poznámky,
Additional Operating Cost,Dodatečné provozní náklady,
Additional Permissions,Další oprávnění,
Additional PF,Dodatečný PF,
Additional Salary,Dodatečná mzda,
Additional Salary for referral bonus can only be created against Employee Referral with status {0},Dodatečnou mzdu za doporučovací bonus lze vytvořit pouze k doporučení zaměstnance se stavem {0},
Additional Salary for this salary component with {0} enabled already exists for this date,Pro toto datum již existuje dodatečná mzda pro tuto mzdovou složku s povoleným {0},
Additional Salary: {0} already exist for Salary Component: {1} for period {2} and {3},Dodatečná mzda {0} pro mzdovou složku {1} již pro období {2} a {3} existuje,
Additional Transferred Qty,Dodatečně převedené množství,
Address,Adresa,
address,Adresa,
Address & Contact,Adresa a kontakt,
Address & Contacts,Adresa a kontakty,
Address and Contact,Adresa a kontakt,
Address And Contacts,Adresa a kontakty,
Address and Contacts,Adresa a kontakty,
Address Desc,Popis adresy,
Address HTML,HTML adresy,
Address Line 1,Adresa - řádek 1,
Address Line 2,Adresa - řádek 2,
Address Name,Název adresy,
Address needs to be linked to a Company. Please add a row for Company in the Links table.,Adresa musí být propojena s firmou. Přidejte prosím řádek pro firmu do tabulky odkazů.,
Address of Organizer,Adresa organizátora,
Address Template,Šablona adresy,
Address Title,Název adresy,
Address Title is mandatory.,Název adresy je povinný.,
Address Type,Typ adresy,
Addresses,Adresy,
Addresses And Contacts,Adresy a kontakty,
Adjust Allocation,Upravit příděl,
Adjustment Against,Vyrovnání vůči,
Adjustment based on Purchase Invoice rate,Úprava na základě sazby přijaté faktury,
Adjustment Created Successfully,Úprava byla úspěšně vytvořena,
Adjustment Type,Typ úpravy,
Administrative Expenses,Administrativní náklady,
Administrator,Administrátor,
Administrator accessed {0} on {1} via IP Address {2}.,Administrátor přistoupil k {0} dne {1} z IP adresy {2}.,
Administrator can't follow,Administrátor nemůže sledovat,
Administrator Logged In,Administrátor přihlášen,
Advance Account,Účet záloh,
Advance Account is mandatory. Please set the {0} in the Company {1} and submit this document.,Účet záloh je povinný. Nastavte prosím {0} u firmy {1} a tento doklad odešlete.,
Advance Account Required,Účet záloh je vyžadován,
Advance Account {} currency should be same as Salary Currency of Employee {}. Please select same currency Advance Account,Měna účtu záloh {} by měla být stejná jako měna mzdy zaměstnance {}. Vyberte prosím účet záloh se stejnou měnou,
Advance Account: {0} must be in either customer billing currency: {1} or Company default currency: {2},"Účet záloh: {0} musí být buď ve fakturační měně klienta: {1}, nebo ve výchozí měně firmy: {2}",
Advance Amount,Částka zálohy,
Advance amount,Částka zálohy,
Advance amount cannot be greater than {0} {1},Částka zálohy nemůže být větší než {0} {1},
Advance Booking Days is mandatory for Appointment Scheduling.,Počet dní pro rezervaci předem je u plánování schůzek povinný.,
Advance Paid,Zálohy zaplaceny,
Advance Paid (Company Currency),Zaplacená záloha (měna firmy),
Advance paid against {0} {1} cannot be greater than Grand Total {2},Záloha zaplacená k {0} {1} nemůže být větší než celková částka {2},
Advance Payment,Záloha,
Advance Payment Ledger Entry,Zápis v knize záloh,
Advance Payment Status,Stav zálohy,
Advance Payments,Zálohy,
Advance Taxes and Charges,Zálohové daně a poplatky,
Advance Voucher No,Číslo dokladu zálohy,
Advance Voucher Type,Typ dokladu zálohy,
Advanced,Pokročilé,
Advanced Control,Pokročilé ovládání,
Advanced Features,Pokročilé funkce,
Advanced Filtering,Pokročilé filtrování,
Advanced Filters,Pokročilé filtry,
Advanced Settings,Pokročilé nastavení,
Advances,Zálohy,
after,po,
"After save, please refresh the page to apply the changes.","Po uložení prosím obnovte stránku, aby se změny projevily.",
After Submission,Po odeslání,
Against,Vůči,
Against Account,Protiúčet,
Against Blanket Order,Vůči rámcové objednávce,
Against Customer Order {0},Vůči objednávce klienta {0},
Against Delivery Note Item,Vůči položce dodacího listu,
Against Docname,Vůči názvu dokladu,
Against Doctype,Vůči DocType,
Against Document Detail No,Vůči č. podrobnosti dokladu,
Against Document No,Vůči č. dokladu,
Against Expense Account,Vůči nákladovému účtu,
Against Finished Good,Vůči hotovému výrobku,
Against Income Account,Vůči výnosovému účtu,
Against Journal Entry {0} does not have any unmatched {1} entry,Účetní zápis {0} nemá žádný nespárovaný záznam {1},
Against Journal Entry {0} is already adjusted against some other voucher,Účetní zápis {0} je již vyrovnán vůči jinému dokladu,
Against Pick List,Vůči vychystávacímu seznamu,
Against Sales Invoice,Vůči vydané faktuře,
Against Sales Invoice Item,Vůči položce vydané faktury,
Against Sales Order,Vůči prodejní objednávce,
Against Sales Order Item,Vůči položce prodejní objednávky,
Against Stock Entry,Vůči skladovému pohybu,
Against Supplier Invoice {0},Vůči faktuře dodavatele {0},
Against Voucher,Vůči dokladu,
Against Voucher No,Vůči č. dokladu,
Against Voucher Type,Vůči typu dokladu,
Age,Stáří,
Age (Days),Stáří (dny),
Age ({0}),Stáří ({0}),
Age as on,Stáří k datu,
Ageing Based On,Stárnutí na základě,
Ageing Range,Rozsah stárnutí,
Agenda,Agenda,
Agent Busy Message,Zpráva o obsazenosti agenta,
Agent Group,Skupina agentů,
Agent Unavailable Message,Zpráva o nedostupnosti agenta,
Agents,Agenti,
Aggregate Field is required to create a number card,Pro vytvoření číselné karty je vyžadováno agregační pole,
Aggregate Function Based On,Agregační funkce na základě,
Aggregate Function field is required to create a dashboard chart,Pro vytvoření grafu dashboardu je vyžadováno pole agregační funkce,
Algorithm,Algoritmus,
Alias,Alias,
Alias must be a string,Alias musí být řetězec,
Align,Zarovnání,
Align Labels to the Right,Zarovnat popisky vpravo,
Align Right,Zarovnat vpravo,
Align Value,Zarovnat hodnotu,
Alignment,Zarovnání,
All,Vše,
All Accounts,Všechny účty,
All active prices for this item across buying and selling price lists.,Všechny aktivní ceny pro tuto položku napříč nákupními a prodejními ceníky.,
All Activities,Všechny aktivity,
All Activities HTML,HTML všech aktivit,
All allocated assets should be returned before submission,Veškerý přidělený majetek musí být před odesláním vrácen,
All BOMs,Všechny kusovníky,
All communications including and above this shall be moved into the new Issue,Veškerá komunikace od této zprávy včetně bude přesunuta do nového ticketu,
All Customer Groups,Všechny skupiny klientů,
All customizations will be removed. Please confirm.,Všechny úpravy budou odstraněny. Potvrďte prosím.,
All Day,Celý den,
All Departments,Všechna oddělení,
All Exchange Gain/Loss amount of {0} has been booked through {1},Celá kurzová zisková/ztrátová částka {0} byla zaúčtována přes {1},
All Goals,Všechny cíle,
All Images attached to Website Slideshow should be public,Všechny obrázky připojené k prezentaci na webu musí být veřejné,
All Item Groups,Všechny skupiny položek,
All Items,Všechny položky,
All items are already requested,Všechny položky již byly požadovány,
All items have already been Invoiced/Returned,Všechny položky již byly vyfakturovány / vráceny,
All items have already been received,Všechny položky již byly přijaty,
All items must be linked to a Sales Order or Subcontracting Inward Order for this Sales Invoice.,Všechny položky u této vydané faktury musí být propojeny s prodejní objednávkou nebo příjmovou objednávkou subdodávky.,
All Jobs,Všechny úlohy,
All linked Sales Orders must be subcontracted.,Všechny propojené prodejní objednávky musí být subdodavatelské.,
All Parties,Všechny strany,
All picked items have already been transferred against this Pick List,Všechny vychystané položky již byly přesunuty k tomuto vychystávacímu seznamu,
ALL records will be deleted (entire DocType cleared),VŠECHNY záznamy budou smazány (celý DocType bude vymazán),
All Supplier Groups,Všechny skupiny dodavatelů,
All Territories,Všechna území,
All the items have been already returned.,Všechny položky již byly vráceny.,
All the mandatory tasks for employee creation are not completed yet.,Ještě nejsou dokončeny všechny povinné úkoly pro vytvoření zaměstnance.,
"All the required items (raw materials) will be fetched from BOM and populated in this table. Here you can also change the Source Warehouse for any item. And during the production, you can track transferred raw materials from this table.",Všechny požadované položky (suroviny) budou načteny z kusovníku a doplněny do této tabulky. Zde můžete také u kterékoli položky změnit zdrojový sklad. Během výroby pak můžete v této tabulce sledovat přesunuté suroviny.,
All these items have already been Invoiced/Returned,Všechny tyto položky již byly vyfakturovány / vráceny,
All Warehouses,Všechny sklady,
All-uppercase is almost as easy to guess as all-lowercase.,Text psaný pouze velkými písmeny je téměř stejně snadné uhodnout jako text psaný pouze malými písmeny.,
Allocate,Přidělit,
Allocate Advances Automatically (FIFO),Automaticky přiřazovat zálohy (FIFO),
Allocate Based On Leave Policy,Přidělovat na základě politiky volna,
Allocate Full Amount to Stock Items,Přiřadit celou částku skladovým položkám,
Allocate Leave,Přidělit volno,
Allocate leaves to {0} employee(s)?,Přidělit volno {0} zaměstnanci/zaměstnancům?,
Allocate on Day,Přidělit ve dni,
Allocate Payment Amount,Přiřadit částku platby,
Allocate Payment Based On Payment Terms,Přiřazovat platbu na základě platebních podmínek,
Allocate Payment Request,Přiřadit žádost o platbu,
Allocated,Přiděleno,
Allocated Amount,Přiřazená částka,
Allocated amount,Přiřazená částka,
Allocated Amount (Company Currency),Přiřazená částka (měna firmy),
Allocated amount cannot be greater than unadjusted amount,Přiřazená částka nemůže být vyšší než nevyrovnaná částka,
Allocated amount cannot be negative,Přiřazená částka nemůže být záporná,
Allocated Entries,Přiřazené záznamy,
Allocated Leaves,Přidělené volno,
Allocated To,Přiděleno komu,
Allocated Via,Přiděleno přes,
Allocating Leave,Přidělování volna,
Allocation,Příděl,
Allocation Date,Datum přídělu,
Allocation Details,Podrobnosti přídělu,
Allocation Expired!,Příděl vypršel!,
Allocation is greater than the maximum allowed {0} for leave type {1},Příděl je vyšší než maximálně povolených {0} u typu volna {1},
Allocation to Adjust,Příděl k úpravě,
Allocation was skipped due to exceeding annual allocation set in leave policy,"Příděl byl přeskočen, protože byl překročen roční příděl nastavený v politice volna",
Allocation was skipped due to maximum leave allocation limit set in leave type. Please increase the limit and retry failed allocation.,Příděl byl přeskočen kvůli maximálnímu limitu přídělu volna nastavenému u typu volna. Zvyšte prosím limit a proveďte neúspěšný příděl znovu.,
Allocations,Příděly,
Allotted Qty,Přidělené množství,
Allow,Povolit,
Allow Account Creation Against Child Company,Povolit vytváření účtů vůči dceřiné firmě,
Allow Alternative Item,Povolit alternativní položku,
Allow Alternative Item must be checked on Item {},U položky {} musí být zaškrtnuto Povolit alternativní položku,
Allow API Indexing Access,Povolit indexovací přístup API,
Allow Auto Repeat,Povolit automatické opakování,
Allow Bulk Edit,Povolit hromadnou úpravu,
Allow Bulk Editing,Povolit hromadné úpravy,
Allow check-out after shift end time (in minutes),Povolit odchod po skončení směny (v minutách),
Allow Clearing Link Fields,Povolit vymazání odkazovacích polí,
Allow comments,Povolit komentáře,
Allow Consecutive Login Attempts,Povolit po sobě jdoucí pokusy o přihlášení,
Allow Continuous Material Consumption,Povolit průběžnou spotřebu materiálu,
Allow delete,Povolit mazání,
Allow delivery of overproduced quantity,Povolit dodání nadvyrobeného množství,
Allow document creation via Email,Povolit vytváření dokladů e-mailem,
Allow editing after submit,Povolit úpravu po odeslání,
Allow Editing of Items and Quantities in Work Order,Povolit úpravu položek a množství ve výrobním příkazu,
Allow editing Price List rate in transactions,Povolit úpravu ceny dle ceníku v transakcích,
Allow Employee Checkin from Mobile App,Povolit příchod/odchod zaměstnance z mobilní aplikace,
Allow Encashment,Povolit proplacení,
Allow events in timeline,Povolit události v časové ose,
Allow Excess Material Transfer,Povolit přesun nadbytečného materiálu,
Allow existing Serial No to be Manufactured/Received again,Povolit opětovnou výrobu/příjem existujícího sériového čísla,
Allow Geolocation Tracking,Povolit sledování polohy,
Allow Google Contacts Access,Povolit přístup ke kontaktům Google,
Allow Guest,Povolit hosta,
Allow Guest to View,Povolit zobrazení hostem,
Allow Guests to Upload Files,Povolit hostům nahrávat soubory,
Allow Implicit Pegged Currency Conversion,Povolit implicitní přepočet napevno vázané měny,
Allow Import (via Data Import Tool),Povolit import (přes nástroj pro import dat),
Allow in Quick Entry,Povolit v rychlém zadání,
Allow In Returns,Povolit u vratek,
Allow incomplete forms,Povolit neúplné formuláře,
Allow internal transfers at user-defined rate,Povolit interní přesuny za uživatelem zadanou cenu,
Allow Item to Be Added Multiple Times in a Transaction,Povolit přidání položky vícekrát v jedné transakci,
Allow Item to be added multiple times in a transaction,Povolit přidání položky vícekrát v jedné transakci,
Allow Lead Duplication based on Emails,Povolit duplicitu potenciálních zákazníků na základě e-mailů,
Allow Leave Application After (Calendar Days),Povolit žádost o volno po (kalendářních dnech),
Allow Login After Fail,Povolit přihlášení po neúspěšném pokusu,
Allow Login using Mobile Number,Povolit přihlášení pomocí mobilního čísla,
Allow Login using User Name,Povolit přihlášení pomocí uživatelského jména,
Allow Modules,Povolit moduly,
Allow multi-currency invoices against single party account,Povolit vícemenové faktury vůči jednomu účtu strany,
Allow Multiple Material Consumption,Povolit vícenásobnou spotřebu materiálu,
Allow multiple responses,Povolit více odpovědí,
Allow multiple Sales Orders against a customer's Purchase Order,Povolit více prodejních objednávek k jedné nákupní objednávce klienta,
Allow Multiple Shift Assignments for Same Date,Povolit více přiřazení směn pro stejné datum,
Allow Negative Balance,Povolit záporný zůstatek,
Allow negative rates for Items,Povolit záporné sazby u položek,
Allow Negative Stock,Povolit záporné skladové zásoby,
Allow negative stock,Povolit záporné skladové zásoby,
Allow Negative Stock for Batch,Povolit záporné skladové zásoby u šarže,
Allow negative stock for Batch,Povolit záporné skladové zásoby u šarže,
Allow on Submit,Povolit při odeslání,
Allow only one session per user,Povolit pouze jednu relaci na uživatele,
Allow Or Restrict Dimension,Povolit nebo omezit dimenzi,
Allow Over Allocation,Povolit nadměrné přidělení,
Allow Overtime,Povolit přesčasy,
Allow page break inside tables,Povolit zalomení stránky uvnitř tabulek,
Allow Partial Payment,Povolit částečnou platbu,
Allow partial reservation,Povolit částečnou rezervaci,
Allow print,Povolit tisk,
Allow Print for Cancelled,Povolit tisk pro stornované,
Allow Print for Draft,Povolit tisk pro koncept,
Allow Production on Holidays,Povolit výrobu o svátcích,
Allow Purchase,Povolit nákup,
Allow purchase invoice creation without purchase order,Povolit vytvoření přijaté faktury bez nákupní objednávky,
Allow purchase invoice creation without purchase receipt,Povolit vytvoření přijaté faktury bez příjemky,
Allow Purchase Order with Zero Quantity,Povolit nákupní objednávku s nulovým množstvím,
Allow Quotation with zero quantity,Povolit nabídku s nulovým množstvím,
Allow Read On All Link Options,Povolit čtení u všech odkazovaných možností,
Allow Rename,Povolit přejmenování,
Allow Rename Attribute Value,Povolit přejmenování hodnoty atributu,
Allow Request for Quotation with Zero Quantity,Povolit poptávku s nulovým množstvím,
Allow Resetting Service Level Agreement,Povolit resetování dohody o úrovni služeb,
Allow Resetting Service Level Agreement from Support Settings.,Povolit resetování dohody o úrovni služeb z Nastavení podpory.,
Allow Roles,Povolit role,
Allow Sales,Povolit prodej,
Allow sales invoice creation without delivery note,Povolit vytvoření vydané faktury bez dodacího listu,
Allow sales invoice creation without sales order,Povolit vytvoření vydané faktury bez prodejní objednávky,
Allow Sales Order creation for expired Quotation,Povolit vytvoření prodejní objednávky pro expirovanou nabídku,
Allow Sales Order with zero quantity,Povolit prodejní objednávku s nulovým množstvím,
Allow same Item to be added multiple times in a transaction,Povolit přidání stejné položky vícekrát v jedné transakci,
Allow Self Approval,Povolit vlastní schválení,
Allow Sending Usage Data for Improving Applications,Povolit odesílání dat o používání za účelem vylepšování aplikací,
Allow sending usage data for improving applications,Povolit odesílání dat o používání za účelem vylepšování aplikací,
Allow Stale Exchange Rates,Povolit zastaralé směnné kurzy,
Allow Supplier Quotation with Zero Quantity,Povolit nabídku dodavatele s nulovým množstvím,
Allow Tax Exemption,Povolit osvobození od daně,
Allow to edit stock UOM qty for Purchase documents,Povolit úpravu množství ve skladové měrné jednotce u nákupních dokladů,
Allow to edit stock UOM qty for Sales documents,Povolit úpravu množství ve skladové měrné jednotce u prodejních dokladů,
Allow to edit stock UOM qty for Stock Entry,Povolit úpravu množství ve skladové měrné jednotce u skladového pohybu,
Allow to make Quality Inspection after Purchase / Delivery,Povolit vytvoření kontroly kvality po nákupu / dodání,
Allow UOM with conversion rate defined in Item,Povolit měrnou jednotku s převodním koeficientem definovaným u položky,
Allow User,Povolit uživatele,
Allow User to Edit Discount,Povolit uživateli upravovat slevu,
Allow User to Edit Rate,Povolit uživateli upravovat cenu,
Allow Users,Povolit uživatele,
Allow Variant UOM to be different from Template UOM,"Povolit, aby se měrná jednotka varianty lišila od měrné jednotky šablony",
Allow Zero Rate,Povolit nulovou sazbu,
Allow Zero Valuation Rate,Povolit nulové ocenění,
Allowed,Povoleno,
Allowed Dimension,Povolená dimenze,
Allowed DocTypes,Povolené DocTypy,
Allowed Doctypes for Guest Uploads,Povolené DocTypy pro nahrávání hosty,
Allowed embedding domains,Povolené domény pro vložení,
Allowed File Extensions,Povolené přípony souborů,
Allowed In Mentions,Povoleno ve zmínkách,
Allowed Modules,Povolené moduly,
Allowed primary roles are 'Customer' and 'Supplier'. Please select one of these roles only.,Povolené primární role jsou „Klient“ a „Dodavatel“. Vyberte prosím pouze jednu z těchto rolí.,
Allowed Public Client Origins,Povolené zdroje veřejného klienta,
Allowed Roles,Povolené role,
Allowed to Transact With,Povoleno obchodovat s,
Allowed to transact with,Povoleno obchodovat s,
Allowed Users,Povolení uživatelé,
Allowed Users is not required as Frappe CRM is already installed on the site.,"Povolení uživatelé nejsou vyžadováni, protože Frappe CRM je na webu již nainstalováno.",
Allowed Users is required for data synchronization from remote Frappe CRM site.,Povolení uživatelé jsou vyžadováni pro synchronizaci dat ze vzdáleného webu Frappe CRM.,
Allows printing or PDF download of documents.,Umožňuje tisk nebo stažení dokladů ve formátu PDF.,
Allows sharing document access with other users.,Umožňuje sdílet přístup k dokladu s ostatními uživateli.,
Allows the user to access reports related to the document.,Umožňuje uživateli přístup k reportům souvisejícím s dokladem.,
Allows the user to create new documents.,Umožňuje uživateli vytvářet nové doklady.,
Allows the user to delete documents.,Umožňuje uživateli mazat doklady.,
Allows the user to edit existing records they have access to.,"Umožňuje uživateli upravovat existující záznamy, ke kterým má přístup.",
Allows the user to email from the document.,Umožňuje uživateli odesílat e-maily z dokladu.,
Allows the user to export data from the Report view.,Umožňuje uživateli exportovat data ze zobrazení reportu.,
Allows the user to search and see records.,Umožňuje uživateli vyhledávat a prohlížet záznamy.,
Allows the user to use Data Import tool to create / update records.,Umožňuje uživateli používat nástroj pro import dat k vytváření/aktualizaci záznamů.,
Allows the user to view the document.,Umožňuje uživateli zobrazit doklad.,
Allows users to enable the mask property for any field of the respective doctype.,Umožňuje uživatelům povolit vlastnost maskování u kteréhokoli pole daného DocTypu.,
Already Imported,Již importováno,
Already in the following Users ToDo list:{0},Již je v seznamu úkolů (ToDo) těchto uživatelů: {0},
Already Picked,Již vychystáno,
Already record exists for the item {0},Pro položku {0} již záznam existuje,
Already Registered,Již registrováno,
"Already set default in pos profile {0} for user {1}, kindly disabled default","V POS profilu {0} je pro uživatele {1} již nastaveno výchozí, zrušte prosím výchozí nastavení",
Also you can't switch back to FIFO after setting the valuation method to Moving Average for this item.,Po nastavení metody ocenění na klouzavý průměr u této položky se také nelze vrátit zpět na FIFO.,
Alt UOM,Alternativní měrná jednotka,
Alternate Item,Alternativní položka,
Alternative Email ID,Alternativní e-mailová adresa,
Alternative For Item,Alternativa pro položku,
Alternative Item Code,Kód alternativní položky,
Alternative item must not be same as item code,Alternativní položka nesmí být stejná jako kód položky,
Alternative Item Name,Název alternativní položky,
Alternative Items,Alternativní položky,
"Alternatively, you can download the template and fill your data in.",Alternativně si můžete stáhnout šablonu a vyplnit do ní svá data.,
"Always add ""Draft"" Heading for printing draft documents",Vždy přidat nadpis „Koncept“ při tisku dokladů ve stavu koncept,
Always BCC Address,Adresa vždy ve skryté kopii (BCC),
Always use this email address as sender address,Vždy použít tuto e-mailovou adresu jako adresu odesílatele,
Always use this name as sender name,Vždy použít toto jméno jako jméno odesílatele,
AMC Expiry (Serial),Konec platnosti AMC (sériové číslo),
AMC Expiry Date,Datum konce platnosti AMC,
Amend,Opravit,
Amended Document Naming Settings,Nastavení pojmenování opravených dokladů,
Amended Documents,Opravené doklady,
Amended From,Opraveno z,
Amendment Naming Override,Přepsání pojmenování opravy,
Amendment naming rules updated.,Pravidla pojmenování oprav byla aktualizována.,
Amendment Not Allowed,Oprava není povolena,
Amount,Částka,
amount,částka,
Amount (AED),Částka (AED),
Amount (Company Currency),Částka (měna firmy),
Amount Based on Formula,Částka na základě vzorce,
Amount based on formula,Částka na základě vzorce,
Amount Delivered,Doručená částka,
Amount Difference,Rozdíl v částce,
Amount Difference with Purchase Invoice,Rozdíl v částce oproti přijaté faktuře,
Amount Eligible for Commission,Částka způsobilá pro provizi,
Amount Exceeds Available Balance,Částka přesahuje dostupný zůstatek,
Amount in Account Currency,Částka v měně účtu,
Amount In Figure,Částka číslicí,
Amount should not be less than zero,Částka by neměla být menší než nula,
Amount to Bill,Částka k fakturaci,
Amount {0} {1} adjusted against {2} {3},Částka {0} {1} vyrovnána vůči {2} {3},
Amount {0} {1} as adjustment to {2},Částka {0} {1} jako vyrovnání k {2},
Amount {0} {1} transferred from {2} to {3},Částka {0} {1} převedena z {2} do {3},
Amount {0} {1} {2} {3},Částka {0} {1} {2} {3},
Amounts,Částky,
Amt,Částka,
An appointment booked through the portal can only be opened via email verification.,Schůzku rezervovanou přes portál lze otevřít pouze prostřednictvím ověření e-mailem.,
An Arrear document already exists for employee {0} with salary structure {1} in payroll period {2},Doklad o nedoplatku pro zaměstnance {0} se mzdovou strukturou {1} ve mzdovém období {2} již existuje,
An attendance record is linked to this checkin. Please cancel the attendance before modifying time.,K tomuto příchodu/odchodu je propojen záznam docházky. Před úpravou času nejprve stornujte docházku.,
An error has been appeared while reposting item valuation via {0},Při opětovném zaúčtování ocenění položky přes {0} došlo k chybě,
An error occurred for certain Items while creating Material Requests based on Re-order level. Please rectify these issues :,U některých položek došlo při vytváření požadavků na materiál na základě úrovně pro doobjednání k chybě. Opravte prosím tyto problémy:,
An error occurred while attempting to log out!,Při pokusu o odhlášení došlo k chybě!,
Analysis Chart,Analytický graf,
Analytical Accounting,Analytické účetnictví,
Analytics,Analytika,
and,a,
"and then ""Add to Home Screen""",a poté „Přidat na plochu“,
Announcement Widget,Widget oznámení,
Announcements,Oznámení,
Annual,Roční,
Annual Allocation,Roční příděl,
Annual Allocation Exceeded,Roční příděl překročen,
Annual Budget for Account {0} against {1} {2} is {3}. It will be collectively ({4}) exceeded by {5},Roční rozpočet pro účet {0} vůči {1} {2} je {3}. Bude souhrnně ({4}) překročen o {5},
Annual Budget for Account {0} against {1}: {2} is {3}. It will be exceeded by {4},Roční rozpočet pro účet {0} vůči {1}: {2} je {3}. Bude překročen o {4},
Annual Expenses,Roční náklady,
Annual Gross Earning,Roční hrubý příjem,
Annual Income,Roční příjem,
Annual Purchase,Roční nákup,
Annual Revenue,Roční obrat,
Annual Salary,Roční mzda,
Annual Sales,Roční prodej,
Annual Taxable Amount,Roční zdanitelná částka,
Anonymization Matrix,Matice anonymizace,
Anonymous responses,Anonymní odpovědi,
Another Budget record '{0}' already exists against {1} '{2}' and account '{3}' with overlapping fiscal years.,Již existuje jiný záznam rozpočtu „{0}“ vůči {1} „{2}“ a účtu „{3}“ s překrývajícími se fiskálními roky.,
"Another Cost Center Allocation record {0} applicable from {1}, hence this allocation will be applicable upto {2}","Existuje jiný záznam alokace nákladového střediska {0} platný od {1}, proto bude tento příděl platný do {2}",
Another Payment Request is already processed,Jiná žádost o platbu je již zpracována,
Another Sales Person {0} exists with the same Employee id,Existuje jiný obchodní zástupce {0} se stejným ID zaměstnance,
"Another {0} with name {1} exists, select another name","Existuje jiný záznam {0} s názvem {1}, vyberte jiný název",
"Any one of following filters required: warehouse, Item Code, Item Group","Je vyžadován alespoň jeden z těchto filtrů: sklad, kód položky, skupina položek",
Any other details,Jakékoli další podrobnosti,
AP Summary,Přehled závazků,
"Apart from System Manager, roles with Set User Permissions right can set permissions for other users for that Document Type.",Kromě role Správce systému mohou oprávnění pro ostatní uživatele u daného typu dokladu nastavit i role s právem Nastavit uživatelská oprávnění.,
API,API,
API Access,Přístup k API,
API Details,Podrobnosti API,
API Endpoint,Koncový bod API,
API Endpoint Args,Argumenty koncového bodu API,
API Endpoint Args should be valid JSON,Argumenty koncového bodu API musí být platný JSON,
API Key,Klíč API,
API Keys,Klíče API,
API Logging,Protokolování API,
API Method,Metoda API,
API Method Path,Cesta metody API,
API Request Log,Protokol požadavků API,
Api Request Log,Protokol požadavků API,
API Secret,Tajný klíč API,
App,Aplikace,
App ID,ID aplikace,
App Logo,Logo aplikace,
App Name,Název aplikace,
App Name (Client Name),Název aplikace (název klienta),
App name is required.,Název aplikace je povinný.,
App not found for module: {0},Aplikace pro modul {0} nebyla nalezena,
App {0} is not installed,Aplikace {0} není nainstalována,
App {} is not installed,Aplikace {} není nainstalována,
Append Emails to Sent Folder,Přidávat e-maily do složky Odeslané,
Append To,Přidat do,
Append To can be one of {0},Přidat do může být jedno z {0},
Applicable Charges,Platné poplatky,
Applicable Dimension,Platná dimenze,
Applicable Document Types,Platné typy dokladů,
Applicable Earnings Component,Platná příjmová složka,
Applicable For,Platí pro,
Applicable for Countries,Platí pro země,
Applicable for Users,Platí pro uživatele,
Applicable if the company is a limited liability company,"Platí, pokud je firma společností s ručením omezeným",
Applicable if the company is an Individual or a Proprietorship,"Platí, pokud je firma fyzickou osobou nebo živnostníkem",
"Applicable if the company is SpA, SApA or SRL","Platí, pokud je firma typu SpA, SApA nebo SRL",
Applicable Modules,Platné moduly,
Applicable On Account,Platí pro účet,
Applicable on Account,Platí pro účet,
Applicable on booking actual expenses,Platí při zaúčtování skutečných nákladů,
Applicable on Cumulative Expense,Platí u kumulativních nákladů,
Applicable on Material Request,Platí u požadavku na materiál,
Applicable on Purchase Order,Platí u nákupní objednávky,
Applicable Salary Components,Platné mzdové složky,
Applicable To (Designation),Platí pro (pracovní pozice),
Applicable To (Employee),Platí pro (zaměstnanec),
Applicable To (Role),Platí pro (role),
Applicable To (User),Platí pro (uživatel),
Applicant Email Address,E-mailová adresa uchazeče,
Applicant Name,Jméno uchazeče,
Applicant name,Jméno uchazeče,
Applicant Rating,Hodnocení uchazeče,
Applicant-to-Hire Percentage,Procento uchazečů přijatých do zaměstnání,
Application,Žádost,
Application is not installed,Aplikace není nainstalována,
Application Logo,Logo aplikace,
Application Name,Název aplikace,
Application of Funds (Assets),Užití zdrojů (aktiva),
Application period cannot be across two allocation records,Období žádosti nemůže zasahovat do dvou přídělů volna,
Application period cannot be outside leave allocation period,Období žádosti nemůže být mimo období přídělu volna,
Application Status,Stav žádosti,
Application Version,Verze aplikace,
Application Web Form Route,Cesta webového formuláře žádosti,
Applied On,Uplatněno dne,
Applied putaway rules.,Byla uplatněna pravidla zaskladnění.,
Applies To,Platí pro,
Applies To (DocType),Platí pro (DocType),
Applies to Company,Platí pro firmu,
Apply Additional Discount On,Uplatnit dodatečnou slevu na,
Apply Discount On,Uplatnit slevu na,
Apply Discount on Discounted Rate,Uplatnit slevu na zlevněnou cenu,
Apply Discount on Rate,Uplatnit slevu na cenu,
Apply document permissions,Uplatnit oprávnění k dokladu,
Apply Filters,Použít filtry,
Apply for Public Holiday,Uplatnit pro státní svátek,
Apply for Weekend,Uplatnit pro víkend,
Apply Module Export Filter,Použít filtr exportu modulu,
Apply Multiple Pricing Rules,Uplatnit více cenových pravidel,
Apply On,Uplatnit na,
Apply Putaway Rule,Uplatnit pravidlo zaskladnění,
Apply Recursion Over (As Per Transaction UOM),Uplatnit rekurzi přes (dle měrné jednotky transakce),
Apply restriction on dimension values,Uplatnit omezení na hodnoty dimenze,
Apply Rule On Brand,Uplatnit pravidlo na značku,
Apply Rule On Item Code,Uplatnit pravidlo na kód položky,
Apply Rule On Item Group,Uplatnit pravidlo na skupinu položek,
Apply Rule On Other,Uplatnit pravidlo na jiné,
Apply SLA for Resolution Time,Uplatnit SLA na dobu vyřešení,
Apply Strict User Permissions,Uplatnit striktní uživatelská oprávnění,
Apply To,Uplatnit na,
Apply To All Document Types,Uplatnit na všechny typy dokladů,
Apply to all Documents Types,Uplatnit na všechny typy dokladů,
Apply to All Inventory Documents,Uplatnit na všechny skladové doklady,
Apply to Document,Uplatnit na doklad,
Apply User Permission On,Uplatnit uživatelské oprávnění na,
Applying: {0},Uplatňování: {0},
Appointment,Schůzka,
Appointment Booking Portal Settings,Nastavení portálu pro rezervaci schůzek,
Appointment Booking Settings,Nastavení rezervace schůzek,
Appointment Booking Slots,Termíny rezervace schůzek,
Appointment can only be scheduled up to {0} day(s) in advance.,Schůzku lze naplánovat nejvýše {0} dní předem.,
Appointment cannot be scheduled for a past time.,Schůzku nelze naplánovat na čas v minulosti.,
Appointment cannot be scheduled on a holiday.,Schůzku nelze naplánovat na svátek.,
Appointment Confirmation,Potvrzení schůzky,
Appointment Confirmed,Schůzka potvrzena,
Appointment Created Successfully,Schůzka byla úspěšně vytvořena,
Appointment Date,Datum schůzky,
Appointment Details,Podrobnosti schůzky,
Appointment Duration (In Minutes),Doba trvání schůzky (v minutách),
Appointment has been closed. Please book the appointment again.,Schůzka byla uzavřena. Zarezervujte prosím schůzku znovu.,
Appointment is already verified.,Schůzka je již ověřena.,
Appointment Letter,Jmenovací dopis,
Appointment Letter Content,Obsah jmenovacího dopisu,
Appointment Letter Template,Šablona jmenovacího dopisu,
Appointment must be scheduled within the available slot timings.,Schůzka musí být naplánována v rámci dostupných časových termínů.,
Appointment Scheduling,Plánování schůzek,
Appointment Scheduling Disabled,Plánování schůzek je zakázáno,
Appointment Scheduling has been disabled for this site,Plánování schůzek bylo pro tento web zakázáno,
Appointment Scheduling needs to be enabled for Appointment Booking through portal.,Pro rezervaci schůzek přes portál musí být povoleno plánování schůzek.,
Appointment With,Schůzka s,
Appointments created manually cannot have 'Unverified' status.,Ručně vytvořené schůzky nemohou mít stav „Neověřeno“.,
Appraisal,Hodnocení,
appraisal,Hodnocení,
Appraisal creation is queued. It may take a few minutes.,Vytvoření hodnocení bylo zařazeno do fronty. Může to trvat několik minut.,
Appraisal Cycle,Cyklus hodnocení,
Appraisal Goal,Cíl hodnocení,
Appraisal KRA,KRA hodnocení,
Appraisal Linking,Propojení hodnocení,
Appraisal Overview,Přehled hodnocení,
Appraisal Template,Šablona hodnocení,
Appraisal Template Goal,Cíl šablony hodnocení,
Appraisal Template Missing,Chybí šablona hodnocení,
Appraisal Template not found for some designations.,U některých pracovních pozic nebyla nalezena šablona hodnocení.,
Appraisal Template Title,Název šablony hodnocení,
Appraisal {0} already exists for Employee {1} for this Appraisal Cycle or overlapping period,Hodnocení {0} pro zaměstnance {1} v tomto cyklu hodnocení nebo v překrývajícím se období již existuje,
Appraisal {0} does not belong to Employee {1},Hodnocení {0} nepatří zaměstnanci {1},
Appraisee,Hodnocený,
Appraisees: {0},Hodnocení: {0},
Apprentice,Učeň,
Approval,Schválení,
Approval Required,Vyžadováno schválení,
Approval Status,Stav schválení,
Approve,Schválit,
Approved,Schváleno,
Approved Claims (This Month),Schválená vyúčtování (tento měsíc),
Approver,Schvalovatel,
Approvers,Schvalovatelé,
Approving Role (above authorized value),Schvalovací role (nad autorizovanou hodnotou),
Approving Role cannot be same as role the rule is Applicable To,"Schvalovací role nemůže být stejná jako role, pro kterou pravidlo platí",
Approving User  (above authorized value),Schvalující uživatel (nad autorizovanou hodnotou),
Approving User cannot be same as user the rule is Applicable To,"Schvalující uživatel nemůže být stejný jako uživatel, pro kterého pravidlo platí",
Apps,Aplikace,
Apps Involved,Zapojené aplikace,
Apr,Dub.,
AR Summary,Přehled pohledávek,
Archive,Archivovat,
Are you sure you want to cancel the invitation?,Opravdu chcete zrušit pozvánku?,
Are you sure you want to delete the attachment,Opravdu chcete smazat přílohu?,
Are you sure you want to delete the {0},Opravdu chcete smazat {0}?,
Are you sure you want to delete {0}?<p>This action will also delete all associated Common Code documents.</p>,Opravdu chcete smazat {0}?<p>Tato akce také smaže všechny přidružené doklady Common Code.</p>,
Are you sure you want to email the selected salary slips?,Opravdu chcete odeslat vybrané výplatní pásky e-mailem?,
Are you sure you want to proceed?,Opravdu chcete pokračovat?,
Are you sure you want to re-enable scheduler?,Opravdu chcete znovu povolit plánovač?,
Are you sure you want to reject the Employee Referral?,Opravdu chcete zamítnout doporučení zaměstnance?,
Are you sure you want to relink this communication to {0}?,Opravdu chcete přepojit tuto komunikaci na {0}?,
Are you sure you want to relink this communication?,Opravdu chcete tuto komunikaci přepojit?,
Are you sure you want to remove all failed jobs?,Opravdu chcete odstranit všechny neúspěšné úlohy?,
Are you sure you want to resend the invitation?,Opravdu chcete znovu odeslat pozvánku?,
Are you sure you want to restart this subscription?,Opravdu chcete toto předplatné restartovat?,
Are you sure you want to revise this budget? The current budget will be cancelled and a new draft will be created.,Opravdu chcete tento rozpočet revidovat? Aktuální rozpočet bude stornován a bude vytvořen nový koncept.,
Are you sure you want to save this document?,Opravdu chcete tento doklad uložit?,
Are you sure?,Opravdu?,
Area,Oblast,
Area UOM,Měrná jednotka plochy,
Arguments,Argumenty,
Arrear,Nedoplatek,
Arrear Component,Složka nedoplatku,
Arrear Component cannot be set for Salary Components based on taxable salary.,Složku nedoplatku nelze nastavit u mzdových složek založených na zdanitelné mzdě.,
Arrear Start Date,Počáteční datum nedoplatku,
Arrears,Nedoplatky,
Arrival Datetime,Datum a čas příjezdu,
Arrival Quantity,Množství při příjezdu,
"As a best practice, do not assign the same set of permission rule to different Roles. Instead, set multiple Roles to the same User.",Doporučeným postupem je nepřiřazovat stejnou sadu pravidel oprávnění různým rolím. Místo toho přiřaďte jednomu uživateli více rolí.,
as a percentage of finished item quantity,jako procento z množství hotového výrobku,
as Code,jako kód,
as Description,jako popis,
"As document sharing is disabled, please give them the required permissions before assigning.","Protože je sdílení dokladů zakázáno, udělte jim prosím před přiřazením potřebná oprávnění.",
as of {0},ke dni {0},
As On Date,Ke dni,
As on Date,Ke dni,
As per your assigned Salary Structure you cannot apply for benefits,Podle vaší přiřazené mzdové struktury nemůžete žádat o benefity,
"As the field {0} is enabled, the field {1} is mandatory.","Protože je pole {0} povoleno, je pole {1} povinné.",
"As the field {0} is enabled, the value of the field {1} should be more than 1.","Protože je pole {0} povoleno, hodnota pole {1} by měla být větší než 1.",
"As there are existing submitted transactions against item {0}, you can not change the value of {1}.","Protože k položce {0} existují odeslané transakce, nelze změnit hodnotu {1}.",
"As there are reserved stock, you cannot disable {0}.","Protože existuje rezervovaná zásoba, nelze {0} zakázat.",
"As there are sufficient raw materials, Material Request is not required for Warehouse {0}.","Protože je k dispozici dostatek surovin, požadavek na materiál pro sklad {0} není nutný.",
"As there are sufficient Sub Assembly Items, Work Order is not required for Warehouse {0}.","Protože je k dispozici dostatek polotovarů, výrobní příkaz pro sklad {0} není nutný.",
as Title,jako název,
"As {0} is enabled, you can not enable {1}.","Protože je povoleno {0}, nelze povolit {1}.",
Assembly Items,Montážní položky,
Asset,Majetek,
asset,Majetek,
Asset Account,Účet majetku,
Asset Activity,Aktivita majetku,
Asset cancelled,Majetek byl stornován,
"Asset cannot be cancelled, as it is already {0}","Majetek nelze stornovat, protože je již {0}",
Asset cannot be scrapped before the last depreciation entry.,Majetek nelze vyřadit do šrotu před posledním odpisovým zápisem.,
Asset Capitalization,Kapitalizace majetku,
Asset Capitalization Asset Item,Položka majetku kapitalizace majetku,
Asset Capitalization Service Item,Položka služby kapitalizace majetku,
Asset Capitalization Stock Item,Skladová položka kapitalizace majetku,
Asset capitalized after Asset Capitalization {0} was submitted,Majetek byl kapitalizován po odeslání kapitalizace majetku {0},
Asset Category,Kategorie majetku,
Asset Category Account,Účet kategorie majetku,
Asset Category is mandatory for Fixed Asset item,Kategorie majetku je povinná u položky typu dlouhodobý majetek,
Asset Category Name,Název kategorie majetku,
Asset created,Majetek byl vytvořen,
Asset created after being split from Asset {0},Majetek byl vytvořen rozdělením z majetku {0},
Asset deleted,Majetek byl smazán,
Asset Depreciation Cost Center,Nákladové středisko odpisů majetku,
Asset Depreciation Ledger,Kniha odpisů majetku,
Asset Depreciation Schedule,Odpisový plán majetku,
Asset Depreciation Schedule for Asset {0} and Finance Book {1} is not using shift based depreciation,Odpisový plán pro majetek {0} a účetní knihu {1} nepoužívá odpisování dle směn,
Asset Depreciation Schedule not found for Asset {0} and Finance Book {1},Odpisový plán pro majetek {0} a účetní knihu {1} nebyl nalezen,
Asset Depreciation Schedule {0} for Asset {1} already exists.,Odpisový plán {0} pro majetek {1} již existuje.,
Asset Depreciation Schedule {0} for Asset {1} and Finance Book {2} already exists.,Odpisový plán {0} pro majetek {1} a účetní knihu {2} již existuje.,
"Asset Depreciation Schedules created/updated:<br>{0}<br><br>Please check, edit if needed, and submit the Asset.","Odpisové plány majetku byly vytvořeny/aktualizovány:<br>{0}<br><br>Zkontrolujte je, případně upravte a majetek odešlete.",
Asset Depreciations and Balances,Odpisy a zůstatky majetku,
Asset Details,Podrobnosti majetku,
Asset Finance Book,Účetní kniha majetku,
Asset ID,ID majetku,
Asset issued to Employee {0},Majetek vydán zaměstnanci {0},
Asset Location,Umístění majetku,
Asset Maintenance,Údržba majetku,
Asset Maintenance Log,Protokol údržby majetku,
Asset Maintenance Task,Úkol údržby majetku,
Asset Maintenance Team,Tým údržby majetku,
Asset Movement,Pohyb majetku,
Asset Movement Item,Položka pohybu majetku,
Asset Movement record {0} created,Byl vytvořen záznam pohybu majetku {0},
Asset Name,Název majetku,
Asset Naming Series,Číselná řada majetku,
Asset out of order due to Asset Repair {0},Majetek je mimo provoz kvůli opravě majetku {0},
Asset Owner,Vlastník majetku,
Asset Owner Company,Firma vlastníka majetku,
Asset Quantity,Množství majetku,
Asset received at Location {0} and issued to Employee {1},Majetek přijat na místě {0} a vydán zaměstnanci {1},
Asset Received But Not Billed,"Majetek přijat, ale nevyfakturován",
Asset Recovery Cost for {0}: {1},Náklady na vymáhání majetku za {0}: {1},
Asset Repair,Oprava majetku,
Asset Repair Consumed Item,Spotřebovaná položka opravy majetku,
Asset Repair Purchase Invoice,Přijatá faktura opravy majetku,
Asset restored,Majetek byl obnoven,
Asset restored after Asset Capitalization {0} was cancelled,Majetek byl obnoven po stornování kapitalizace majetku {0},
Asset returned,Majetek byl vrácen,
Asset scrapped,Majetek byl vyřazen do šrotu,
Asset scrapped via Journal Entry {0},Majetek vyřazen do šrotu prostřednictvím účetního zápisu {0},
Asset Settings,Nastavení majetku,
Asset Shift Allocation,Přiřazení směny majetku,
Asset Shift Factor,Směnový koeficient majetku,
Asset Shift Factor {0} is set as default currently. Please change it first.,Směnový koeficient majetku {0} je aktuálně nastaven jako výchozí. Nejprve ho prosím změňte.,
Asset sold,Majetek byl prodán,
Asset Status,Stav majetku,
Asset submitted,Majetek byl odeslán,
Asset transferred to Location {0},Majetek přesunut na místo {0},
Asset Type,Typ majetku,
Asset updated after being split into Asset {0},Majetek byl aktualizován po rozdělení na majetek {0},
Asset updated due to Asset Repair {0} {1}.,Majetek byl aktualizován kvůli opravě majetku {0} {1}.,
Asset Value,Hodnota majetku,
Asset Value Adjustment,Úprava hodnoty majetku,
Asset Value Adjustment cannot be posted before Asset's purchase date <b>{0}</b>.,Úpravu hodnoty majetku nelze zaúčtovat před datem pořízení majetku <b>{0}</b>.,
Asset Value Analytics,Analytika hodnoty majetku,
"Asset {0} cannot be scrapped, as it is already {1}","Majetek {0} nelze vyřadit do šrotu, protože je již {1}",
Asset {0} does not belong to company {1},Majetek {0} nepatří firmě {1},
Asset {0} does not belong to Item {1},Majetek {0} nepatří položce {1},
Asset {0} does not belong to the custodian {1},Majetek {0} nepatří správci {1},
Asset {0} does not belong to the location {1},Majetek {0} nepatří místu {1},
Asset {0} does not exist,Majetek {0} neexistuje,
Asset {0} has been updated. Please set the depreciation details if any and submit it.,Majetek {0} byl aktualizován. Nastavte prosím případné podrobnosti odpisů a odešlete jej.,
Asset {0} is in {1} status and cannot be repaired.,Majetek {0} je ve stavu {1} a nelze jej opravit.,
Asset {0} is not set to calculate depreciation.,Majetek {0} není nastaven pro výpočet odpisů.,
Asset {0} is not submitted. Please submit the asset before proceeding.,Majetek {0} není odeslán. Před pokračováním prosím majetek odešlete.,
Asset {0} must be submitted,Majetek {0} musí být odeslán,
Asset {assets_link} created for {item_code},Majetek {assets_link} byl vytvořen pro {item_code},
Asset's depreciation schedule updated after Asset Shift Allocation {0},Odpisový plán majetku byl aktualizován po přiřazení směny majetku {0},
Asset's value adjusted after cancellation of Asset Value Adjustment {0},Hodnota majetku byla upravena po stornování úpravy hodnoty majetku {0},
Asset's value adjusted after submission of Asset Value Adjustment {0},Hodnota majetku byla upravena po odeslání úpravy hodnoty majetku {0},
Assets,Majetek,
Assets Allocated,Přidělený majetek,
Assets not created for {item_code}. You will have to create asset manually.,Majetek pro {item_code} nebyl vytvořen. Majetek budete muset vytvořit ručně.,
Assets {assets_link} created for {item_code},Majetky {assets_link} byly vytvořeny pro {item_code},
Assign Condition,Přiřadit podmínku,
Assign Job to Employee,Přiřadit úlohu zaměstnanci,
"Assign one by one, in sequence","Přiřazovat postupně, jednoho po druhém",
Assign Salary Structure to {0} employee(s)?,Přiřadit mzdovou strukturu {0} zaměstnanci/zaměstnancům?,
Assign Shift,Přiřadit směnu,
Assign Shift Schedule,Přiřadit rozvrh směn,
Assign Structure,Přiřadit strukturu,
Assign To,Přiřadit,
Assign to Name,Přiřadit jménu,
Assign to the one who has the least assignments,"Přiřadit tomu, kdo má nejméně přiřazení",
Assign to the user set in this field,Přiřadit uživateli nastavenému v tomto poli,
Assign To Users,Přiřadit uživatelům,
Assigned By,Přiřadil,
Assigned By Full Name,"Celé jméno toho, kdo přiřadil",
Assigned To,Přiřazeno,
Assigned To/Owner,Přiřazeno / vlastník,
Assignee,Přiřazená osoba,
Assigning Salary Structure,Přiřazování mzdové struktury,
Assigning Structure...,Přiřazování struktury...,
Assigning Structures...,Přiřazování struktur...,
Assigning...,Přiřazování...,
Assignment based on,Přiřazení na základě,
Assignment Conditions,Podmínky přiřazení,
Assignment Days,Dny přiřazení,
Assignment for {0} {1},Přiřazení pro {0} {1},
Assignment of {0} removed by {1},Přiřazení {0} bylo odebráno uživatelem {1},
Assignment Rule,Pravidlo přiřazení,
Assignment Rule Day,Den pravidla přiřazení,
Assignment Rule is not allowed on document type {0},Pravidlo přiřazení není u typu dokladu {0} povoleno,
Assignment Rule User,Uživatel pravidla přiřazení,
Assignment Rules,Pravidla přiřazení,
Assignment start date cannot be outside holiday list dates,Počáteční datum přiřazení nemůže být mimo data seznamu svátků,
Assignment Starts From,Přiřazení začíná od,
Assignment Update on {0},Aktualizace přiřazení u {0},
Assignments,Přiřazení,
Associate Job Opening,Přidružit volnou pozici,
Associated Document,Přidružený doklad,
Associated Document Type,Přidružený typ dokladu,
Asynchronous,Asynchronní,
At least one account with exchange gain or loss is required,Je vyžadován alespoň jeden účet s kurzovým ziskem nebo ztrátou,
At least one asset has to be selected.,Musí být vybrán alespoň jeden majetek.,
At least one field is required in Web Form Fields Table,V tabulce polí webového formuláře je vyžadováno alespoň jedno pole,
At least one field of Parent Document Type is mandatory,Alespoň jedno pole nadřazeného typu dokladu je povinné,
At least one interview has to be selected.,Musí být vybrán alespoň jeden pohovor.,
At least one invoice has to be selected.,Musí být vybrána alespoň jedna faktura.,
At least one item should be entered with negative quantity in return document,Ve vratkovém dokladu musí být zadána alespoň jedna položka se záporným množstvím,
At least one mode of payment is required for POS invoice.,Pro POS fakturu je vyžadován alespoň jeden způsob platby.,
At least one of the Applicable Modules should be selected,Musí být vybrán alespoň jeden z platných modulů,
At least one of the Selling or Buying must be selected,Musí být vybráno alespoň jedno z Prodej nebo Nákup,
At least one raw material item must be present in the stock entry for the type {0},Ve skladovém pohybu typu {0} musí být přítomna alespoň jedna surovina,
At least one row is required for a financial report template,Šablona finančního reportu vyžaduje alespoň jeden řádek,
At least one warehouse is mandatory,Alespoň jeden sklad je povinný,
"At row #{0}: the Difference Account must not be a Stock type account, please change the Account Type for the account {1} or select a different account","Na řádku č. {0}: Rozdílový účet nesmí být účet typu Sklad, změňte prosím typ účtu {1} nebo vyberte jiný účet",
At Row #{0}: The picked quantity {1} for the item {2} is greater than available stock {3} for the batch {4} in the warehouse {5}. Please restock the item.,Na řádku č. {0}: Vychystané množství {1} u položky {2} je vyšší než dostupná zásoba {3} u šarže {4} na skladě {5}. Doplňte prosím zásobu položky.,
At Row #{0}: The picked quantity {1} for the item {2} is greater than available stock {3} in the warehouse {4}.,Na řádku č. {0}: Vychystané množství {1} u položky {2} je vyšší než dostupná zásoba {3} na skladě {4}.,
At row #{0}: the sequence id {1} cannot be less than previous row sequence id {2},Na řádku č. {0}: pořadové ID {1} nemůže být menší než pořadové ID {2} předchozího řádku,
"At row #{0}: you have selected the Difference Account {1}, which is a Cost of Goods Sold type account. Please select a different account","Na řádku č. {0}: vybrali jste rozdílový účet {1}, který je účtem typu Náklady na prodané zboží. Vyberte prosím jiný účet",
At row {0}: Batch No is mandatory for Item {1},Na řádku {0}: Číslo šarže je u položky {1} povinné,
At Row {0}: In Serial and Batch Bundle {1} must have docstatus as 1 and not 0,"Na řádku {0}: Balíček sériových čísel a šarží {1} musí mít docstatus 1, nikoli 0",
At row {0}: Parent Row No cannot be set for item {1},Na řádku {0}: Číslo nadřazeného řádku nelze u položky {1} nastavit,
At row {0}: Qty is mandatory for the batch {1},Na řádku {0}: Množství je u šarže {1} povinné,
At row {0}: Serial and Batch Bundle {1} has already created. Please remove the values from the serial no or batch no fields.,Na řádku {0}: Balíček sériových čísel a šarží {1} již byl vytvořen. Odstraňte prosím hodnoty z polí sériového čísla nebo čísla šarže.,
At row {0}: Serial No is mandatory for Item {1},Na řádku {0}: Sériové číslo je u položky {1} povinné,
At row {0}: set Parent Row No for item {1},Na řádku {0}: nastavte číslo nadřazeného řádku u položky {1},
Atleast one raw material for Finished Good Item {0} should be customer provided.,Alespoň jedna surovina pro hotový výrobek {0} musí být dodána klientem.,
Attach CSV File,Připojit soubor CSV,
Attach custom Chart of Accounts file,Připojit vlastní soubor účtové osnovy,
Attach Files,Připojit soubory,
Attach files / urls and add in table.,Připojte soubory / adresy URL a přidejte je do tabulky.,
Attach Package,Připojit balíček,
Attach Print,Připojit výtisk,
Attach Proof,Připojit doklad,
Attached File,Připojený soubor,
Attached To DocType,Připojeno k DocType,
Attached To Field,Připojeno k poli,
Attached To Name,Připojeno k názvu,
Attached To Name must be a string or an integer,Připojeno k názvu musí být řetězec nebo celé číslo,
Attachment,Příloha,
Attachment Gallery filters must target File.,Filtry galerie příloh musí cílit na typ Soubor.,
Attachment Limit (MB),Limit přílohy (MB),
Attachment Limit Reached,Limit příloh byl dosažen,
Attachment Link,Odkaz na přílohu,
Attachment Not Found,Příloha nebyla nalezena,
Attachment Settings,Nastavení příloh,
Attachments,Přílohy,
Attempted,Pokus proveden,
Attendance,Docházka,
Attendance & Leaves,Docházka a volno,
Attendance Calendar,Kalendář docházky,
Attendance Count,Počet docházek,
Attendance Date,Datum docházky,
Attendance date {0} can not be less than employee {1}'s joining date: {2},Datum docházky {0} nemůže být dřívější než datum nástupu zaměstnance {1}: {2},
Attendance Device ID (Biometric/RF tag ID),ID zařízení docházky (ID biometrie / RF tagu),
Attendance for all the employees under this criteria has been marked already.,Docházka pro všechny zaměstnance splňující tato kritéria již byla zaznamenána.,
Attendance for employee {0} is already marked for an overlapping shift {1}: {2},Docházka pro zaměstnance {0} je již zaznamenána pro překrývající se směnu {1}: {2},
Attendance for employee {0} is already marked for the date {1}: {2},Docházka pro zaměstnance {0} je již zaznamenána pro datum {1}: {2},
Attendance for employee {0} is already marked for the following dates: {1},Docházka pro zaměstnance {0} je již zaznamenána pro tato data: {1},
Attendance for the following dates will be skipped/overwritten on submission,Docházka pro následující data bude při odeslání přeskočena/přepsána,
Attendance from {0} to {1} has already been marked for the Employee {2},Docházka od {0} do {1} je pro zaměstnance {2} již zaznamenána,
Attendance ID,ID docházky,
Attendance Marked,Docházka zaznamenána,
Attendance marked successfully,Docházka byla úspěšně zaznamenána,
Attendance marked successfully.,Docházka byla úspěšně zaznamenána.,
Attendance not submitted for {0} as it is a Holiday.,"Docházka pro {0} nebyla odeslána, protože se jedná o svátek.",
Attendance not submitted for {0} as {1} is on leave.,"Docházka pro {0} nebyla odeslána, protože {1} je na volnu.",
Attendance Request,Žádost o docházku,
Attendance Request History,Historie žádostí o docházku,
Attendance Settings,Nastavení docházky,
Attendance Updated,Docházka aktualizována,
Attendance Warnings,Upozornění na docházku,
Attendee not found in this event.,Účastník nebyl v této události nalezen.,
Attendees,Účastníci,
Attending,Zúčastní se,
Attribute,Atribut,
Attribute Name,Název atributu,
Attribute table is mandatory,Tabulka atributů je povinná,
Attribute Value,Hodnota atributu,
Attribute Value {0} is not valid for the selected attribute {1}.,Hodnota atributu {0} není platná pro vybraný atribut {1}.,
Attribute value: {0} must appear only once,Hodnota atributu {0} se smí vyskytovat pouze jednou,
Attribute {0} is disabled.,Atribut {0} je zakázán.,
Attribute {0} is not valid for the selected template.,Atribut {0} není pro vybranou šablonu platný.,
Attribute {0} selected multiple times in Attributes Table,Atribut {0} je v tabulce atributů vybrán vícekrát,
Attributes,Atributy,
Attrition Count,Počet odchodů,
Audit System Hooks,Audit systémových hooků,
Audit Trail,Auditní stopa,
Audits,Audity,
Aug,Srp.,
Auth URL Data,Data autorizační URL,
Auth URL data should be valid JSON,Data autorizační URL musí být platný JSON,
Authenticate as Service Principal,Ověřit se jako Service Principal,
Authentication,Ověření,
Authentication Failed,Ověření se nezdařilo,
Authentication failed while receiving emails from Email Account: {0}.,Ověření se nezdařilo při přijímání e-mailů z e-mailového účtu: {0}.,
Author,Autor,
Authorised By,Autorizoval,
Authorization,Autorizace,
Authorization Code,Autorizační kód,
Authorization Control,Kontrola autorizace,
Authorization POST requests must use application/x-www-form-urlencoded,Autorizační POST požadavky musí používat application/x-www-form-urlencoded,
Authorization Rule,Autorizační pravidlo,
Authorization URI,Autorizační URI,
Authorize API Access,Autorizovat přístup k API,
Authorize API Indexing  Access,Autorizovat indexovací přístup k API,
Authorize Google Calendar Access,Autorizovat přístup ke Google Kalendáři,
Authorize Google Contacts Access,Autorizovat přístup ke kontaktům Google,
Authorize URL,Autorizační URL,
Authorized Value,Autorizovaná hodnota,
Auto assignment failed: {0},Automatické přiřazení se nezdařilo: {0},
Auto Attendance Settings,Nastavení automatické docházky,
Auto create assets on purchase,Automaticky vytvořit majetek při nákupu,
Auto Create Exchange Rate Revaluation,Automaticky vytvořit přecenění směnného kurzu,
Auto create Purchase Receipt,Automaticky vytvořit příjemku,
Auto create Serial and Batch Bundle for outward,Automaticky vytvořit balíček sériových čísel a šarží pro výdej,
Auto create Subcontracting Order,Automaticky vytvořit objednávku subdodávky,
Auto Created,Vytvořeno automaticky,
Auto Created (Reorder),Vytvořeno automaticky (doobjednání),
Auto Created Serial and Batch Bundle,Automaticky vytvořený balíček sériových čísel a šarží,
Auto Creation of Contact,Automatické vytváření kontaktu,
Auto Email Report,Automatický e-mailový report,
Auto Fetch Serial Numbers,Automaticky načíst sériová čísla,
Auto follow documents that are assigned to you,"Automaticky sledovat doklady, které jsou vám přiřazeny",
Auto follow documents that are shared with you,"Automaticky sledovat doklady, které jsou s vámi sdíleny",
Auto follow documents that you comment on,"Automaticky sledovat doklady, ke kterým přidáváte komentáře",
Auto follow documents that you create,"Automaticky sledovat doklady, které vytváříte",
Auto follow documents that you Like,"Automaticky sledovat doklady, které se vám líbí",
Auto insert Item Price if missing,"Automaticky vložit cenu položky, pokud chybí",
Auto Leave Encashment,Automatické proplacení volna,
Auto Material Request,Automatický požadavek na materiál,
Auto Material Requests Generated,Automatické požadavky na materiál byly vygenerovány,
Auto Name,Automatický název,
Auto Opt In (For all customers),Automatické zapojení (pro všechny klienty),
Auto re-order,Automatické doobjednání,
Auto Reconcile,Automaticky odsouhlasit,
Auto reconcile Payments,Automaticky odsouhlasit platby,
Auto Reconciliation,Automatické odsouhlasení,
Auto Reconciliation has started in the background,Automatické odsouhlasení bylo spuštěno na pozadí,
Auto Reconciliation job trigger,Spouštěč úlohy automatického odsouhlasení,
Auto Reconciliation of Payments has been disabled. Enable it through {0},Automatické odsouhlasení plateb bylo zakázáno. Povolte jej přes {0},
Auto Repeat,Automatické opakování,
Auto Repeat Day,Den automatického opakování,
Auto Repeat Day{0} {1} has been repeated.,Den automatického opakování {0} {1} byl zopakován.,
Auto Repeat Detail,Podrobnosti automatického opakování,
Auto Repeat Document Creation Failed,Vytvoření dokladu automatického opakování se nezdařilo,
Auto Repeat failed for {0},Automatické opakování se nezdařilo pro {0},
Auto repeat failed. Please enable auto repeat after fixing the issues.,Automatické opakování se nezdařilo. Po opravě problémů jej prosím znovu povolte.,
Auto Repeat Schedule,Rozvrh automatického opakování,
Auto repeat skipped. The owner cannot access the reference document.,Automatické opakování bylo přeskočeno. Vlastník nemá přístup k referenčnímu dokladu.,
Auto Repeat User,Uživatel automatického opakování,
Auto Reply,Automatická odpověď,
Auto Reply Message,Zpráva automatické odpovědi,
Auto Repost Incorrect Valuation Entries (Weekly),Automaticky opětovně zaúčtovat nesprávné zápisy ocenění (týdně),
Auto Reposting of Incorrect Valuation,Automatické opětovné zaúčtování nesprávného ocenění,
Auto reserve Serial and Batch Nos,Automaticky rezervovat sériová čísla a šarže,
Auto reserve stock,Automaticky rezervovat zásobu,
Auto reserve Stock for Sales Order on Purchase,Automaticky rezervovat zásobu pro prodejní objednávku při nákupu,
Auto Tax Settings Error,Chyba automatického nastavení daní,
Auto User Creation Error,Chyba automatického vytvoření uživatele,
Automatic Leave Allocation has failed for the following Earned Leaves: {0}. Please check {1} for more details.,Automatický příděl volna se nezdařil u těchto typů nárokového volna: {0}. Podrobnosti naleznete v {1}.,
Automatic Linking can be activated only for one Email Account.,Automatické propojování lze aktivovat pouze pro jeden e-mailový účet.,
Automatic Linking can be activated only if Incoming is enabled.,"Automatické propojování lze aktivovat pouze v případě, že je povoleno přijímání.",
Automatic sending of emails is disabled via site config.,Automatické odesílání e-mailů je zakázáno v konfiguraci webu.,
Automatically Add Filtered Item To Cart,Automaticky přidat filtrovanou položku do košíku,
Automatically add Taxes and Charges from Item Tax Template,Automaticky přidat daně a poplatky ze šablony daně položky,
Automatically add taxes from Taxes and Charges Template,Automaticky přidat daně ze šablony daní a poplatků,
Automatically Create New Batch,Automaticky vytvořit novou šarži,
Automatically delete account within (hours),Automaticky smazat účet do (hodin),
Automatically fetch Payment Terms from Order/Quotation,Automaticky načíst platební podmínky z objednávky/nabídky,
Automatically post balancing accounting entry,Automaticky zaúčtovat vyrovnávací účetní zápis,
Automatically process deferred Accounting entry,Automaticky zpracovat odložený účetní zápis,
Automatically run rules on unreconciled transactions,Automaticky spustit pravidla na neodsouhlasené transakce,
Automatically update Last Sync of Checkin,Automaticky aktualizovat poslední synchronizaci příchodu/odchodu,
Automation,Automatizace,
Availability Of Slots,Dostupnost termínů,
Availability of Slots,Dostupnost termínů,
Available,Dostupné,
Available / Future Inventory,Dostupné / budoucí zásoby,
Available Batch Qty at From Warehouse,Dostupné množství šarže na zdrojovém skladu,
Available Batch Qty at Warehouse,Dostupné množství šarže na skladě,
Available Batch Report,Report dostupných šarží,
Available For Use Date,Datum uvedení do používání,
Available for Use Date,Datum uvedení do používání,
Available for use date is required,Datum uvedení do používání je povinné,
Available Leave(s),Dostupné volno,
Available Leaves,Dostupné volno,
Available Qty,Dostupné množství,
Available Qty at Company,Dostupné množství ve firmě,
Available Qty at Source Warehouse,Dostupné množství na zdrojovém skladu,
Available Qty at Target Warehouse,Dostupné množství na cílovém skladu,
Available Qty at Warehouse,Dostupné množství na skladě,
Available Qty at WIP Warehouse,Dostupné množství na skladu nedokončené výroby,
Available Qty For Consumption,Dostupné množství pro spotřebu,
Available Qty to Reserve,Dostupné množství k rezervaci,
Available Quantity,Dostupné množství,
"Available quantity is {0}, you need {1}","Dostupné množství je {0}, potřebujete {1}",
Available Serial No,Dostupné sériové číslo,
Available Stock,Dostupná zásoba,
Available Stock for Packing Items,Dostupná zásoba pro balicí položky,
Available {0},Dostupné {0},
Available-for-use Date should be after purchase date,Datum uvedení do používání by mělo být po datu pořízení,
average,průměr,
Average Age,Průměrné stáří,
Average Completion,Průměrné dokončení,
Average Feedback Score,Průměrné hodnocení zpětné vazby,
Average Order Value,Průměrná hodnota objednávky,
Average Order Values,Průměrné hodnoty objednávek,
Average Rate,Průměrná sazba,
Average Rating,Průměrné hodnocení,
Average Response Time,Průměrná doba odezvy,
Average Sales Order Value,Průměrná hodnota prodejní objednávky,
Avg Daily Outgoing,Průměrný denní výdej,
Avg Feedback Score,Prům. hodnocení zpětné vazby,
Avg Rate,Prům. sazba,
Avg Rate (Balance Stock),Prům. sazba (zůstatková zásoba),
Avg Utilization,Prům. využití,
Avg Utilization (Billed Only),Prům. využití (pouze fakturované),
Avg. Buying Price List Rate,Prům. nákupní cena dle ceníku,
Avg. Selling Price List Rate,Prům. prodejní cena dle ceníku,
Avg. Selling Rate,Prům. prodejní cena,
Avoid dates and years that are associated with you.,"Vyhněte se datům a rokům, které jsou s vámi spojeny.",
Avoid recent years.,Vyhněte se nedávným rokům.,
Avoid sequences like abc or 6543 as they are easy to guess,"Vyhněte se posloupnostem jako abc nebo 6543, protože je snadné je uhodnout",
Avoid years that are associated with you.,"Vyhněte se rokům, které jsou s vámi spojeny.",
Awaiting Password,Čeká se na heslo,
Awaiting password,Čeká se na heslo,
AWB Number,Číslo AWB,
Back to Login,Zpět na přihlášení,
Backdated Leave Application is restricted. Please set the {} in {},Zpětně datovaná žádost o volno je omezena. Nastavte prosím {} v {},
Backdated Stock Entry,Zpětně datovaný skladový pohyb,
Backflush Materials From WIP Warehouse,Zpětně odečítat materiál ze skladu nedokončené výroby,
Backflush Raw Materials,Zpětně odečítat suroviny,
Backflush Raw Materials Based On,Zpětně odečítat suroviny na základě,
Backflush Raw Materials From Work-in-Progress Warehouse,Zpětně odečítat suroviny ze skladu nedokončené výroby,
Backflush raw materials of subcontract based on,Zpětně odečítat suroviny subdodávky na základě,
Background Color,Barva pozadí,
Background Image,Obrázek na pozadí,
Background Job,Úloha na pozadí,
Background Jobs,Úlohy na pozadí,
Background Jobs Check,Kontrola úloh na pozadí,
Background Jobs Queue,Fronta úloh na pozadí,
Background Workers,Workeři na pozadí,
Backup Encryption Key,Šifrovací klíč zálohy,
Backup job is already queued. You will receive an email with the download link,Úloha zálohování je již zařazena do fronty. Obdržíte e-mail s odkazem ke stažení,
Backups,Zálohy,
Backups (MB),Zálohy (MB),
Bad Cron Expression,Neplatný výraz cron,
Balance,Zůstatek,
balance,zůstatek,
Balance ({0}),Zůstatek ({0}),
Balance for Account {0} must always be {1},Zůstatek účtu {0} musí být vždy {1},
Balance In Account Currency,Zůstatek v měně účtu,
Balance In Base Currency,Zůstatek v základní měně,
Balance must be,Zůstatek musí být,
Balance Qty,Zůstatkové množství,
Balance Qty (Alt UOM),Zůstatkové množství (alternativní měrná jednotka),
Balance Qty (Stock),Zůstatkové množství (sklad),
Balance Serial No,Zůstatkové sériové číslo,
Balance Sheet,Rozvaha,
Balance Sheet Closing Balance,Konečný zůstatek rozvahy,
Balance Sheet requires {0} to be synced to DuckDB,Rozvaha vyžaduje synchronizaci {0} s DuckDB,
Balance Sheet Summary,Přehled rozvahy,
Balance Stock Qty,Zůstatkové skladové množství,
Balance Stock Value,Zůstatková hodnota skladu,
Balance Type,Typ zůstatku,
Balance Type is required for Account Data,Typ zůstatku je pro data účtu povinný,
Balance Value,Hodnota zůstatku,
Bank,Banka,
Bank / Cash Account,Bankovní / pokladní účet,
Bank A/C No.,Číslo bankovního účtu,
Bank Account,Bankovní účet,
Bank Account Balance,Zůstatek bankovního účtu,
Bank account cannot be named as {0},Bankovní účet nelze pojmenovat {0},
Bank Account Details,Podrobnosti bankovního účtu,
Bank Account Info,Informace o bankovním účtu,
Bank Account No,Číslo bankovního účtu,
Bank Account Subtype,Podtyp bankovního účtu,
Bank Account Type,Typ bankovního účtu,
Bank account {0} already exists and could not be created again,Bankovní účet {0} již existuje a nelze jej vytvořit znovu,
Bank Account {} in Bank Transaction {} is not matching with Bank Account {},Bankovní účet {} v bankovní transakci {} neodpovídá bankovnímu účtu {},
Bank Accounts,Bankovní účty,
Bank accounts added,Bankovní účty byly přidány,
Bank Balance,Zůstatek na bankovním účtu,
Bank Charges,Bankovní poplatky,
Bank Charges Account,Účet bankovních poplatků,
Bank Clearance,Bankovní zúčtování,
Bank Clearance Detail,Podrobnosti bankovního zúčtování,
Bank Clearance Summary,Přehled bankovního zúčtování,
Bank Credit Balance,Kreditní zůstatek banky,
Bank Details,Podrobnosti banky,
Bank Draft,Bankovní směnka,
Bank Entries,Bankovní zápisy,
Bank Entry Type,Typ bankovního zápisu,
Bank Guarantee,Bankovní záruka,
Bank Guarantee Number,Číslo bankovní záruky,
Bank Guarantee Type,Typ bankovní záruky,
Bank Name,Název banky,
Bank Overdraft Account,Účet kontokorentu,
Bank Reconciliation,Bankovní odsouhlasení,
Bank Reconciliation Statement,Výkaz bankovního odsouhlasení,
Bank Reconciliation Tool,Nástroj bankovního odsouhlasení,
Bank Remittance,Bankovní převod,
Bank Statement balance as per General Ledger,Zůstatek bankovního výpisu dle hlavní knihy,
Bank Statement Import,Import bankovního výpisu,
Bank Statement Import Log,Protokol importu bankovního výpisu,
Bank Statement Import Log Column Map,Mapa sloupců protokolu importu bankovního výpisu,
Bank Transaction,Bankovní transakce,
Bank transaction creation error,Chyba při vytváření bankovní transakce,
Bank Transaction Mapping,Mapování bankovní transakce,
Bank Transaction Payments,Platby bankovní transakce,
Bank Transaction Rule,Pravidlo bankovní transakce,
Bank Transaction Rule Accounts,Účty pravidla bankovní transakce,
Bank Transaction Rule Description Conditions,Podmínky popisu pravidla bankovní transakce,
Bank Transaction {0} is already fully reconciled,Bankovní transakce {0} je již plně odsouhlasena,
Bank/Cash Account,Bankovní/pokladní účet,
Bank/Cash Account {0} doesn't belong to company {1},Bankovní/pokladní účet {0} nepatří firmě {1},
Banking,Bankovnictví,
Banner,Banner,
Banner HTML,HTML banneru,
Banner Image,Obrázek banneru,
Barcode,Čárový kód,
Barcode Type,Typ čárového kódu,
Barcode {0} already used in Item {1},Čárový kód {0} je již použit u položky {1},
Barcode {0} is not a valid {1} code,Čárový kód {0} není platný kód {1},
Barcodes,Čárové kódy,
Base,Základ,
base,základ,
Base Amount,Základní částka,
Base Amount (Company Currency),Základní částka (měna firmy),
Base Change Amount (Company Currency),Základní vrácená částka (měna firmy),
Base Cost (Company Currency),Základní náklady (měna firmy),
Base Cost Per Unit,Základní náklady na jednotku,
Base Distinguished Name (DN),Základní rozlišující název (DN),
Base Hour Rate(Company Currency),Základní hodinová sazba (měna firmy),
Base Rate,Základní sazba,
Base Tax Withheld,Základní sražená daň,
Base Taxable Amount,Základní zdanitelná částka,
Base Total Billable Amount,Základní celková fakturovatelná částka,
Base Total Billed Amount,Základní celková fakturovaná částka,
Base Total Costing Amount,Základní celková nákladová částka,
Base URL,Základní URL,
"Base, Variable & Leave Encashment","Základ, variabilní složka a proplacení volna",
Based On,Na základě,
Based On Data ( in years ),Na základě dat (v letech),
Based On Document,Na základě dokladu,
Based On Payment Terms,Na základě platebních podmínek,
Based on Permissions For User,Na základě oprávnění pro uživatele,
Based On Value,Na základě hodnoty,
"Based on your HR Policy, select your leave allocation period's end date",Podle vaší personální politiky vyberte koncové datum období přídělu volna,
"Based on your HR Policy, select your leave allocation period's start date",Podle vaší personální politiky vyberte počáteční datum období přídělu volna,
Basic,Základní,
Basic Amount,Základní částka,
Basic Info,Základní informace,
Basic Rate (as per Stock UOM),Základní cena (dle skladové měrné jednotky),
Basic Rate (Company Currency),Základní cena (měna firmy),
Batch,Šarže,
Batch and Serial No,Šarže a sériové číslo,
Batch Description,Popis šarže,
Batch Details,Podrobnosti šarže,
Batch Expiry Date,Datum expirace šarže,
Batch ID,ID šarže,
Batch ID is mandatory,ID šarže je povinné,
Batch Item Expiry Status,Stav expirace položky šarže,
Batch Item settings,Nastavení položky šarže,
Batch No,Číslo šarže,
Batch No is mandatory,Číslo šarže je povinné,
Batch No {0} does not exists,Šarže {0} neexistuje,
Batch No {0} is linked with Item {1} which has serial no. Please scan serial no instead.,"Šarže {0} je propojena s položkou {1}, která má sériové číslo. Naskenujte prosím místo toho sériové číslo.",
"Batch No {0} is not present in the original {1} {2}, hence you can't return it against the {1} {2}","Šarže {0} není přítomna v původním dokladu {1} {2}, proto ji nelze vrátit vůči {1} {2}",
Batch No.,Č. šarže,
Batch Nos,Šarže,
Batch Nos are created successfully,Šarže byly úspěšně vytvořeny,
Batch Not Available for Return,Šarže není k dispozici pro vrácení,
Batch not created for item {} since it does not have a batch series.,"Šarže pro položku {} nebyla vytvořena, protože nemá číselnou řadu šarží.",
Batch Number Series,Číselná řada šarží,
Batch Qty,Množství šarže,
Batch Qty updated successfully,Množství šarže bylo úspěšně aktualizováno,
Batch Qty updated to {0},Množství šarže aktualizováno na {0},
Batch Quantity,Množství šarže,
Batch Size,Velikost šarže,
Batch UOM,Měrná jednotka šarže,
Batch {0} and Warehouse,Šarže {0} a sklad,
Batch {0} is not available in warehouse {1},Šarže {0} není k dispozici na skladě {1},
Batch {0} of Item {1} has expired.,Šarže {0} položky {1} expirovala.,
Batch {0} of Item {1} is disabled.,Šarže {0} položky {1} je zakázána.,
Batch-Wise Balance History,Historie zůstatků dle šarží,
Batchwise Valuation,Ocenění dle šarží,
BCC,Skrytá kopie (BCC),
Before,Před,
Before reconciliation,Před odsouhlasením,
Begin check-in before shift start time (in minutes),Umožnit příchod před začátkem směny (v minutách),
Begin On (Days),Začíná (dny),
Below is the list of upcoming holidays for you:,Níže je seznam nadcházejících svátků pro vás:,
Below Subscription Plans are of different currency to the party default billing currency/Company currency: {0},Následující plány předplatného mají jinou měnu než výchozí fakturační měna strany / měna firmy: {0},
Benefit,Benefit,
Benefit Amount,Částka benefitu,
Benefit amount of component {0} exceeds {1},Částka benefitu složky {0} přesahuje {1},
Benefit amount of component {0} should be greater than 0,Částka benefitu složky {0} by měla být větší než 0,
Benefit amount {0} for Salary Component {1} should not be greater than maximum benefit amount {2} set in {3},Částka benefitu {0} u mzdové složky {1} by neměla být vyšší než maximální částka benefitu {2} nastavená v {3},
Benefit Application,Žádost o benefit,
Benefit Claim,Nárok na benefit,
Benefit Details,Podrobnosti benefitu,
Benefits,Benefity,
Beta,Beta,
Better add a few more letters or another word,Přidejte prosím ještě několik písmen nebo další slovo,
Bill Amount,Částka faktury,
Bill Date,Datum faktury,
Bill for rejected quantity in Purchase Invoice,Fakturovat zamítnuté množství v přijaté faktuře,
Bill No,Číslo faktury,
Bill of Materials,Kusovník,
Billed,Fakturováno,
Billed Amount,Fakturovaná částka,
Billed Amt,Fakturovaná částka,
Billed Hours,Fakturované hodiny,
Billed Hours (B),Fakturované hodiny (B),
Billed Items To Be Received,Fakturované položky k přijetí,
Billed Qty,Fakturované množství,
"Billed, Received & Returned","Fakturováno, přijato a vráceno",
Billing,Fakturace,
Billing Address,Fakturační adresa,
Billing Address Details,Podrobnosti fakturační adresy,
Billing Address does not belong to the {0},Fakturační adresa nepatří {0},
Billing Address Name,Název fakturační adresy,
Billing Amount,Fakturovaná částka,
Billing City,Fakturační město,
Billing Country,Fakturační země,
Billing County,Fakturační kraj/okres,
Billing Currency,Fakturační měna,
Billing currency must be equal to either default company's currency or party account currency,"Fakturační měna musí odpovídat buď výchozí měně firmy, nebo měně účtu strany",
Billing Details,Fakturační údaje,
Billing Email,Fakturační e-mail,
Billing Hours,Fakturované hodiny,
Billing Interval,Fakturační interval,
Billing Interval Count,Počet fakturačních intervalů,
Billing Interval Count cannot be less than 1,Počet fakturačních intervalů nemůže být menší než 1,
Billing Interval in Subscription Plan must be Month to follow calendar months,"Fakturační interval v plánu předplatného musí být Měsíc, aby odpovídal kalendářním měsícům",
Billing Rate,Fakturační sazba,
Billing State,Fakturační kraj,
Billing Status,Fakturační stav,
Billing Zipcode,Fakturační PSČ,
Bin,Skladová karta,
BIN Qty,Množství skladové karty,
Bin Values Recalculated,Hodnoty skladových karet byly přepočítány,
Binary Logging,Binární protokolování,
Bio / Cover Letter,Životopis / motivační dopis,
Birth Date,Datum narození,
Birthday Reminder,Připomínka narozenin,
Birthday Reminder 🎂,Připomínka narozenin 🎂,
Birthdays,Narozeniny,
Bisect Accounting Statements,Bisekce účetních výkazů,
Bisect Left,Bisekce vlevo,
Bisect Nodes,Uzly bisekce,
Bisect Right,Bisekce vpravo,
Bisecting From,Bisekce od,
Bisecting Left ...,Bisekce vlevo…,
Bisecting Right ...,Bisekce vpravo…,
Bisecting To,Bisekce do,
Black,Černá,
Blanket Order,Rámcová objednávka,
Blanket Order Allowance (%),Tolerance rámcové objednávky (%),
Blanket Order Item,Položka rámcové objednávky,
Blanket Order Rate,Cena rámcové objednávky,
Blanket Orders,Rámcové objednávky,
Block Date,Blokované datum,
Block Days,Blokované dny,
Block Invoice,Blokovat fakturu,
Block Module,Blokovat modul,
Block Modules,Blokovat moduly,
Block Supplier,Blokovat dodavatele,
Blog Subscriber,Odběratel blogu,
Blood Group,Krevní skupina,
Blue,Modrá,
Boarding Status,Stav nástupu,
Body,Tělo zprávy,
Body and Closing Text Help,Nápověda k tělu a závěrečnému textu,
Body Text,Text těla,
Bold,Tučné,
Bold Text,Tučný text,
BOM,Kusovník,
BOM 1,Kusovník 1,
BOM 1 {0} and BOM 2 {1} should not be same,Kusovník 1 {0} a kusovník 2 {1} by neměly být stejné,
BOM 2,Kusovník 2,
BOM and Finished Good Quantity is mandatory for Disassembly,Kusovník a množství hotového výrobku jsou u demontáže povinné,
BOM and Production,Kusovník a výroba,
BOM Comparison Tool,Nástroj pro porovnání kusovníků,
BOM Component,Složka kusovníku,
BOM Configuration,Konfigurace kusovníku,
BOM Created,Kusovník byl vytvořen,
BOM Creator,Tvůrce kusovníku,
BOM Creator Item,Položka tvůrce kusovníku,
BOM Creator Item with name {0} does not exist,Položka tvůrce kusovníku s názvem {0} neexistuje,
BOM Detail No,Č. podrobnosti kusovníku,
BOM does not contain any stock item,Kusovník neobsahuje žádnou skladovou položku,
BOM Explorer,Prohlížeč kusovníku,
BOM Explosion Item,Rozpad položky kusovníku,
BOM ID,ID kusovníku,
BOM Info,Informace o kusovníku,
BOM Item,Položka kusovníku,
BOM Level,Úroveň kusovníku,
BOM No,Číslo kusovníku,
BOM No (For Semi-Finished Goods),Číslo kusovníku (pro polotovary),
BOM Operation,Operace kusovníku,
BOM Operations Time,Čas operací kusovníku,
BOM Output,Výstup kusovníku,
BOM Rate,Cena kusovníku,
BOM recursion: {0} cannot be child of {1},Rekurze kusovníku: {0} nemůže být podřízený prvek {1},
BOM recursion: {1} cannot be parent or child of {0},Rekurze kusovníku: {1} nemůže být nadřazený ani podřízený prvek {0},
BOM Search,Vyhledávání kusovníku,
BOM Secondary Item,Vedlejší položka kusovníku,
BOM Secondary Item Reference,Odkaz na vedlejší položku kusovníku,
BOM Stock Analysis,Skladová analýza kusovníku,
BOM Tree,Strom kusovníku,
BOM Update Batch,Dávka aktualizace kusovníku,
BOM Update Initiated,Aktualizace kusovníku byla zahájena,
BOM Update Log,Protokol aktualizace kusovníku,
BOM Update Tool,Nástroj pro aktualizaci kusovníku,
BOM Updation already in progress. Please wait until {0} is complete.,"Aktualizace kusovníku již probíhá. Počkejte prosím, až bude {0} dokončeno.",
BOM Updation is queued and may take a few minutes. Check {0} for progress.,Aktualizace kusovníku byla zařazena do fronty a může trvat několik minut. Průběh zkontrolujte v {0}.,
BOM Variance Report,Report odchylek kusovníku,
BOM Website Item,Webová položka kusovníku,
BOM Website Operation,Webová operace kusovníku,
BOM {0} does not belong to Item {1},Kusovník {0} nepatří položce {1},
BOM {0} must be active,Kusovník {0} musí být aktivní,
BOM {0} must be submitted,Kusovník {0} musí být odeslán,
BOM {0} not found for the item {1},Kusovník {0} pro položku {1} nebyl nalezen,
Boms,Kusovníky,
BOMs created successfully,Kusovníky byly úspěšně vytvořeny,
BOMs creation failed,Vytvoření kusovníků se nezdařilo,
"BOMs creation has been enqueued, kindly check the status after some time","Vytvoření kusovníků bylo zařazeno do fronty, zkontrolujte prosím stav za chvíli",
BOMs Updated,Kusovníky byly aktualizovány,
Bonus,Bonus,
Bonus Amount,Částka bonusu,
Bonus Payment Date,Datum výplaty bonusu,
Bonus Payment Date cannot be a past date,Datum výplaty bonusu nemůže být datum v minulosti,
Book Advance Payments as Liability option is chosen. Paid From account changed from {0} to {1}.,Je vybrána možnost Zaúčtovat zálohové platby jako závazek. Účet Placeno z byl změněn z {0} na {1}.,
Book Advance Payments in Separate Party Account,Zaúčtovat zálohové platby na samostatný účet strany,
Book Asset Depreciation entry automatically,Automaticky zaúčtovat zápis odpisu majetku,
Book Deferred entries based on,Zaúčtovat odložené zápisy na základě,
Book deferred entries via Journal Entry,Zaúčtovat odložené zápisy prostřednictvím účetního zápisu,
Book Stock Expense GL Entries,Zaúčtovat skladové nákladové zápisy do hlavní knihy,
Book tax loss on early payment discount,Zaúčtovat daňovou ztrátu ze slevy za brzkou platbu,
Booked,Zaúčtováno,
Booked Fixed Asset,Zaúčtovaný dlouhodobý majetek,
Books have been closed till the period ending on {0},Účetní knihy jsou uzavřeny do konce období {0},
Both DocType and Name required,"Je vyžadován jak DocType, tak název",
Both Payable Account: {0} and Advance Account: {1} must be of same currency for company: {2},Účet závazků: {0} i účet záloh: {1} musí mít u firmy: {2} stejnou měnu,
Both Receivable Account: {0} and Advance Account: {1} must be of same currency for company: {2},Účet pohledávek: {0} i účet záloh: {1} musí mít u firmy: {2} stejnou měnu,
Both Trial Period Start Date and Trial Period End Date must be set,"Musí být nastaveno jak počáteční, tak koncové datum zkušební doby",
Both {0} Account: {1} and Advance Account: {2} must be of same currency for company: {3},Účet {0}: {1} i účet záloh: {2} musí mít u firmy: {3} stejnou měnu,
Branch,Pobočka,
Branch Code,Kód pobočky,
Branch: {0},Pobočka: {0},
Brand,Značka,
Brand Defaults,Výchozí hodnoty značky,
Brand HTML,HTML značky,
Brand Image,Obrázek značky,
Brand Logo,Logo značky,
Brand Name,Název značky,
Breadcrumbs,Navigační drobečky,
Browse BOM,Procházet kusovník,
Browser,Prohlížeč,
Browser Version,Verze prohlížeče,
Brute Force Security,Ochrana proti hrubé síle,
Bucket Size,Velikost bucketu,
Budget,Rozpočet,
Budget Account,Účet rozpočtu,
Budget Against,Rozpočet vůči,
Budget Amount,Částka rozpočtu,
Budget Amount can not be {0}.,Částka rozpočtu nemůže být {0}.,
Budget cannot be assigned against Group Account {0},Rozpočet nelze přiřadit vůči skupinovému účtu {0},
"Budget cannot be assigned against {0}, as its Root Type is not of Income or Expense","Rozpočet nelze přiřadit vůči {0}, protože jeho kořenový typ není Výnos ani Náklad",
Budget Detail,Podrobnosti rozpočtu,
Budget Distribution,Rozdělení rozpočtu,
Budget Distribution Total,Celkové rozdělení rozpočtu,
Budget End Date,Koncové datum rozpočtu,
Budget Exceeded,Rozpočet překročen,
Budget Limit Exceeded,Limit rozpočtu překročen,
Budget List,Seznam rozpočtů,
Budget Start Date,Počáteční datum rozpočtu,
Budget Variance,Odchylka rozpočtu,
Budget Variance Report,Report odchylek rozpočtu,
Budgets,Rozpočty,
Buffer Time,Rezervní čas,
Bufferpool Size,Velikost bufferpoolu,
Build,Sestavení,
Build All?,Sestavit vše?,
Build Tree,Sestavit strom,
Build {0},Sestavit {0},
Buildable Qty,Vyrobitelné množství,
Buildings,Budovy,
Bulk Actions,Hromadné akce,
Bulk approval only support up to 500 documents.,Hromadné schválení podporuje maximálně 500 dokladů.,
Bulk Assignment,Hromadné přiřazení,
Bulk Assignments,Hromadná přiřazení,
Bulk attendance marking is already in progress for employee {0}. You can monitor the job status {1},Hromadné zaznamenávání docházky pro zaměstnance {0} již probíhá. Stav úlohy můžete sledovat {1},
Bulk attendance marking is queued with a background job. It may take a while. You can monitor the job status {0},Hromadné zaznamenávání docházky bylo zařazeno do fronty jako úloha na pozadí. Může to chvíli trvat. Stav úlohy můžete sledovat {0},
Bulk Delete,Hromadné smazání,
Bulk Leave Policy Assignment,Hromadné přiřazení politiky volna,
Bulk Operation Failed,Hromadná operace selhala,
Bulk operation is enqueued in background.,Hromadná operace byla zařazena do fronty na pozadí.,
Bulk Operation Successful,Hromadná operace byla úspěšná,
Bulk operations only support up to 500 documents.,Hromadné operace podporují maximálně 500 dokumentů.,
Bulk Rename Jobs,Hromadné přejmenování úloh,
Bulk Salary Structure Assignment,Hromadné přiřazení mzdové struktury,
Bulk Transaction Log,Log hromadných transakcí,
Bulk Transaction Log Detail,Detail logu hromadných transakcí,
Bulk Update,Hromadná aktualizace,
Bulk {0} is enqueued in background.,Hromadné {0} bylo zařazeno do fronty na pozadí.,
Bundle Items,Položky balíčku,
Bundle Qty,Množství balíčku,
Button Color,Barva tlačítka,
Button Gradients,Přechody tlačítka,
Button Rounded Corners,Zaoblené rohy tlačítka,
Button Shadows,Stíny tlačítka,
Buy,Nákup,
Buy & Sell,Nákup a prodej,
Buying,Nákup,
Buying & Selling Settings,Nastavení nákupu a prodeje,
Buying Amount,Nákupní částka,
Buying and Selling,Nákup a prodej,
"Buying must be checked, if Applicable For is selected as {0}","Nákup musí být zaškrtnut, pokud je Platí pro nastaveno na {0}",
Buying Price List,Nákupní ceník,
Buying Rate,Nákupní cena,
Buying Settings,Nastavení nákupu,
"By default the title is used as meta title, adding a value here will override it.",Standardně se jako meta titulek použije název; zadáním hodnoty zde ho přepíšete.,
"By default, the Supplier Name is set as per the Supplier Name entered. If you want Suppliers to be named by a <a href='https://docs.erpnext.com/docs/user/manual/en/setting-up/settings/naming-series' target='_blank'>Naming Series</a> choose the 'Naming Series' option.","Standardně se Jméno dodavatele nastavuje podle zadaného jména dodavatele. Pokud chcete, aby byli dodavatelé pojmenováváni podle <a href='https://docs.erpnext.com/docs/user/manual/en/setting-up/settings/naming-series' target='_blank'>Číselné řady</a>, zvolte možnost „Číselná řada“.",
Bypass credit check at Sales Order,Obejít kontrolu úvěrového limitu u prodejní objednávky,
Bypass credit limit check at sales order,Obejít kontrolu úvěrového limitu u prodejní objednávky,
Bypass Restricted IP Address Check If Two Factor Auth Enabled,"Obejít kontrolu omezené IP adresy, je-li povoleno dvoufaktorové ověření",
Bypass restricted IP Address check If Two Factor Auth Enabled,"Obejít kontrolu omezené IP adresy, je-li povoleno dvoufaktorové ověření",
Bypass Two Factor Auth for users who login from restricted IP Address,Obejít dvoufaktorové ověření pro uživatele přihlašující se z omezené IP adresy,
Cache,Mezipaměť,
Cache Cleared,Mezipaměť vymazána,
Calculate Based On,Vypočítat na základě,
Calculate daily depreciation using total days in depreciation period,Počítat denní odpisy pomocí celkového počtu dní v odpisovém období,
Calculate Depreciation,Vypočítat odpisy,
Calculate Estimated Arrival Times,Vypočítat odhadované časy příjezdu,
Calculate Final Score based on Formula,Vypočítat konečné skóre na základě vzorce,
Calculate Gratuity Amount Based On,Vypočítat částku odstupného na základě,
Calculate Payroll Working Days Based On,Vypočítat pracovní dny pro mzdy na základě,
Calculate Product Bundle price based on child Item's rates,Vypočítat cenu sady produktů na základě cen dílčích položek,
Calculated Bank Statement balance,Vypočítaný zůstatek bankovního výpisu,
Calculated Discount Mismatch,Nesoulad vypočítané slevy,
Calculation Formula,Výpočtový vzorec,
Calculations,Výpočty,
Calendar Event,Kalendářní událost,
Calendar Name,Název kalendáře,
Calendar View,Zobrazení kalendáře,
Call,Hovor,
Call Again,Zavolat znovu,
Call Details,Podrobnosti hovoru,
Call Handling Schedule,Rozvrh zpracování hovorů,
Call Log,Log hovorů,
Call Received By,Hovor přijal,
Call Receiving Device,Zařízení pro příjem hovorů,
Call Routing,Směrování hovorů,
Call Schedule Row {0}: To time slot should always be ahead of From time slot.,"Rozvrh hovorů, řádek {0}: Časový slot „Do“ musí být vždy později než slot „Od“.",
Call Summary,Souhrn hovorů,
Call To Action,Výzva k akci,
Call To Action URL,URL adresa výzvy k akci,
Call Type,Typ hovoru,
Callback,Zpětné volání,
Callback Message,Zpráva zpětného volání,
Callback Title,Název zpětného volání,
Calls,Hovory,
Campaign,Kampaň,
Campaign Description (Optional),Popis kampaně (volitelné),
Campaign Efficiency,Efektivita kampaně,
Campaign Email Schedule,Rozvrh e-mailů kampaně,
Campaign Item,Položka kampaně,
Campaign Name,Název kampaně,
Campaign Naming By,Pojmenování kampaně podle,
Campaign Schedules,Rozvrhy kampaní,
Campaign {0} not found,Kampaň {0} nebyla nalezena,
Can be approved by {0},Může schválit {0},
Can not close Work Order. Since {0} Job Cards are in Work In Progress state.,"Nelze uzavřít výrobní příkaz, protože {0} výrobních karet je ve stavu „Probíhá“.",
"Can not filter based on Cashier, if grouped by Cashier","Nelze filtrovat podle pokladníka, pokud je seskupeno podle pokladníka",
"Can not filter based on Child Account, if grouped by Account","Nelze filtrovat podle podřízeného účtu, pokud je seskupeno podle účtu",
"Can not filter based on Customer, if grouped by Customer","Nelze filtrovat podle klienta, pokud je seskupeno podle klienta",
"Can not filter based on Payment Method, if grouped by Payment Method","Nelze filtrovat podle způsobu platby, pokud je seskupeno podle způsobu platby",
"Can not filter based on POS Profile, if grouped by POS Profile","Nelze filtrovat podle POS profilu, pokud je seskupeno podle POS profilu",
"Can not filter based on Voucher No, if grouped by Voucher","Nelze filtrovat podle čísla dokladu, pokud je seskupeno podle dokladu",
Can not rename as column {0} is already present on DocType.,"Nelze přejmenovat, sloupec {0} již v DocType existuje.",
Can only change to/from Autoincrement naming rule when there is no data in the doctype,"Pravidlo pojmenování „Autoincrement“ lze změnit pouze tehdy, pokud DocType neobsahuje žádná data",
Can only make payment against unbilled {0},Platbu lze provést pouze proti nevyfakturovanému {0},
Can refer row only if the charge type is 'On Previous Row Amount' or 'Previous Row Total',"Na řádek lze odkázat pouze v případě, že typ poplatku je „On Previous Row Amount“ nebo „Previous Row Total“",
"Can't change the valuation method, as there are transactions against some items which do not have its own valuation method","Nelze změnit metodu oceňování, protože existují transakce u některých položek, které nemají vlastní metodu oceňování",
Can't follow since changes are not tracked.,"Nelze sledovat, protože změny nejsou zaznamenávány.",
Can't rename {0} to {1} because {0} doesn't exist.,"Nelze přejmenovat {0} na {1}, protože {0} neexistuje.",
Cancel,Stornovat,
Cancel At End Of Period,Zrušit na konci období,
Cancel Import,Zrušit import,
Cancel Material Visit {0} before cancelling this Warranty Claim,Před stornováním této reklamace nejprve stornujte materiálovou návštěvu {0},
Cancel Material Visits {0} before cancelling this Maintenance Visit,Před stornováním této servisní návštěvy nejprve stornujte materiálové návštěvy {0},
Cancel Prepared Report,Zrušit připravený report,
Cancel Subscription,Zrušit předplatné,
Cancel Subscription After Grace Period,Zrušit předplatné po uplynutí ochranné lhůty,
"Cancel the Payment Entry made against it, correct the advance account to be of type Receivable, and create a new Payment Entry.","Stornujte platbu vytvořenou k tomuto dokladu, opravte zálohový účet na typ Pohledávky a vytvořte novou platbu.",
Cancelation Date,Datum stornování,
cancellation,Stornování,
Cancellation Queued,Stornování zařazeno do fronty,
Cancelled,Stornováno,
cancelled,Stornováno,
Cancelled Document restored as Draft,Stornovaný dokument obnoven jako koncept,
Cancelled Job Card cannot be processed.,Stornovanou výrobní kartu nelze zpracovat.,
cancelled this document,stornoval(a) tento dokument,
Cancelling documents,Stornování dokumentů,
Cancelling Vehicle Log {0} will delete draft Expense Claim {1} because it only contains Vehicle Expenses.<br><br>Do you want to continue?,"Stornování knihy jízd {0} smaže koncept vyúčtování výdajů {1}, protože obsahuje pouze výdaje na vozidlo.<br><br>Chcete pokračovat?",
Cancelling Vehicle Log {0} will update draft Expense Claim {1}.<br><br>Vehicle Expenses rows will be removed. Other expenses will remain.<br><br>Do you want to continue?,Stornování knihy jízd {0} aktualizuje koncept vyúčtování výdajů {1}.<br><br>Řádky s výdaji na vozidlo budou odstraněny. Ostatní výdaje zůstanou zachovány.<br><br>Chcete pokračovat?,
Cancelling {0},Stornování {0},
Cannot access file path {0},Nelze přistoupit k cestě k souboru {0},
Cannot add child table {0} to deletion list. Child tables are automatically deleted with their parent DocTypes.,Podřízenou tabulku {0} nelze přidat na seznam k odstranění. Podřízené tabulky se automaticky odstraní spolu s nadřazenými DocTypy.,
Cannot allocate leaves outside the allocation period {0} - {1},Volno nelze přidělit mimo období přidělení {0} - {1},
Cannot allocate more leaves due to maximum leave allocation limit of {0} in leave policy assignment,Nelze přidělit více volna kvůli maximálnímu limitu přidělení volna {0} v přiřazení politiky volna,
Cannot allocate more leaves due to maximum leaves allowed limit of {0} in {1} leave type.,Nelze přidělit více volna kvůli maximálnímu povolenému limitu {0} u typu volna {1}.,
"Cannot amend {0} {1}, please create a new one instead.","Nelze opravit {0} {1}, místo toho vytvořte nový.",
Cannot apply TDS against multiple parties in one entry,Nelze uplatnit srážkovou daň (TDS) vůči více subjektům v jednom zápisu,
Cannot Assign Cashier,Nelze přiřadit pokladníka,
Cannot attach a folder to a document,K dokumentu nelze přiložit složku,
Cannot be a fixed asset item as Stock Ledger is created.,"Nemůže se jednat o položku dlouhodobého majetku, protože byla vytvořena skladová evidence.",
Cannot break shift after end date,Směnu nelze přerušit po datu ukončení,
Cannot break shift before start date,Směnu nelze přerušit před datem zahájení,
Cannot Calculate Arrival Time as Driver Address is Missing.,"Nelze vypočítat čas příjezdu, chybí adresa řidiče.",
Cannot cancel as processing of cancelled documents is pending.,"Nelze stornovat, zpracování stornovaných dokumentů dosud probíhá.",
Cannot cancel Asset Depreciation Schedule {0} as it has a draft journal entry {1}.,"Nelze stornovat odpisový plán majetku {0}, protože má koncept účetního zápisu {1}.",
Cannot cancel because submitted Stock Entry {0} exists,"Nelze stornovat, protože existuje odeslaný skladový pohyb {0}",
Cannot cancel before submitting. See Transition {0},Nelze stornovat před odesláním. Viz přechod {0},
Cannot cancel POS Closing Entry,Nelze stornovat uzávěrku POS,
Cannot cancel Shift Assignment: {0} as it is linked to Attendance: {1},"Nelze stornovat přiřazení směny {0}, protože je propojeno s docházkou {1}",
Cannot cancel Shift Assignment: {0} as it is linked to Employee Checkin: {1},"Nelze stornovat přiřazení směny {0}, protože je propojeno s příchodem/odchodem zaměstnance {1}",
"Cannot cancel Stock Reservation Entry {0}, as it has used in the work order {1}. Please cancel the work order first or unreserved the stock","Nelze stornovat rezervaci skladu {0}, protože je použita ve výrobním příkazu {1}. Nejprve stornujte výrobní příkaz nebo zrušte rezervaci skladu.",
Cannot cancel the transaction. Reposting of item valuation on submission is not completed yet.,Nelze stornovat transakci. Přepočet ocenění položky při odeslání ještě nebyl dokončen.,
Cannot cancel this document as it is linked with the submitted Asset Value Adjustment <b>{0}</b>. Please cancel the Asset Value Adjustment to continue.,"Nelze stornovat tento dokument, protože je propojen s odeslanou úpravou hodnoty majetku <b>{0}</b>. Pro pokračování nejprve stornujte úpravu hodnoty majetku.",
Cannot cancel this document as it is linked with the submitted asset {asset_link}. Please cancel the asset to continue.,"Nelze stornovat tento dokument, protože je propojen s odeslaným majetkem {asset_link}. Pro pokračování nejprve stornujte majetek.",
Cannot cancel this Manufacturing Stock Entry as quantity of Finished Good produced cannot be less than quantity delivered in the linked Subcontracting Inward Order.,"Nelze stornovat tento výrobní skladový pohyb, protože množství vyrobeného hotového výrobku nemůže být nižší než množství dodané v propojené příchozí objednávce subdodávky.",
Cannot cancel transaction for Completed Work Order.,Nelze stornovat transakci pro dokončený výrobní příkaz.,
Cannot change Attributes after stock transaction. Make a new Item and transfer stock to the new Item,Atributy nelze změnit po provedení skladové transakce. Vytvořte novou položku a přesuňte na ni skladové zásoby.,
"Cannot change company's default currency, because there are existing transactions. Transactions must be cancelled to change the default currency.","Nelze změnit výchozí měnu firmy, protože existují transakce. Pro změnu výchozí měny musí být transakce stornovány.",
Cannot change docstatus from 0 (Draft) to 2 (Cancelled),Nelze změnit stav dokumentu z 0 (Koncept) na 2 (Stornováno),
Cannot change docstatus from 1 (Submitted) to 0 (Draft),Nelze změnit stav dokumentu z 1 (Odesláno) na 0 (Koncept),
Cannot change field type in {0}: some existing values cannot be converted to the new type,Nelze změnit typ pole v {0}: některé existující hodnoty nelze převést na nový typ,
Cannot Change Inventory Account Setting,Nelze změnit nastavení skladového účtu,
Cannot change Item {0} from serialized to non-serialized because a Serial and Batch Bundle exists for it. Please delete or cancel the Serial and Batch Bundle first.,"Nelze změnit položku {0} ze sériové na neseriovou, protože k ní existuje sada sériových čísel a šarží. Nejprve tuto sadu smažte nebo stornujte.",
Cannot change Reference Document Type.,Nelze změnit typ referenčního dokumentu.,
Cannot change Service Stop Date for item in row {0},Nelze změnit datum ukončení služby u položky na řádku {0},
Cannot change state of Cancelled Document. Transition row {0},"Nelze změnit stav stornovaného dokumentu. Přechod, řádek {0}",
Cannot change to/from autoincrement autoname in Customize Form,V Customize Form nelze změnit pojmenování na/z autoincrement,
Cannot change Variant properties after stock transaction. You will have to make a new Item to do this.,Vlastnosti varianty nelze změnit po provedení skladové transakce. Pro tuto změnu bude nutné vytvořit novou položku.,
Cannot complete task {0} as its dependant task {1} are not completed / cancelled.,"Nelze dokončit úkol {0}, protože na něm závislý úkol {1} není dokončen ani stornován.",
Cannot configure Core DocTypes for Global Search.,Základní DocTypy nelze konfigurovat pro globální vyhledávání.,
Cannot convert Cost Center to ledger as it has child nodes,"Nákladové středisko nelze převést na účet hlavní knihy, protože má podřízené uzly",
Cannot convert Task to non-group because the following child Tasks exist: {0}.,"Úkol nelze převést na neskupinový, protože existují následující podřízené úkoly: {0}.",
Cannot convert to Group because Account Type is selected.,"Nelze převést na skupinu, protože je vybrán typ účtu.",
Cannot covert to Group because Account Type is selected.,"Nelze převést na skupinu, protože je vybrán typ účtu.",
Cannot create a Job Applicant against a closed Job Opening,Nelze vytvořit uchazeče o zaměstnání pro uzavřenou volnou pozici,
Cannot create a pick list for Sales Order {0} because it has reserved stock. Please unreserve the stock in order to create a pick list.,"Nelze vytvořit vychystávací seznam pro prodejní objednávku {0}, protože má rezervované zásoby. Pro vytvoření vychystávacího seznamu nejprve zrušte rezervaci zásob.",
Cannot create a {0} against a child document: {1},Nelze vytvořit {0} k podřízenému dokumentu: {1},
Cannot create accounting entries against disabled accounts: {0},Nelze vytvářet účetní zápisy k zakázaným účtům: {0},
Cannot create Intercompany {0}. All items in the source {1} have already been fully invoiced.,Nelze vytvořit mezifiremní {0}. Všechny položky ve zdrojovém dokladu {1} již byly plně vyfakturovány.,
Cannot create or change transactions against an Appraisal Cycle with status {0}.,Nelze vytvářet ani měnit transakce u cyklu hodnocení se stavem {0}.,
Cannot create private workspace of other users,Nelze vytvořit soukromou pracovní plochu jiných uživatelů,
Cannot Create Return,Nelze vytvořit vratku,
Cannot create return for consolidated invoice {0}.,Nelze vytvořit vratku pro konsolidovanou fakturu {0}.,
Cannot create Salary Slip for Employee joining after Payroll Period,"Nelze vytvořit výplatní pásku pro zaměstnance, který nastoupil po skončení mzdového období",
Cannot create Salary Slip for Employee who has left before Payroll Period,"Nelze vytvořit výplatní pásku pro zaměstnance, který odešel před začátkem mzdového období",
Cannot create Stock Reservation Entries for future dated Purchase Receipts.,Nelze vytvářet rezervace zásob pro příjemky s budoucím datem.,
Cannot deactivate or cancel BOM as it is linked with other BOMs,"Kusovník nelze deaktivovat ani stornovat, protože je propojen s jinými kusovníky",
Cannot declare as Lost because an active Quotation exists.,"Nelze označit jako ztracené, protože existuje aktivní nabídka.",
Cannot deduct when category is for 'Valuation' or 'Valuation and Total',"Nelze odečíst, pokud je kategorie „Valuation“ nebo „Valuation and Total“",
Cannot delete an item which has been ordered,"Nelze smazat položku, která byla objednána",
Cannot delete Desktop Icon '{0}' as it is restricted,"Nelze smazat ikonu plochy „{0}“, je omezena",
Cannot delete Exchange Gain/Loss row,Nelze smazat řádek kurzového zisku/ztráty,
Cannot delete Home and Attachments folders,Nelze smazat složky Domů a Přílohy,
Cannot delete or cancel because {0} {1} is linked with {2} {3} {4},"Nelze smazat ani stornovat, protože {0} {1} je propojeno s {2} {3} {4}",
Cannot delete protected core DocType: {0},Nelze smazat chráněný základní DocType: {0},
"Cannot delete Serial No {0}, as it is used in stock transactions","Nelze smazat sériové číslo {0}, je použito ve skladových transakcích",
Cannot delete standard action. You can hide it if you want,Nelze smazat standardní akci. Můžete ji případně skrýt,
Cannot delete standard document state.,Nelze smazat standardní stav dokumentu.,
Cannot delete standard field <strong>{0}</strong>. You can hide it instead.,Nelze smazat standardní pole <strong>{0}</strong>. Místo toho ho můžete skrýt.,
Cannot delete standard link. You can hide it if you want,Nelze smazat standardní odkaz. Můžete ho případně skrýt,
Cannot delete system generated field <strong>{0}</strong>. You can hide it instead.,Nelze smazat systémově generované pole <strong>{0}</strong>. Místo toho ho můžete skrýt.,
Cannot delete virtual DocType: {0}. Virtual DocTypes do not have database tables.,Nelze smazat virtuální DocType: {0}. Virtuální DocTypy nemají databázové tabulky.,
Cannot delete {0} as it has child nodes,"Nelze smazat {0}, má podřízené uzly",
"Cannot disable perpetual inventory, as there are existing Stock Ledger Entries for the company {0}. Please cancel the stock transactions first and try again.","Nelze zakázat průběžnou inventarizaci, protože pro firmu {0} existují záznamy skladové evidence. Nejprve stornujte skladové transakce a zkuste to znovu.",
"Cannot disable Serial and Batch No for Item, as there are existing records for serial / batch.","Nelze zakázat sériová čísla a šarže u položky, protože existují záznamy o sériových číslech / šaržích.",
Cannot disable {0} as it may lead to incorrect stock valuation.,"Nelze zakázat {0}, mohlo by to vést k nesprávnému ocenění zásob.",
Cannot disassemble more than produced quantity.,"Nelze rozložit více, než bylo vyrobeno.",
Cannot disassemble {0} qty against Stock Entry {1}. Only {2} qty available to disassemble.,Nelze rozložit množství {0} vůči skladovému pohybu {1}. K rozložení je k dispozici pouze množství {2}.,
Cannot Download Report due to insufficient permissions,Report nelze stáhnout kvůli nedostatečným oprávněním,
Cannot edit a standard report. Please duplicate and create a new report,Standardní report nelze upravovat. Vytvořte jeho duplikát a nový report,
Cannot edit cancelled document,Stornovaný dokument nelze upravovat,
Cannot edit filters for standard charts,Filtry standardních grafů nelze upravovat,
Cannot edit filters for standard number cards,Filtry standardních číselných karet nelze upravovat,
Cannot edit Standard charts,Standardní grafy nelze upravovat,
Cannot edit Standard Dashboards,Standardní dashboardy nelze upravovat,
Cannot edit standard fields,Standardní pole nelze upravovat,
"Cannot edit Standard Notification. To edit, please disable this and duplicate it",Standardní oznámení nelze upravovat. Pro úpravu ho nejprve zakažte a vytvořte duplikát,
"Cannot enable Item-wise Inventory Account, as there are existing Stock Ledger Entries for the company {0} with Warehouse-wise Inventory Account. Please cancel the stock transactions first and try again.","Nelze povolit skladový účet dle položky, protože pro firmu {0} existují záznamy skladové evidence se skladovým účtem dle skladu. Nejprve stornujte skladové transakce a zkuste to znovu.",
Cannot enable Opportunity creation from Contact Us because the Contact Us form is disabled.,"Nelze povolit vytváření obchodní příležitosti z formuláře Kontaktujte nás, protože je tento formulář zakázán.",
Cannot enable {0} for a non-submittable doctype,"Nelze povolit {0} pro DocType, který nelze odesílat",
Cannot ensure delivery by Serial No as Item {0} is added with and without Ensure Delivery by Serial No.,"Nelze zajistit dodání dle sériového čísla, protože položka {0} byla přidána jak s touto volbou, tak bez ní.",
Cannot fetch selected rows for submitted Payment Request,U odeslaného požadavku na platbu nelze načíst vybrané řádky,
Cannot Fetch Values,Nelze načíst hodnoty,
"Cannot find a default warehouse for item {0}. Please select one in the Update Items dialog, or set a default in the Item Master or in Stock Settings.","Pro položku {0} nebyl nalezen výchozí sklad. Vyberte ho v dialogu Aktualizovat položky, nebo nastavte výchozí sklad u položky či v nastavení skladu.",
Cannot find active Leave Period,Nebylo nalezeno aktivní období volna,
Cannot find file {} on disk,Soubor {} nebyl na disku nalezen,
Cannot get file contents of a Folder,Nelze načíst obsah souboru u složky,
Cannot have multiple printers mapped to a single print format.,K jednomu tiskovému formátu nelze přiřadit více tiskáren.,
Cannot link cancelled document: {0},Nelze propojit stornovaný dokument: {0},
Cannot map because following condition fails:,"Nelze namapovat, protože selhala následující podmínka:",
Cannot mark attendance for an Inactive employee {0},Nelze zaznamenat docházku pro neaktivního zaměstnance {0},
Cannot match column {0} with any field,Sloupec {0} nelze přiřadit žádnému poli,
Cannot Merge,Nelze sloučit,
Cannot merge {0} '{1}' into '{2}' as both have existing accounting entries in different currencies for company '{3}'.,"Nelze sloučit {0} „{1}“ do „{2}“, protože oba mají existující účetní zápisy v různých měnách pro firmu „{3}“.",
Cannot Modify Time,Nelze upravit čas,
Cannot Optimize Route as Driver Address is Missing.,"Nelze optimalizovat trasu, chybí adresa řidiče.",
Cannot produce more Item {0} than Sales Order quantity {1} {2},"Nelze vyrobit více položky {0}, než je množství {1} {2} v prodejní objednávce",
Cannot receive from customer against negative outstanding,Nelze přijmout platbu od klienta proti zápornému zůstatku,
Cannot reduce quantity than ordered or purchased quantity,Množství nelze snížit pod objednané nebo nakoupené množství,
Cannot refer row number greater than or equal to current row number for this Charge type,U tohoto typu poplatku nelze odkázat na číslo řádku vyšší nebo rovné aktuálnímu řádku,
Cannot register an empty XLSX style,Nelze zaregistrovat prázdný styl XLSX,
Cannot Relieve Employee,Nelze ukončit pracovní poměr zaměstnance,
Cannot Remove,Nelze odstranit,
Cannot repost more than {0} vouchers at once. Split them into multiple documents.,Najednou nelze přepočítat více než {0} dokladů. Rozdělte je do více dokumentů.,
Cannot Resubmit Ledger entries for vouchers in Closed fiscal year.,Nelze znovu odeslat zápisy hlavní knihy pro doklady v uzavřeném fiskálním roce.,
Cannot retrieve link token for update. Check Error Log for more information,Nelze načíst token pro propojení k aktualizaci. Další informace najdete v logu chyb,
Cannot retrieve link token. Check Error Log for more information,Nelze načíst token pro propojení. Další informace najdete v logu chyb,
Cannot select a Group type Customer Group. Please select a non-group Customer Group.,Nelze vybrat skupinu klientů typu Skupina. Vyberte neskupinovou skupinu klientů.,
Cannot select charge type as 'On Previous Row Amount' or 'On Previous Row Total' for first row,Pro první řádek nelze vybrat typ poplatku „On Previous Row Amount“ nebo „On Previous Row Total“,
Cannot set 'Report' permission if 'Only If Creator' permission is set,"Nelze nastavit oprávnění „Report“, pokud je nastaveno oprávnění „Only If Creator“",
Cannot set as Lost as Sales Order is made.,"Nelze označit jako ztracené, byla vytvořena prodejní objednávka.",
Cannot set authorization on basis of Discount for {0},Nelze nastavit autorizaci na základě slevy pro {0},
Cannot set multiple Item Defaults for a company.,Pro jednu firmu nelze nastavit více výchozích hodnot položky.,
Cannot set Notification with event {0} on Document Type {1},Nelze nastavit oznámení s událostí {0} pro DocType {1},
Cannot set quantity less than delivered quantity.,"Nelze nastavit množství nižší, než je dodané množství.",
Cannot set quantity less than received quantity.,"Nelze nastavit množství nižší, než je přijaté množství.",
Cannot set the field <b>{0}</b> for copying in variants,Nelze nastavit pole <b>{0}</b> pro kopírování do variant,
Cannot share {0} with submit permission as the doctype {1} is not submittable,"Nelze sdílet {0} s oprávněním k odeslání, protože DocType {1} nelze odesílat",
Cannot start deletion. Another deletion {0} is already queued/running. Please wait for it to complete.,Nelze zahájit mazání. Jiné mazání {0} již čeká ve frontě nebo probíhá. Počkejte na jeho dokončení.,
Cannot submit Job Card {0} while it is On Hold. Please resume and complete the job before submission.,"Nelze odeslat výrobní kartu {0}, dokud je pozastavena. Před odesláním úlohu obnovte a dokončete.",
Cannot submit. Attendance is not marked for some employees.,Nelze odeslat. U některých zaměstnanců není zaznamenaná docházka.,
Cannot Update After Submit,Nelze upravit po odeslání,
Cannot update allocation for {0} after submission,Přidělení pro {0} nelze po odeslání upravit,
Cannot update rate as item {0} is already ordered or purchased against this quotation,"Nelze aktualizovat cenu, položka {0} již byla objednána nebo nakoupena na základě této nabídky",
Cannot update status of Goal groups,Nelze aktualizovat stav skupin cílů,
Cannot update {0},Nelze aktualizovat {0},
Cannot use sub-query here.,Zde nelze použít podřazený dotaz.,
Cannot use {0} in order/group by,{0} nelze použít v order/group by,
Cannot {0} from {1} without any negative outstanding invoice,Nelze provést {0} z {1} bez záporné neuhrazené faktury,
Canonical URI,Kanonická URI,
Capacity,Kapacita,
Capacity (Stock UOM),Kapacita (skladová měrná jednotka),
Capacity in Stock UOM,Kapacita ve skladové měrné jednotce,
Capacity must be greater than 0,Kapacita musí být větší než 0,
Capacity Planning,Plánování kapacity,
"Capacity Planning Error, planned start time can not be same as end time","Chyba plánování kapacity, plánovaný čas zahájení nemůže být stejný jako čas ukončení",
Capacity Planning For (Days),Plánování kapacity na (dny),
Capital Equipment,Investiční vybavení,
Capital Stock,Základní kapitál,
Capital Work in Progress,Nedokončený dlouhodobý majetek,
Capital Work In Progress Account,Účet nedokončeného dlouhodobého majetku,
Capitalization doesn't help very much.,Kapitalizace příliš nepomáhá.,
Capitalize Asset,Kapitalizovat majetek,
Capitalize Repair Cost,Kapitalizovat náklady na opravu,
Capitalize this asset before submitting.,Před odesláním tento majetek kapitalizujte.,
Capitalized,Kapitalizováno,
Card,Karta,
Card 1,Karta 1,
Card 2,Karta 2,
Card 3,Karta 3,
Card 4,Karta 4,
Card 5,Karta 5,
Card 6,Karta 6,
Card 7,Karta 7,
Card 8,Karta 8,
Card 9,Karta 9,
Card Size,Velikost karty,
Cards,Karty,
Carrier,Přepravce,
Carrier Service,Přepravní služba,
Carry Forward,Převést do dalšího období,
Carry Forward Communication and Comments,Přenést komunikaci a komentáře,
Carry Forwarded Leaves,Převedené volno,
Cash,Hotovost,
Cash Flow,Peněžní tok,
Cash Flow from Financing,Peněžní tok z financování,
Cash Flow from Investing,Peněžní tok z investic,
Cash Flow from Operations,Peněžní tok z provozní činnosti,
Cash In Hand,Hotovost v pokladně,
Cash or Bank Account is mandatory for making payment entry,Pro vytvoření platby je povinný hotovostní nebo bankovní účet,
Cash/Bank Account,Hotovostní/bankovní účet,
Cashier,Pokladník,
Cashier Closing,Uzávěrka pokladníka,
Cashier Closing Payments,Platby uzávěrky pokladníka,
Cashier is currently assigned to another POS.,Pokladník je aktuálně přiřazen k jinému POS.,
Casual Leave,Volno,
Catch All,Sběrná schránka,
Categorize By,Kategorizovat podle,
Categorize by,Kategorizovat podle,
Categorize by Account,Kategorizovat podle účtu,
Categorize by Item,Kategorizovat podle položky,
Categorize by Party,Kategorizovat podle subjektu,
Categorize by Supplier,Kategorizovat podle dodavatele,
Categorize by Voucher,Kategorizovat podle dokladu,
Categorize by Voucher (Consolidated),Kategorizovat podle dokladu (konsolidovaně),
Category,Kategorie,
category,kategorie,
Category Description,Popis kategorie,
Category Details,Podrobnosti kategorie,
Category Name,Název kategorie,
Cause of Grievance,Příčina stížnosti,
Caution,Upozornění,
Caution: This might alter frozen accounts.,Upozornění: Toto může změnit zamčené účty.,
CC,Kopie,
CC To,Kopie pro,
Cellphone Number,Číslo mobilního telefonu,
Certificate,Certifikát,
Certificate Details,Podrobnosti certifikátu,
Certificate Limit,Limit certifikátu,
Certificate No,Číslo certifikátu,
Certificate Required,Vyžadován certifikát,
Change,Změnit,
Change Amount,Vrácená částka,
Change in Stock Value,Změna hodnoty zásob,
Change Label (via Custom Translation),Změnit popisek (přes vlastní překlad),
Change Password,Změnit heslo,
Change Release Date,Změnit datum vydání,
Change the account type to Receivable or select a different account.,Změňte typ účtu na Pohledávky nebo vyberte jiný účet.,
Changed at,Změněno,
Changed by,Změnil,
Changed customer name to '{}' as '{}' already exists.,"Jméno klienta bylo změněno na „{}“, protože „{}“ již existuje.",
Changed the Status for Other Half from {0} to {1} via Attendance Request as the status is Half Day,"Stav pro druhou polovinu dne byl změněn z {0} na {1} prostřednictvím žádosti o docházku, protože stav je Půl dne",
Changed the status from {0} to {1} and Status for Other Half to {2} via Attendance Request,Stav byl změněn z {0} na {1} a stav pro druhou polovinu dne na {2} prostřednictvím žádosti o docházku,
Changed the status from {0} to {1} via Attendance Request,Stav byl změněn z {0} na {1} prostřednictvím žádosti o docházku,
changed {0},změnil(a) {0},
Changelog Feed,Kanál záznamů změn,
Changes,Změny,
Changes in {0},Změny v {0},
Changing '{0}' to {1}.,Změna „{0}“ na {1}.,
Changing any setting will reflect on all the email accounts associated with this domain.,Změna jakéhokoli nastavení se projeví na všech e-mailových účtech spojených s touto doménou.,
Changing Customer Group for the selected Customer is not allowed.,Změna skupiny klientů u vybraného klienta není povolena.,
"Changing KRA in this parent goal will align all the child goals to the same KRA, if any.",Změna KRA u tohoto nadřazeného cíle sladí všechny případné podřízené cíle na stejné KRA.,
Changing rounding method on site with data can result in unexpected behaviour.,Změna metody zaokrouhlování na webu s daty může vést k neočekávanému chování.,
"Changing the valuation method to Moving Average will affect new transactions. If backdated entries are added, earlier FIFO-based entries will be reposted, which may change closing balances.","Změna metody oceňování na Klouzavý průměr ovlivní nové transakce. Pokud budou přidány zápisy se zpětným datem, budou dřívější zápisy založené na metodě FIFO přepočítány, což může změnit konečné zůstatky.",
Channel,Kanál,
Charge of type 'Actual' in row {0} cannot be included in Item Rate or Paid Amount,Poplatek typu „Actual“ na řádku {0} nelze zahrnout do ceny položky ani zaplacené částky,
Chargeable,Zpoplatněno,
Charges are updated in Purchase Receipt against each item,Poplatky se aktualizují v příjemce u každé položky,
Charges Incurred,Vzniklé poplatky,
"Charges will be distributed proportionately based on item qty or amount, as per your selection","Poplatky budou rozděleny poměrně podle množství nebo částky položky, dle vašeho výběru",
Chart,Graf,
Chart Configuration,Konfigurace grafu,
Chart Name,Název grafu,
Chart of Accounts,Účtová osnova,
Chart of Accounts Importer,Import účtové osnovy,
Chart Of Accounts Template,Šablona účtové osnovy,
Chart of Cost Centers,Strom nákladových středisek,
Chart Options,Možnosti grafu,
Chart Preview,Náhled grafu,
Chart Source,Zdroj grafu,
Chart Tree,Strom grafu,
Chart Type,Typ grafu,
Charts,Grafy,
Charts Based On,Grafy na základě,
Chassis No,Číslo podvozku,
Check,Zkontrolovat,
Check Availability in Warehouse,Zkontrolovat dostupnost na skladu,
"Check columns to select, drag to set order.","Zaškrtnutím vyberte sloupce, přetažením nastavte pořadí.",
Check Error Log {0} for more details.,Další podrobnosti najdete v logu chyb {0}.,
Check In,Příchod,
Check Out,Odchod,
Check Request URL,URL adresa pro kontrolu požadavku,
Check row {0} for account {1}: Party is only allowed if Party Type is set,Zkontrolujte řádek {0} pro účet {1}: Subjekt je povolen pouze pokud je nastaven typ subjektu,
Check row {0} for account {1}: Party Type is only allowed for Receivable or Payable accounts,Zkontrolujte řádek {0} pro účet {1}: Typ subjektu je povolen pouze u účtů typu Pohledávky nebo Závazky,
Check Supplier invoice number uniqueness,Kontrolovat jedinečnost čísla faktury dodavatele,
Check the Error Log for more information: {0},Další informace najdete v logu chyb: {0},
Check this if you don't want users to sign up for an account on your site. Users won't get desk access unless you explicitly provide it.,"Zaškrtněte, pokud nechcete, aby si uživatelé mohli na vašem webu vytvářet účet. Uživatelé nezískají přístup do aplikace, pokud jim ho výslovně neudělíte.",
Check Vacancies On Job Offer Creation,Kontrolovat volná místa při vytváření nabídky zaměstnání,
Check {0} for more details,Další podrobnosti najdete v {0},
Check-in,Příchod,
Check-in Date,Datum příchodu,
Check-out,Odchod,
Check-out Date,Datum odchodu,
Checked On,Zkontrolováno dne,
Checkin Radius,Poloměr pro příchod/odchod,
"Checking this will enable tracking page views for blogs, web pages, etc.","Zaškrtnutím povolíte sledování zobrazení stránek u blogů, webových stránek atd.",
Checking this will publish the page on your website and it'll be visible to everyone.,Zaškrtnutím stránku publikujete na vašem webu a bude viditelná pro všechny.,
Checking this will show a text area where you can write custom javascript that will run on this page.,"Zaškrtnutím zobrazíte textové pole, kam můžete napsat vlastní JavaScript, který se na této stránce spustí.",
Checkout,Pokladna,
Checkout Order / Submit Order / New Order,Dokončit objednávku / Odeslat objednávku / Nová objednávka,
Cheque,Šek,
Cheque Date,Datum šeku,
Cheque Height,Výška šeku,
Cheque Number,Číslo šeku,
Cheque Print Template,Tisková šablona šeku,
Cheque Size,Velikost šeku,
Cheque Width,Šířka šeku,
Cheque/Reference Date,Datum šeku/reference,
Cheque/Reference No,Číslo šeku/reference,
Cheques and Deposits Incorrectly cleared,Nesprávně vypořádané šeky a vklady,
Cheques and Deposits incorrectly cleared,Nesprávně vypořádané šeky a vklady,
Child Docname,Název podřízeného dokumentu,
Child Doctype,Podřízený DocType,
Child DocTypes,Podřízené DocTypy,
Child DocTypes are not allowed,Podřízené DocTypy nejsou povoleny,
Child Item,Podřízená položka,
Child nodes can be only created under 'Group' type nodes,Podřízené uzly lze vytvořit pouze pod uzly typu „Group“,
Child nodes can only be created under 'Group' type nodes,Podřízené uzly lze vytvořit pouze pod uzly typu „Group“,
Child query fields for '{0}' must be a list or tuple.,Pole podřízeného dotazu pro „{0}“ musí být seznam nebo n-tice.,
Child Row Reference,Reference na podřízený řádek,
Child Table Not Allowed,Podřízená tabulka není povolena,
Child Table {0} for field {1} must be virtual,Podřízená tabulka {0} pro pole {1} musí být virtuální,
Child Tables are shown as a Grid in other DocTypes,Podřízené tabulky se v ostatních DocTypech zobrazují jako mřížka,
Child Task exists for this Task. You can not delete this Task.,K tomuto úkolu existuje podřízený úkol. Tento úkol nelze smazat.,
Child warehouse exists for this warehouse. You can not delete this warehouse.,K tomuto skladu existuje podřízený sklad. Tento sklad nelze smazat.,
Choose which notification types are emailed to you. Unchecked types still show as in-app notifications.,"Vyberte, které typy oznámení vám mají být zasílány e-mailem. Nezaškrtnuté typy se přesto zobrazí jako oznámení v aplikaci.",
Circular dependency detected: {0},Zjištěna cyklická závislost: {0},
Circular Reference Error,Chyba cyklické reference,
City,Město,
City/Town,Město,
Claim an Expense,Vyúčtovat výdaj,
Claim Benefit For,Uplatnit benefit pro,
Claim History,Historie vyúčtování,
Claimed,Vyúčtováno,
Claimed Amount,Vyúčtovaná částka,
Claimed amount of employee {0} exceeds maximum amount eligible for claim {1},Vyúčtovaná částka zaměstnance {0} přesahuje maximální částku způsobilou k vyúčtování {1},
Claimed amount of employee {0} should be greater than 0,Vyúčtovaná částka zaměstnance {0} musí být větší než 0,
Claimed Landed Cost Amount (Company Currency),Vyúčtovaná částka nákladů na pořízení (měna firmy),
Claims,Vyúčtování,
Class / Percentage,Třída / Procento,
Classify As,Klasifikovat jako,
Clauses and Conditions,Doložky a podmínky,
Clear,Vymazat,
Clear All,Vymazat vše,
Clear Cache,Vymazat mezipaměť,
Clear Error Logs,Vymazat logy chyb,
Clear Link,Vymazat odkaz,
Clear Logs After (days),Vymazat logy po (dnech),
Clear Notifications,Vymazat oznámení,
Clear Table,Vymazat tabulku,
Clear User Permissions,Vymazat uživatelská oprávnění,
Clearance Date,Datum vypořádání,
Clearance date changed from {0} to {1} via Bank Clearance Tool,Datum vypořádání bylo změněno z {0} na {1} pomocí nástroje pro bankovní vypořádání,
Clearance Date not mentioned,Datum vypořádání není uvedeno,
Clearance Date updated,Datum vypořádání aktualizováno,
cleared {0},vypořádáno {0},
"Clearing end date, as it cannot be in the past for published pages.","Datum ukončení se maže, protože u publikovaných stránek nemůže být v minulosti.",
Click here,Klikněte zde,
Click on 'Get Finished Goods for Manufacture' to fetch the items from the above Sales Orders. Items only for which a BOM is present will be fetched.,"Kliknutím na „Get Finished Goods for Manufacture“ načtete položky z výše uvedených prodejních objednávek. Načtou se pouze položky, pro které existuje kusovník.",
Click on Add to Holidays. This will populate the holidays table with all the dates that fall on the selected weekly off. Repeat the process for populating the dates for all your weekly holidays,Klikněte na Přidat do svátků. Tím se do tabulky svátků doplní všechna data připadající na vybraný týdenní volný den. Postup opakujte pro doplnění dat všech vašich týdenních volných dnů,
Click on Get Sales Orders to fetch sales orders based on the above filters.,Kliknutím na Načíst prodejní objednávky načtete prodejní objednávky podle výše uvedených filtrů.,
Click on {0} to generate Refresh Token.,Kliknutím na {0} vygenerujete Refresh Token.,
Click table to edit,Kliknutím na tabulku ji upravíte,
Click to add email / phone,Kliknutím přidáte e-mail / telefon,
Click to Set Dynamic Filters,Kliknutím nastavíte dynamické filtry,
Click to Set Filters,Kliknutím nastavíte filtry,
Click {0} to change the configuration and then resave salary slip,Kliknutím na {0} změňte konfiguraci a poté výplatní pásku znovu uložte,
Client,Klient,
Client Code,Kód klienta,
Client Credentials,Přihlašovací údaje klienta,
Client ID,ID klienta,
Client Id,ID klienta,
Client Information,Informace o klientovi,
Client Metadata,Metadata klienta,
Client Script,Klientský skript,
Client script,Klientský skript,
Client Secret,Client Secret,
Client URI,URI klienta,
Client URLs,URL adresy klienta,
Close,Zavřít,
Close Condition,Podmínka uzavření,
Close Issue After Days,Uzavřít problém po (dnech),
Close Loan,Uzavřít úvěr,
Close Replied Opportunity After Days,Uzavřít zodpovězenou obchodní příležitost po (dnech),
Close the POS,Zavřít POS,
Closed,Uzavřeno,
Closed Document,Uzavřený dokument,
Closed Documents,Uzavřené dokumenty,
Closed On,Uzavřeno dne,
Closed order cannot be cancelled. Unclose to cancel.,Uzavřenou objednávku nelze stornovat. Pro stornování ji nejprve znovu otevřete.,
Closed Period,Uzavřené období,
Closed Work Order can not be stopped or Re-opened,Uzavřený výrobní příkaz nelze zastavit ani znovu otevřít,
Closes On,Uzavírá se dne,
Closing,Uzávěrka,
Closing (Cr),Konečný stav (Dal),
Closing (Dr),Konečný stav (Má dáti),
Closing (Opening + Total),Konečný stav (Počáteční + Celkem),
Closing [Opening + Total],Konečný stav [Počáteční + Celkem],
Closing Account Head,Uzávěrkový účet,
Closing Account {0} must be of type Liability / Equity,Uzávěrkový účet {0} musí být typu Závazky / Vlastní kapitál,
Closing Amount,Konečná částka,
Closing Balance,Konečný zůstatek,
Closing Date,Datum uzávěrky,
Closing Notes,Poznámky k uzávěrce,
Closing Text,Závěrečný text,
Closing this Job Opening for {1} may not be according to the Staffing Plan {0}.<br><br>,Uzavření této volné pozice pro {1} nemusí odpovídat plánu obsazenosti {0}.<br><br>,
COA Importer,Import účtové osnovy,
Code,Kód,
Code Challenge,Code Challenge,
Code challenge method,Metoda Code Challenge,
Code Editor Type,Typ editoru kódu,
Code List,Seznam kódů,
COGS By Item Group,Náklady na prodané zboží dle skupiny položek,
COGS Debit,Náklady na prodané zboží (Má dáti),
Collapsible,Skládatelné,
Collapsible Depends On,Skládatelné v závislosti na,
Collapsible Depends On (JS),Skládatelné v závislosti na (JS),
Collect Outstanding Amount,Vybrat neuhrazenou částku,
Collect Progress,Sledovat postup,
Collection Factor (=1 LP),Faktor sběru (=1 bod věrnostního programu),
Collection Rules,Pravidla sběru,
Collection Tier,Úroveň sběru,
Color,Barva,
Colour,Barva,
Column,Sloupec,
Column 1,Sloupec 1,
Column 2,Sloupec 2,
Column <b>{0}</b> already exist.,Sloupec <b>{0}</b> již existuje.,
Column in Bank File,Sloupec v bankovním souboru,
Column Labels:,Popisky sloupců:,
Column Mapping,Mapování sloupců,
Column Name,Název sloupce,
Column Name cannot be empty,Název sloupce nesmí být prázdný,
Column {0},Sloupec {0},
Columns,Sloupce,
Columns / Fields,Sloupce / Pole,
Columns are not according to template. Please compare the uploaded file with standard template,Sloupce neodpovídají šabloně. Porovnejte nahraný soubor se standardní šablonou,
Combination of Grant Type (<code>{0}</code>) and Response Type (<code>{1}</code>) not allowed,Kombinace Grant Type (<code>{0}</code>) a Response Type (<code>{1}</code>) není povolena,
Combined invoice portion must equal 100%,Součet částí kombinované faktury musí být 100 %,
Comment,Komentář,
Comment By,Komentář od,
Comment can only be edited by the owner,Komentář může upravit pouze jeho vlastník,
Comment Email,E-mail komentáře,
Comment publicity can only be updated by the original author or a System Manager.,Viditelnost komentáře může změnit pouze jeho autor nebo správce systému.,
Comment Type,Typ komentáře,
Comments,Komentáře,
Comments cannot have links or email addresses,Komentáře nesmí obsahovat odkazy ani e-mailové adresy,
Commercial,Komerční,
Commission,Provize,
commission,provize,
Commission on Sales,Provize z prodeje,
Commission Rate,Sazba provize,
Commission Rate %,Sazba provize %,
Commission Rate (%),Sazba provize (%),
Commit,Commit,
Committed,Zavázáno,
Common Code,Společný kód,
Common names and surnames are easy to guess.,Běžná jména a příjmení lze snadno uhodnout.,
Common words are easy to guess.,Běžná slova lze snadno uhodnout.,
Communication,Komunikace,
Communication Channel,Komunikační kanál,
Communication Date,Datum komunikace,
Communication Link,Odkaz na komunikaci,
Communication Medium,Komunikační médium,
Communication Medium Timeslot,Časový slot komunikačního média,
Communication Medium Type,Typ komunikačního média,
Communication secret not set,Tajný klíč komunikace není nastaven,
Communication Type,Typ komunikace,
Compact Item Print,Kompaktní tisk položky,
Companies,Firmy,
Company,Firma,
Company Account,Účet firmy,
Company Account is mandatory,Účet firmy je povinný,
Company Address,Adresa firmy,
Company Address Display,Zobrazení adresy firmy,
Company Address is missing. You don't have permission to create an Address. Please contact your System Manager.,Chybí adresa firmy. Nemáte oprávnění vytvořit adresu. Kontaktujte prosím správce systému.,
Company Address is missing. You don't have permission to update it. Please contact your System Manager.,Chybí adresa firmy. Nemáte oprávnění ji upravit. Kontaktujte prosím správce systému.,
Company Address Name,Název adresy firmy,
Company and Posting Date is mandatory,Firma a datum zaúčtování jsou povinné,
Company Bank Account,Bankovní účet firmy,
Company Billing Address,Fakturační adresa firmy,
Company Contact Person,Kontaktní osoba firmy,
Company currencies of both the companies should match for Inter Company Transactions.,Pro mezifiremní transakce musí měny obou firem odpovídat.,
Company Description,Popis firmy,
Company Details,Podrobnosti o firmě,
Company Email,E-mail firmy,
Company Field,Pole firmy,
Company field is required,Pole Firma je povinné,
Company History,Historie firmy,
Company Information,Informace o firmě,
Company Introduction,Představení firmy,
Company is mandatory,Firma je povinná,
Company is mandatory for company account,Firma je povinná pro firemní účet,
Company is mandatory for generating an invoice. Please set a default company in Global Defaults.,Pro vystavení faktury je povinná firma. Nastavte výchozí firmu v globálním nastavení.,
Company is required,Firma je povinná,
Company Logo,Logo firmy,
Company Name,Název firmy,
Company name not same,Název firmy nesouhlasí,
Company Not Linked,Firma není propojena,
Company of asset {0} and purchase document {1} doesn't matches.,Firma majetku {0} a nákupního dokladu {1} se neshoduje.,
Company or Personal Email is mandatory when 'Create User Automatically' is enabled,"Pokud je povoleno „Vytvořit uživatele automaticky“, je firemní nebo osobní e-mail povinný",
Company Shipping Address,Dodací adresa firmy,
Company Tax ID,Daňové identifikační číslo firmy,
Company {0} added multiple times,Firma {0} byla přidána vícekrát,
Company {0} does not exist,Firma {0} neexistuje,
Company {0} is added more than once,Firma {0} je přidána více než jednou,
Company {0} is not in South Africa.,Firma {0} není v Jihoafrické republice.,
Company {} does not exist yet. Taxes setup aborted.,Firma {} zatím neexistuje. Nastavení daní bylo přerušeno.,
Company {} does not match with POS Profile Company {},Firma {} neodpovídá firmě v POS profilu {},
Compare Versions,Porovnat verze,
Compensatory Leave Request,Žádost o náhradní volno,
Compensatory Off,Náhradní volno,
Competitor,Konkurent,
Competitor Detail,Podrobnosti o konkurentovi,
Competitor Name,Název konkurenta,
Competitors,Konkurenti,
Compilation warning,Varování kompilace,
Compiled Successfully,Úspěšně zkompilováno,
Complete,Dokončit,
Complete Job,Dokončit úlohu,
Complete Order,Dokončit objednávku,
Complete Registration,Dokončit registraci,
Completed,Dokončeno,
Completed By,Dokončil,
Completed By Role,Dokončeno rolí,
Completed By User,Dokončeno uživatelem,
Completed On,Dokončeno dne,
Completed On cannot be greater than Today,Datum dokončení nemůže být pozdější než dnešní datum,
Completed Operation,Dokončená operace,
Completed Projects,Dokončené projekty,
Completed Qty,Dokončené množství,
Completed Qty cannot be greater than 'Qty to Manufacture',Dokončené množství nemůže být vyšší než „Množství k výrobě“,
Completed Quantity,Dokončené množství,
"Completed Quantity ({0}), Pending Quantity ({1}) and Process Loss Quantity ({2}) must add up to the Qty to Manufacture ({3}).","Dokončené množství ({0}), čekající množství ({1}) a množství procesní ztráty ({2}) musí dohromady dát množství k výrobě ({3}).",
Completed Quantity cannot be greater than {0},Dokončené množství nemůže být větší než {0},
Completed Tasks,Dokončené úkoly,
Completed Time,Čas dokončení,
Completed Work Orders,Dokončené výrobní příkazy,
"Completed, Pending and Process Loss quantities must add up to this.","Dokončené, čekající množství a množství procesní ztráty musí dát dohromady tuto hodnotu.",
Completing onboarding,Dokončování nástupu,
Completion,Dokončení,
Completion By,Dokončit do,
Completion Date,Datum dokončení,
Completion Date can not be before Failure Date. Please adjust the dates accordingly.,Datum dokončení nemůže být dřívější než datum poruchy. Upravte prosím data.,
Completion Status,Stav dokončení,
Component,Složka,
component,složka,
Component Expense Account,Nákladový účet složky,
Component Name,Název složky,
Component properties and references,Vlastnosti a reference složky,
Components,Složky,
Comprehensive Insurance,Havarijní pojištění,
Condition,Podmínka,
Condition & Formula,Podmínka a vzorec,
Condition and formula,Podmínka a vzorec,
Condition and Formula Help,Nápověda k podmínce a vzorci,
Condition description,Popis podmínky,
Condition JSON,Podmínka JSON,
Condition Type,Typ podmínky,
Conditional Rule,Podmíněné pravidlo,
Conditional Rule Examples,Příklady podmíněných pravidel,
Conditions,Podmínky,
Conditions and Formula variable and example,Proměnné a příklady podmínek a vzorců,
Config,Konfigurace,
Configuration,Konfigurace,
Configure,Nastavit,
Configure Recorder,Nastavit záznamník,
Configure search fields,Nastavit vyhledávací pole,
Configure Series,Nastavit číselnou řadu,
Configure the default Price List when creating a new Purchase transaction. Item prices will be fetched from this Price List.,Nastavte výchozí ceník při vytváření nové nákupní transakce. Ceny položek se budou načítat z tohoto ceníku.,
Confirm,Potvrdit,
Confirm Access,Potvrdit přístup,
Confirm before resetting posting date,Potvrdit před resetováním data zaúčtování,
Confirm Deletion of Account,Potvrdit smazání účtu,
Confirm New Password,Potvrdit nové heslo,
Confirm {0},Potvrdit {0},
Confirmation Date,Datum potvrzení,
Confirmation Email Template,Šablona potvrzovacího e-mailu,
Confirmed,Potvrzeno,
Connect to {},Připojit k {},
Connected App,Připojená aplikace,
Connected User,Připojený uživatel,
Connection,Připojení,
Connections,Připojení,
Consider Accounting Dimensions,Zohlednit účetní dimenze,
Consider for Tax Withholding,Zohlednit pro srážkovou daň,
Consider Grace Period,Zohlednit ochrannou lhůtu,
Consider Marked Attendance on Holidays,Zohlednit zaznamenanou docházku o svátcích,
Consider Minimum Order Qty,Zohlednit minimální objednací množství,
Consider Projected Qty in Calculation,Zohlednit predikované množství ve výpočtu,
Consider Projected Qty in Calculation (RM),Zohlednit predikované množství ve výpočtu (suroviny),
Consider Rejected Warehouses,Zohlednit sklady zamítnutého zboží,
Consider Tax Exemption Declaration,Zohlednit prohlášení o osvobození od daně,
Consider Tax or Charge for,Zohlednit daň nebo poplatek pro,
Consider Unmarked Attendance As,Nezaznamenanou docházku považovat za,
Considered In Paid Amount,Zohledněno v zaplacené částce,
Console,Konzole,
Console Log,Log konzole,
Console Logs can not be deleted,Logy konzole nelze smazat,
Consolidate Leave Types,Sloučit typy volna,
Consolidate Sales Order Items,Sloučit položky prodejní objednávky,
Consolidate Sub Assembly Items,Sloučit položky podsestav,
Consolidated Credit Note,Konsolidovaný dobropis,
Consolidated Financial Statement,Konsolidovaná účetní závěrka,
Consolidated Report,Konsolidovaný report,
Consolidated Sales Invoice,Konsolidovaná vydaná faktura,
Consolidated Trial Balance,Konsolidovaná předvaha,
Consolidated Trial Balance can be generated for Companies having same root Company.,Konsolidovanou předvahu lze vygenerovat pro firmy se stejnou kořenovou firmou.,
Consolidated Trial balance could not be generated as Exchange Rate from {0} to {1} is not available for {2}.,"Konsolidovanou předvahu nebylo možné vygenerovat, protože směnný kurz z {0} na {1} není k dispozici pro {2}.",
Constraints,Omezení,
Consumable,Spotřební materiál,
Consumables,Spotřební materiál,
Consume Components,Spotřebovat složky,
Consumed,Spotřebováno,
Consumed Amount,Spotřebovaná částka,
Consumed Asset Total Value,Celková hodnota spotřebovaného majetku,
Consumed Assets,Spotřebovaný majetek,
Consumed Items,Spotřebované položky,
Consumed Items Cost,Náklady na spotřebované položky,
Consumed Qty,Spotřebované množství,
Consumed Qty cannot be greater than Reserved Qty for item {0},Spotřebované množství nemůže být vyšší než rezervované množství u položky {0},
Consumed Quantity,Spotřebované množství,
Consumed quantity of item {0} exceeds transferred quantity.,Spotřebované množství položky {0} přesahuje přesunuté množství.,
Consumed Stock Items,Spotřebované skladové položky,
"Consumed Stock Items, Consumed Asset Items or Consumed Service Items is mandatory for Capitalization","Pro kapitalizaci je povinné vyplnit spotřebované skladové položky, spotřebované položky majetku nebo spotřebované servisní položky",
Consumed Stock Total Value,Celková hodnota spotřebovaných zásob,
Consumption Rate,Míra spotřeby,
Contact,Kontakt,
Contact / email not found. Did not add attendee for -<br>{0},Kontakt / e-mail nenalezen. Účastník nebyl přidán pro -<br>{0},
Contact Desc,Popis kontaktu,
Contact Details,Podrobnosti kontaktu,
Contact Email,E-mail kontaktu,
Contact HTML,HTML kontaktu,
Contact Info,Informace o kontaktu,
Contact Information,Kontaktní informace,
Contact List,Seznam kontaktů,
Contact Mobile,Mobil kontaktu,
Contact Mobile No,Mobilní telefon kontaktu,
Contact Name,Jméno kontaktu,
Contact No.,Telefonní číslo,
Contact Number,Telefonní číslo,
Contact Numbers,Telefonní čísla,
Contact Person,Kontaktní osoba,
Contact Person does not belong to the {0},Kontaktní osoba nepatří k {0},
Contact Phone,Telefon kontaktu,
Contact Synced with Google Contacts.,Kontakt byl synchronizován s Google Kontakty.,
Contact Us Settings,Nastavení Kontaktujte nás,
Contacts,Kontakty,
Contains {0} security fix,Obsahuje {0} bezpečnostní opravu,
Contains {0} security fixes,Obsahuje {0} bezpečnostních oprav,
Content,Obsah,
Content data shoud be a list,Data obsahu musí být seznam,
Content Hash,Hash obsahu,
Content Type,Typ obsahu,
Content type for building the page,Typ obsahu pro sestavení stránky,
Context,Kontext,
Context Script,Kontextový skript,
Continue,Pokračovat,
Contract,Smlouva,
Contract Details,Podrobnosti smlouvy,
Contract End Date,Datum ukončení smlouvy,
Contract Fulfilment Checklist,Kontrolní seznam plnění smlouvy,
Contract Period,Doba trvání smlouvy,
Contract Template,Šablona smlouvy,
Contract Template Fulfilment Terms,Podmínky plnění šablony smlouvy,
Contract Template Help,Nápověda k šabloně smlouvy,
Contract Terms,Podmínky smlouvy,
Contract Terms and Conditions,Smluvní podmínky,
Contributed,Přispěno,
Contribution %,Příspěvek %,
Contribution (%),Příspěvek (%),
Contribution Amount,Výše příspěvku,
Contribution Document Name,Název dokladu příspěvku,
Contribution Qty,Množství příspěvku,
Contribution Status,Stav příspěvku,
Contribution to Net Total,Příspěvek k čisté částce,
Control Action,Řídicí akce,
Control Action for Cumulative Expense,Řídicí akce pro kumulativní výdaj,
Control Historical Stock Transactions,Kontrolovat historické skladové transakce,
Conversion Factor,Převodní koeficient,
Conversion factor for default Unit of Measure must be 1 in row {0},Převodní koeficient pro výchozí měrnou jednotku musí být na řádku {0} roven 1,
Conversion factor for item {0} has been reset to 1.0 as the uom {1} is same as stock uom {2}.,"Převodní koeficient pro položku {0} byl resetován na 1,0, protože měrná jednotka {1} je stejná jako skladová měrná jednotka {2}.",
Conversion Rate,Směnný kurz,
Conversion rate cannot be 0,Směnný kurz nemůže být 0,
"Conversion rate is 1.00, but document currency is different from company currency","Směnný kurz je 1,00, ale měna dokladu se liší od měny firmy",
Conversion rate must be 1.00 if document currency is same as company currency,"Pokud je měna dokladu shodná s měnou firmy, musí být směnný kurz 1,00",
Convert Item description to clean HTML in transactions,Převádět popis položky na čisté HTML v transakcích,
Convert to Group,Převést na skupinu,
Convert to Item Based Reposting,Převést na přepočet dle položky,
Convert to Ledger,Převést na účet hlavní knihy,
Convert to Non-Group,Převést na neskupinový,
Converted,Převedeno,
Copied From,Zkopírováno z,
Copy Attachments to Transaction,Kopírovat přílohy do transakce,
Copy embed code,Kopírovat vkládací kód,
Copy Fields to Variant,Kopírovat pole do varianty,
Copy Link,Kopírovat odkaz,
Copy of Invitation/Announcement,Kopie pozvánky/oznámení,
Copy token to clipboard,Kopírovat token do schránky,
Copyright,Autorská práva,
Core DocTypes cannot be customized.,Základní DocTypy nelze upravovat.,
Core Modules {0} cannot be searched in Global Search.,Základní moduly {0} nelze vyhledávat v globálním vyhledávání.,
Correct version :,Správná verze:,
Corrective Action,Nápravné opatření,
Corrective Job Card,Opravná výrobní karta,
Corrective Operation,Opravná operace,
Corrective Operation Cost,Náklady na opravnou operaci,
Corrective/Preventive,Opravné/preventivní,
Cost,Náklady,
Cost Allocation,Alokace nákladů,
Cost Allocation %,Alokace nákladů %,
Cost Allocation / Process Loss,Alokace nákladů / procesní ztráta,
Cost allocation between finished goods and secondary items should equal 100%,Alokace nákladů mezi hotové výrobky a vedlejší položky musí činit 100 %,
Cost Center,Nákladové středisko,
Cost Center Allocation,Alokace nákladového střediska,
Cost Center Allocation Percentage,Procento alokace nákladového střediska,
Cost Center Allocation Percentages,Procenta alokace nákladového střediska,
Cost Center and Budgeting,Nákladové středisko a rozpočtování,
"Cost Center is a part of Cost Center Allocation, hence cannot be converted to a group","Nákladové středisko je součástí alokace nákladového střediska, proto ho nelze převést na skupinu",
Cost Center is required in row {0} in Taxes table for type {1},Na řádku {0} v tabulce daní je pro typ {1} povinné nákladové středisko,
Cost Center Name,Název nákladového střediska,
Cost Center Number,Číslo nákladového střediska,
Cost Center Validation Error,Chyba validace nákladového střediska,
Cost Center with Allocation records can not be converted to a group,Nákladové středisko se záznamy alokace nelze převést na skupinu,
Cost Center with existing transactions can not be converted to group,Nákladové středisko s existujícími transakcemi nelze převést na skupinu,
Cost Center with existing transactions can not be converted to ledger,Nákladové středisko s existujícími transakcemi nelze převést na účet hlavní knihy,
Cost Center {0} cannot be used for allocation as it is used as main cost center in other allocation record.,"Nákladové středisko {0} nelze použít pro alokaci, protože je použito jako hlavní nákladové středisko v jiném záznamu alokace.",
Cost Center {} doesn't belong to Company {},Nákladové středisko {} nepatří firmě {},
Cost Center {} is a group cost center and group cost centers cannot be used in transactions,Nákladové středisko {} je skupinové nákladové středisko a skupinová nákladová střediska nelze v transakcích použít,
Cost Center: {0} does not exist,Nákladové středisko: {0} neexistuje,
Cost Centers,Nákladová střediska,
Cost Configuration,Konfigurace nákladů,
Cost of Delivered Items,Náklady na dodané položky,
Cost of Goods Sold,Náklady na prodané zboží,
Cost of Goods Sold Account in Items Table,Účet nákladů na prodané zboží v tabulce položek,
Cost of Issued Items,Náklady na vydané položky,
Cost of Poor Quality Report,Report nákladů na nekvalitu,
Cost of Purchased Items,Náklady na nakoupené položky,
Cost of various activities,Náklady na různé činnosti,
Cost Per Unit,Náklady na jednotku,
Cost to Company (CTC),Celkové náklady na zaměstnance (CTC),
Costing,Kalkulace,
Costing Amount,Kalkulovaná částka,
Costing and Billing,Kalkulace a fakturace,
Costing and Billing fields has been updated,Pole kalkulace a fakturace byla aktualizována,
Costing Details,Podrobnosti kalkulace,
Costing Rate,Kalkulovaná sazba,
Could not auto create Customer due to the following missing mandatory field(s):,Klienta se nepodařilo automaticky vytvořit kvůli chybějícím povinným polím:,
Could not connect to outgoing email server,Nepodařilo se připojit k serveru pro odchozí poštu,
"Could not create Credit Note automatically, please uncheck 'Issue Credit Note' and submit again","Dobropis se nepodařilo vytvořit automaticky, zrušte zaškrtnutí „Issue Credit Note“ a odešlete znovu",
Could Not Delete Demo Data,Demo data se nepodařilo smazat,
Could not detect any tables in this PDF. It may be a scanned or image-based,V tomto PDF se nepodařilo detekovat žádné tabulky. Může se jednat o naskenovaný nebo obrázkový dokument,
Could not detect the Company for updating Bank Accounts,Nepodařilo se zjistit firmu pro aktualizaci bankovních účtů,
Could not find a suitable shift to match the difference: {0},Nepodařilo se najít vhodnou směnu odpovídající rozdílu: {0},
Could not find path for,Nepodařilo se najít cestu pro,
Could not find {0},{0} se nepodařilo najít,
Could not map column {0} to field {1},Sloupec {0} se nepodařilo namapovat na pole {1},
Could not parse field: {0},Pole se nepodařilo zpracovat: {0},
Could not reach your server: {0},Nepodařilo se spojit s vaším serverem: {0},
Could not retrieve information for {0}.,Nepodařilo se načíst informace pro {0}.,
Could not solve criteria score function for {0}. Make sure the formula is valid.,"Nepodařilo se vyhodnotit funkci skóre kritéria pro {0}. Zkontrolujte, zda je vzorec platný.",
Could not solve weighted score function. Make sure the formula is valid.,"Nepodařilo se vyhodnotit funkci váženého skóre. Zkontrolujte, zda je vzorec platný.",
Could not start Chromium. Check logs for details.,Nepodařilo se spustit Chromium. Podrobnosti najdete v logu.,
Could not start up:,Nepodařilo se spustit:,
Could not submit some Salary Slips: {},Některé výplatní pásky se nepodařilo odeslat: {},
Could not update Goal,Cíl se nepodařilo aktualizovat,
Could not update goals,Cíle se nepodařilo aktualizovat,
Could not validate {0}: {1},{0} se nepodařilo validovat: {1},
Couldn't guess builder,Nepodařilo se odhadnout builder,
Couldn't open Cloud settings. Please try again.,Nepodařilo se otevřít nastavení Cloud. Zkuste to prosím znovu.,
Count,Počet,
count,počet,
Count Filter,Filtr počtu,
Counter,Čítač,
Country,Země,
Country Code in File does not match with country code set up in the system,Kód země v souboru neodpovídá kódu země nastavenému v systému,
Country Code Required,Vyžadován kód země,
Country Fixture Deletion Failed,Smazání fixture země selhalo,
Country Name,Název země,
Country of Origin,Země původu,
Country of Residence,Země pobytu,
Country Setup failed,Nastavení země selhalo,
County,Okres,
Coupon Code,Kód kupónu,
Coupon Code Based,Na základě kódu kupónu,
Coupon Description,Popis kupónu,
Coupon Name,Název kupónu,
Coupon Type,Typ kupónu,
Course,Kurz,
Cover Letter,Motivační dopis,
cProfile Output,Výstup cProfile,
Cr,Dal,
cr,Dal,
Create,Vytvořit,
Create & Continue,Vytvořit a pokračovat,
Create a New Format,Vytvořit nový formát,
Create a Stock Closing Entry for the entire company with To Date as {0} before submitting the Period Closing Voucher.,Před odesláním dokladu uzávěrky období vytvořte skladovou uzávěrku pro celou firmu s datem „Do“ nastaveným na {0}.,
Create a variant with the template image.,Vytvořit variantu s obrázkem šablony.,
Create Additional Salary,Vytvořit mimořádnou mzdu,
Create an incoming stock transaction for the Item.,Vytvořit příchozí skladovou transakci pro tuto položku.,
Create Appraisals,Vytvořit hodnocení,
Create Chart Of Accounts Based On,Vytvořit účtovou osnovu na základě,
Create Contacts from Incoming Emails,Vytvářet kontakty z příchozích e-mailů,
Create customer quotes,Vytvářet nabídky pro klienty,
Create Delivery Trip,Vytvořit rozvozovou trasu,
Create Employee,Vytvořit zaměstnance,
Create Employee Records,Vytvořit záznamy zaměstnanců,
Create Employee records.,Vytvořit záznamy zaměstnanců.,
Create Grouped Asset,Vytvořit seskupený majetek,
Create Inter Company Journal Entry,Vytvořit mezifiremní účetní zápis,
Create Interview,Vytvořit pohovor,
Create Invoices,Vytvořit faktury,
Create Job Applicant,Vytvořit uchazeče o zaměstnání,
Create Job Card,Vytvořit výrobní kartu,
Create Job Card based on Batch Size,Vytvořit výrobní kartu na základě velikosti dávky,
Create Job Offer,Vytvořit nabídku zaměstnání,
Create Job Opening,Vytvořit volnou pozici,
Create Journal Entries,Vytvořit účetní zápisy,
Create Journal Entry,Vytvořit účetní zápis,
Create Lead,Vytvořit potenciálního zákazníka,
Create Leads,Vytvořit potenciální zákazníky,
Create Ledger Entries for Change Amount,Vytvářet zápisy do hlavní knihy pro vrácenou částku,
Create Link,Vytvořit odkaz,
Create Log,Vytvořit log,
Create Missing Party,Vytvořit chybějící subjekt,
Create MPS,Vytvořit MPS,
Create Multi-level BOM,Vytvořit vícestupňový kusovník,
Create New,Vytvořit nový,
Create New DocType,Vytvořit nový DocType,
Create New Employee Id,Vytvořit nové ID zaměstnance,
Create Opportunity,Vytvořit obchodní příležitost,
Create or Edit Print Format,Vytvořit nebo upravit tiskový formát,
Create or Edit Workflow,Vytvořit nebo upravit workflow,
Create Overtime Slip For Eligible Employee(s),Vytvořit doklad o přesčasech pro oprávněné zaměstnance,
Create Overtime Slips,Vytvořit doklady o přesčasech,
Create Payment Entry,Vytvořit platbu,
Create Payment Entry for Consolidated POS Invoices.,Vytvořit platbu pro konsolidované POS faktury.,
Create payment requests in Draft status,Vytvářet požadavky na platbu ve stavu Koncept,
Create Pick List,Vytvořit vychystávací seznam,
Create POS Opening Entry,Vytvořit zahájení POS,
Create Print Format,Vytvořit tiskový formát,
Create Prospect,Vytvořit prospekt,
Create Purchase Order,Vytvořit nákupní objednávku,
Create Purchase Orders,Vytvořit nákupní objednávky,
Create Quotation,Vytvořit nabídku,
Create Receiver List,Vytvořit seznam příjemců,
Create Reposting Entries,Vytvořit přepočtové zápisy,
Create Reposting Entry,Vytvořit přepočtový zápis,
Create Salary Slips,Vytvořit výplatní pásky,
Create Sales Invoice,Vytvořit vydanou fakturu,
Create Sales Order,Vytvořit prodejní objednávku,
Create Sales Orders to help you plan your work and deliver on-time,"Vytvářejte prodejní objednávky, které vám pomohou naplánovat práci a dodávat včas",
Create Shifts After,Vytvořit směny po,
Create Stock Entry,Vytvořit skladový pohyb,
Create Supplier Quotation,Vytvořit poptávku dodavateli,
Create Tax Template,Vytvořit daňovou šablonu,
Create Timesheet,Vytvořit výkaz práce,
Create User,Vytvořit uživatele,
Create User Automatically,Vytvořit uživatele automaticky,
Create User Email,Vytvořit uživatelský e-mail,
Create User Permission,Vytvořit uživatelské oprávnění,
Create Users,Vytvořit uživatele,
Create Variant,Vytvořit variantu,
Create Variants,Vytvořit varianty,
Create Workstation,Vytvořit pracoviště,
Create your workflow visually using the Workflow Builder.,Vytvořte si workflow vizuálně pomocí nástroje Workflow Builder.,
Created At,Vytvořeno,
Created By,Vytvořil,
Created By Migration,Vytvořeno migrací,
Created Custom Field {0} in {1},Vytvořeno vlastní pole {0} v {1},
Created On,Vytvořeno dne,
Created through Portal,Vytvořeno přes portál,
Created {0} scorecards for {1} between:,Vytvořeno {0} hodnoticích karet pro {1} mezi:,
Creating Accounts...,Vytváření účtů...,
Creating Appraisals,Vytváření hodnocení,
Creating Delivery Note ...,Vytváření dodacího listu...,
Creating Delivery Schedule...,Vytváření dodacího harmonogramu...,
Creating demo data,Vytváření demo dat,
Creating Dimensions...,Vytváření dimenzí...,
Creating Journal Entries...,Vytváření účetních zápisů...,
Creating Packing Slip ...,Vytváření balicího listu...,
Creating Payment Entries......,Vytváření plateb......,
Creating Purchase Invoices ...,Vytváření přijatých faktur...,
Creating Purchase Order ...,Vytváření nákupní objednávky...,
Creating Purchase Receipt ...,Vytváření příjemky...,
Creating Return of Components ...,Vytváření vratky složek...,
Creating Salary Slips...,Vytváření výplatních pásek...,
Creating Sales Invoices ...,Vytváření vydaných faktur...,
Creating Stock Entry,Vytváření skladového pohybu,
Creating Subcontracting Inward Order ...,Vytváření příchozí objednávky subdodávky...,
Creating Subcontracting Order ...,Vytváření objednávky subdodávky...,
Creating Subcontracting Receipt ...,Vytváření příjemky subdodávky...,
Creating User...,Vytváření uživatele...,
Creating {0}...,Vytváření {0}...,
Creating {} out of {} {},Vytváření {} z {} {},
Creation,Vytvoření,
Creation Date,Datum vytvoření,
Creation Failed,Vytvoření selhalo,
Creation of <b><a href='/app/{0}'>{1}(s)</a></b> successful,Vytvoření <b><a href='/app/{0}'>{1}</a></b> bylo úspěšné,
Creation of Salary Structure Assignments has been queued. It may take a few minutes.,Vytvoření přiřazení mzdových struktur bylo zařazeno do fronty. Může to trvat několik minut.,
Creation of this document is only permitted in developer mode.,Vytvoření tohoto dokumentu je povoleno pouze v režimu vývojáře.,
Creation of {0} has been queued. It may take a few minutes.,Vytvoření {0} bylo zařazeno do fronty. Může to trvat několik minut.,
Credit,Dal,
credit,dal,
Credit & Overdue Limits,Limity úvěru a splatnosti,
Credit (Transaction),Dal (transakce),
Credit ({0}),Dal ({0}),
Credit Account,Účet Dal,
Credit Amount,Částka Dal,
Credit Amount in Account Currency,Částka Dal v měně účtu,
Credit Amount in Reporting Currency,Částka Dal v reportovací měně,
Credit Amount in Transaction Currency,Částka Dal v měně transakce,
Credit Balance,Zůstatek Dal,
Credit Card,Kreditní karta,
Credit Days,Dny splatnosti,
Credit in Company Currency,Dal v měně firmy,
Credit Limit,Úvěrový limit,
Credit Limit Crossed,Úvěrový limit překročen,
Credit limit has been crossed for customer {0} ({1}/{2}),Úvěrový limit klienta {0} byl překročen ({1}/{2}),
Credit limit is already defined for the Company {0},Úvěrový limit pro firmu {0} je již definován,
Credit limit reached for customer {0},Úvěrový limit klienta {0} byl dosažen,
Credit Limits,Úvěrové limity,
Credit Months,Měsíce splatnosti,
Credit Note,Dobropis,
Credit Note Amount,Částka dobropisu,
Credit Note Issued,Vystaven dobropis,
Credit Note {0} has been created automatically,Dobropis {0} byl vytvořen automaticky,
Credit To,Dal na,
Creditor Turnover Ratio,Obrat závazků,
Creditors,Věřitelé,
Criteria,Kritéria,
Criteria Formula,Vzorec kritéria,
Criteria Name,Název kritéria,
Criteria Setup,Nastavení kritérií,
Criteria Weight,Váha kritéria,
Criteria weights must add up to 100%,Váhy kritérií musí dát dohromady 100 %,
CRM,CRM,
Crm Note,Poznámka CRM,
CRM Settings,Nastavení CRM,
Crm Settings,Nastavení CRM,
Cron Format,Formát Cron,
Cron format is required for job types with Cron frequency.,U typů úloh s frekvencí Cron je formát Cron povinný.,
Cron Interval should be between 1 and 59 Min,Interval Cron musí být mezi 1 a 59 minutami,
CSS,CSS,
CSS Class,Třída CSS,
CTA Description,Popis CTA,
CTA Label,Popisek CTA,
CTA Title,Název CTA,
CTA URL,URL adresa CTA,
CTC,CTC,
CTC Missing for Employee,Chybí CTC pro zaměstnance,
Cumulative Threshold,Kumulativní práh,
Currency,Měna,
currency,měna,
Currency and Price List,Měna a ceník,
Currency can not be changed after making entries using some other currency,"Měnu nelze změnit poté, co byly vytvořeny zápisy v jiné měně",
Currency Exchange,Směnný kurz,
Currency Exchange must be applicable for Buying or for Selling.,Směnný kurz musí platit pro nákup nebo pro prodej.,
Currency Exchange Settings,Nastavení směnného kurzu,
Currency Exchange Settings Details,Podrobnosti nastavení směnného kurzu,
Currency Exchange Settings Result,Výsledek nastavení směnného kurzu,
Currency filters are currently unsupported in Custom Financial Report.,Filtry měny nejsou v Custom Financial Report aktuálně podporovány.,
Currency for {0} must be {1},Měna pro {0} musí být {1},
Currency Name,Název měny,
Currency of selected Income Tax Slab should be {0} instead of {1},Měna vybraného daňového pásma musí být {0} místo {1},
Currency of the Closing Account must be {0},Měna uzávěrkového účtu musí být {0},
Currency of the price list {0} must be {1} or {2},Měna ceníku {0} musí být {1} nebo {2},
Currency Precision,Přesnost měny,
Currency should be same as Price List Currency: {0},Měna musí být stejná jako měna ceníku: {0},
Current,Aktuální,
Current Address,Aktuální adresa,
Current Address Is,Aktuální adresa je,
Current Amount,Aktuální částka,
Current Asset Value,Aktuální hodnota majetku,
Current Assets,Oběžná aktiva,
Current BOM,Aktuální kusovník,
Current BOM and New BOM can not be same,Aktuální a nový kusovník nemohou být stejné,
Current Count,Aktuální počet,
Current CTC,Aktuální CTC,
Current Employer,Aktuální zaměstnavatel,
Current Exchange Rate,Aktuální směnný kurz,
Current Index,Aktuální index,
Current Invoice End Date,Datum konce aktuální faktury,
Current Invoice Start Date,Datum začátku aktuální faktury,
Current Job ID,Aktuální ID úlohy,
Current Job Title,Aktuální pracovní pozice,
Current Level,Aktuální úroveň,
Current Liabilities,Krátkodobé závazky,
Current Month Income Tax,Daň z příjmu za aktuální měsíc,
Current Node,Aktuální uzel,
Current Odometer value,Aktuální stav tachometru,
Current Odometer Value should be greater than Last Odometer Value {0},Aktuální stav tachometru musí být vyšší než poslední stav tachometru {0},
Current Openings,Aktuální volná místa,
Current Password,Aktuální heslo,
Current Payroll Period,Aktuální mzdové období,
Current Qty,Aktuální množství,
Current Ratio,Běžná likvidita,
Current Serial / Batch Bundle,Aktuální sada sériových čísel / šarží,
Current Serial No,Aktuální sériové číslo,
Current State,Aktuální stav,
Current Status,Aktuální stav,
Current Stock,Aktuální zásoba,
Current Valuation Rate,Aktuální oceňovací sazba,
Current Value,Aktuální hodnota,
Current Work Experience,Aktuální pracovní zkušenosti,
"Currently, there is no {0} leave period for this date to create/update leave allocation.",Pro toto datum aktuálně neexistuje žádné období volna {0} k vytvoření/aktualizaci přidělení volna.,
Curves,Křivky,
Custodian,Správce,
Custody,Úschova,
Custom,Vlastní,
Custom Base URL,Vlastní základní URL adresa,
Custom Block Name,Název vlastního bloku,
Custom Blocks,Vlastní bloky,
Custom Configuration,Vlastní konfigurace,
Custom CSS,Vlastní CSS,
Custom Delimiters,Vlastní oddělovače,
Custom delimiters,Vlastní oddělovače,
Custom Document Types (Select Permission),Vlastní typy dokumentů (oprávnění výběru),
Custom Documents,Vlastní dokumenty,
Custom Field,Vlastní pole,
Custom field renamed to {0} successfully.,Vlastní pole bylo úspěšně přejmenováno na {0}.,
Custom Field {0} is created by the Administrator and can only be deleted through the Administrator account.,Vlastní pole {0} bylo vytvořeno administrátorem a lze ho smazat pouze prostřednictvím účtu administrátora.,
Custom Fields can only be added to a standard DocType.,Vlastní pole lze přidat pouze ke standardnímu DocTypu.,
Custom Fields cannot be added to core DocTypes.,Vlastní pole nelze přidávat k základním DocTypům.,
Custom Financial Statement,Vlastní účetní závěrka,
Custom Footer,Vlastní patička,
Custom Format,Vlastní formát,
"Custom get_list method for {0} must return a QueryBuilder object or None, got {1}","Vlastní metoda get_list pro {0} musí vrátit objekt QueryBuilder nebo None, obdrženo {1}",
Custom Group Search,Vlastní skupinové vyhledávání,
"Custom Group Search if filled needs to contain the user placeholder {0}, eg uid={0},ou=users,dc=example,dc=com","Pokud je vyplněno vlastní skupinové vyhledávání, musí obsahovat zástupný symbol uživatele {0}, např. uid={0},ou=users,dc=example,dc=com",
Custom HTML,Vlastní HTML,
Custom Html Block,Vlastní blok HTML,
Custom HTML Help,Nápověda k vlastnímu HTML,
Custom Label,Vlastní popisek,
"Custom LDAP Directoy Selected, please ensure 'LDAP Group Member attribute' and 'Group Object Class' are entered","Byl vybrán vlastní adresář LDAP, ujistěte se, že jsou vyplněny atributy „LDAP Group Member attribute“ a „Group Object Class“",
Custom Menu Items,Vlastní položky nabídky,
Custom Options,Vlastní možnosti,
Custom Overrides,Vlastní přepsání,
Custom Remark,Vlastní poznámka,
Custom Remarks,Vlastní poznámky,
Custom Reports,Vlastní reporty,
Custom Role,Vlastní role,
Custom Script,Vlastní skript,
Custom SCSS,Vlastní SCSS,
Custom Sidebar Menu,Vlastní boční nabídka,
Custom?,Vlastní?,
Customer,Klient,
Customer / Item / Item Group,Klient / položka / skupina položek,
Customer / Lead Address,Adresa klienta / potenciálního zákazníka,
Customer > Customer Group > Territory,Klient > Skupina klientů > Region,
Customer Acquisition and Loyalty,Získávání a loajalita klientů,
Customer Address,Adresa klienta,
Customer Addresses And Contacts,Adresy a kontakty klienta,
Customer Advances,Zálohy klientů,
Customer Code,Kód klienta,
Customer Contact,Kontakt klienta,
Customer Contact Email,E-mail kontaktu klienta,
Customer contact updated successfully.,Kontakt klienta byl úspěšně aktualizován.,
Customer Credit Balance,Kreditní zůstatek klienta,
Customer Credit Limit,Úvěrový limit klienta,
Customer Currency,Měna klienta,
Customer Defaults,Výchozí hodnoty klienta,
Customer Details,Podrobnosti klienta,
Customer Feedback,Zpětná vazba klienta,
Customer Group,Skupina klientů,
Customer Group Item,Položka skupiny klientů,
Customer Group Name,Název skupiny klientů,
Customer Groups,Skupiny klientů,
Customer is required,Klient je povinný,
Customer isn't enrolled in any Loyalty Program,Klient není zapojen do žádného věrnostního programu,
Customer Item,Položka klienta,
Customer Items,Položky klienta,
Customer Ledger,Kniha klienta,
Customer Ledger Summary,Souhrn knihy klienta,
Customer LPO,Objednávka klienta (LPO),
Customer Mobile No,Mobilní telefon klienta,
Customer Name,Jméno klienta,
Customer Naming By,Pojmenování klienta podle,
Customer Number,Číslo klienta,
Customer Number At Supplier,Číslo klienta u dodavatele,
Customer Numbers,Čísla klientů,
Customer or Item,Klient nebo položka,
Customer PO,Objednávka klienta,
Customer PO Details,Podrobnosti objednávky klienta,
Customer Portal Users,Uživatelé portálu klienta,
Customer POS ID,POS ID klienta,
Customer Primary Address,Primární adresa klienta,
Customer Primary Contact,Primární kontakt klienta,
Customer Provided Item Cost,Náklady na položku dodanou klientem,
Customer required for 'Customerwise Discount',Pro „Customerwise Discount“ je vyžadován klient,
Customer Service,Zákaznický servis,
Customer Territory,Region klienta,
Customer Type,Typ klienta,
Customer Warehouse,Sklad klienta,
Customer Warehouse (Optional),Sklad klienta (volitelné),
Customer Warehouse {0} does not belong to Customer {1}.,Sklad klienta {0} nepatří klientovi {1}.,
Customer {0} does not belong to project {1},Klient {0} nepatří k projektu {1},
Customer's Item Code,Kód položky klienta,
Customer's Purchase Order,Objednávka klienta,
Customer's Purchase Order Date,Datum objednávky klienta,
Customer's Purchase Order No,Číslo objednávky klienta,
Customer-wise Item Price,Cena položky dle klienta,
Customer/Lead Name,Jméno klienta / potenciálního zákazníka,
Customers,Klienti,
Customers not selected.,Klienti nebyli vybráni.,
Customers Without Any Sales Transactions,Klienti bez jakýchkoli prodejních transakcí,
Customization,Přizpůsobení,
Customizations for <b>{0}</b> exported to:<br>{1},Přizpůsobení pro <b>{0}</b> exportována do:<br>{1},
Customizations Reset,Přizpůsobení resetována,
Customize,Přizpůsobit,
Customize Child Table,Přizpůsobit podřízenou tabulku,
Customize Form,Přizpůsobit formulář,
Customize Form - {0},Přizpůsobit formulář - {0},
Customize Form Field,Přizpůsobit pole formuláře,
Customs Tariff Number,Celní sazební číslo,
CWIP Account,Účet nedokončeného dlouhodobého majetku,
Cycle Name,Název cyklu,
Cycles,Cykly,
D - E,D - E,
Daily,Denně,
Daily Events should finish on the Same Day.,Denní události musí skončit tentýž den.,
Daily Project Summary for {0},Denní souhrn projektu pro {0},
Daily Reminders,Denní připomenutí,
Daily Time to send,Denní čas odeslání,
Daily Timesheet Summary,Denní souhrn výkazu práce,
Daily Work Summary,Denní pracovní souhrn,
Daily Work Summary Group,Skupina denního pracovního souhrnu,
Daily Work Summary Group User,Uživatel skupiny denního pracovního souhrnu,
Daily Work Summary Replies,Odpovědi na denní pracovní souhrn,
Daily Yield (%),Denní výnos (%),
Dark Color,Tmavá barva,
Dashboard,Dashboard,
dashboard,Dashboard,
Dashboard Chart,Graf dashboardu,
Dashboard Chart Field,Pole grafu dashboardu,
Dashboard Chart Link,Odkaz grafu dashboardu,
Dashboard Chart Source,Zdroj grafu dashboardu,
Dashboard Name,Název dashboardu,
Dashboard Settings,Nastavení dashboardu,
Dashboards,Dashboardy,
Data,Data,
Data Based On,Data na základě,
Data Export,Export dat,
Data fetch method,Metoda načtení dat,
Data Import,Import dat,
Data Import and Settings,Import dat a nastavení,
Data Import Configuration,Konfigurace importu dat,
Data Import is not allowed for {0}. Enable 'Allow Import' in DocType settings.,Import dat není pro {0} povolen. Povolte „Allow Import“ v nastavení DocType.,
Data Import Log,Log importu dat,
Data Import Template,Šablona importu dat,
Data Source,Zdroj dat,
Data Too Long,Data jsou příliš dlouhá,
Database,Databáze,
Database Engine,Databázový engine,
Database Processes,Databázové procesy,
Database Storage Usage By Tables,Využití databázového úložiště podle tabulek,
Database Table Row Size Limit,Limit velikosti řádku databázové tabulky,
Database Version,Verze databáze,
Date,Datum,
date,datum,
Date and Number Format,Formát data a čísel,
Date Based On,Datum na základě,
Date Format,Formát data,
Date is repeated,Datum se opakuje,
Date must be between {0} and {1},Datum musí být mezi {0} a {1},
Date of Birth,Datum narození,
Date of Birth cannot be greater than today.,Datum narození nemůže být pozdější než dnešní datum.,
Date of Commencement,Datum zahájení,
Date of Commencement should be greater than Date of Incorporation,Datum zahájení musí být pozdější než datum založení,
Date of Establishment,Datum vzniku,
Date of Incorporation,Datum založení,
Date of Issue,Datum vystavení,
Date of Joining,Datum nástupu,
Date Of Retirement,Datum odchodu do důchodu,
Date of Transaction,Datum transakce,
Date Range,Rozsah data,
Date Range Exceeded,Rozsah data překročen,
Date Settings,Nastavení data,
Date {0} is repeated in Overtime Details,Datum {0} se opakuje v podrobnostech přesčasů,
dated {0},ze dne {0},
Dates,Data,
Dates & Reason,Data a důvod,
Dates are often easy to guess.,Data lze často snadno uhodnout.,
Dates Based On,Data na základě,
Dates to Process,Data ke zpracování,
Day,Den,
day,den,
Day Of Week,Den v týdnu,
Day of Week,Den v týdnu,
Day to Send,Den odeslání,
Days Before or After,Dny před nebo po,
Days for which Holidays are blocked for this department.,"Dny, pro které jsou pro toto oddělení zablokovány svátky.",
Days Since Last Order,Dny od poslední objednávky,
Days Since Last order,Dny od poslední objednávky,
Days to Reverse,Dny do zpětného zaúčtování,
Days to Reverse must be greater than zero.,Dny do zpětného zaúčtování musí být větší než nula.,
Days Until Due,Dny do splatnosti,
DB Tables,Databázové tabulky,
Deal Owner,Vlastník obchodu,
"Dear System Manager,","Vážený správce systému,",
Debit,Má dáti,
debit,má dáti,
Debit (Transaction),Má dáti (transakce),
Debit ({0}),Má dáti ({0}),
Debit / Credit Note Posting Date,Datum zaúčtování dobropisu / vrubopisu,
Debit A/C Number,Číslo účtu Má dáti,
Debit Account,Účet Má dáti,
Debit Amount,Částka Má dáti,
Debit Amount in Account Currency,Částka Má dáti v měně účtu,
Debit Amount in Reporting Currency,Částka Má dáti v reportovací měně,
Debit Amount in Transaction Currency,Částka Má dáti v měně transakce,
Debit and Credit not equal for {0} #{1}. Difference is {2}.,Má dáti a Dal se u {0} č. {1} neshodují. Rozdíl je {2}.,
Debit in Company Currency,Má dáti v měně firmy,
Debit Note,Vrubopis,
Debit Note Amount,Částka vrubopisu,
Debit To,Má dáti na,
Debit to,Má dáti na,
Debit To is required,Má dáti na je povinné,
Debit-Credit Mismatch,Nesoulad Má dáti a Dal,
Debit-Credit mismatch,Nesoulad Má dáti a Dal,
Debt Equity Ratio,Ukazatel zadluženosti,
Debtor Turnover Ratio,Obrat pohledávek,
Debtor/Creditor,Dlužník/Věřitel,
Debtor/Creditor Advance,Záloha dlužníka/věřitele,
Debtors,Dlužníci,
Debug Log,Ladicí log,
Dec,Pro,
Decision Pending,Rozhodnutí čeká,
Declarations,Prohlášení,
Declared Amount,Deklarovaná částka,
Deduct Full Tax on Selected Payroll Date,Odečíst celou daň k vybranému datu výplaty,
Deduct Tax For Unsubmitted Tax Exemption Proof,Odečíst daň za nepředložený doklad o osvobození od daně,
Deduct Tax On Basis,Odečíst daň na základě,
Deducted From,Odečteno z,
Deductee Details,Podrobnosti o osobě se srážkou,
Deduction,Srážka,
Deduction Arrears,Nedoplatek srážky,
Deduction Certificate,Potvrzení o srážce,
Deduction from Salary,Srážka ze mzdy,
Deduction Reports,Reporty srážek,
Deductions,Srážky,
Deductions before tax calculation,Srážky před výpočtem daně,
Deductions or Loss,Srážky nebo ztráta,
Default,Výchozí,
Default Account,Výchozí účet,
Default Accounts,Výchozí účty,
Default Activity Cost exists for Activity Type - {0},Výchozí náklady na činnost pro typ činnosti {0} již existují,
Default Address Template cannot be deleted,Výchozí šablonu adresy nelze smazat,
Default Advance Account,Výchozí zálohový účet,
Default Advance Paid Account,Výchozí účet zaplacených záloh,
Default Advance Received Account,Výchozí účet přijatých záloh,
Default Ageing Range,Výchozí rozsah stáří pohledávek,
Default Amendment Naming,Výchozí pojmenování oprav,
Default Amount,Výchozí částka,
Default App,Výchozí aplikace,
Default Bank Account,Výchozí bankovní účet,
Default Base Pay,Výchozí základní mzda,
Default Billing Rate,Výchozí fakturační sazba,
Default BOM,Výchozí kusovník,
Default BOM ({0}) must be active for this item or its template,Výchozí kusovník ({0}) musí být pro tuto položku nebo její šablonu aktivní,
Default BOM for {0} not found,Výchozí kusovník pro {0} nebyl nalezen,
Default BOM not found for FG Item {0},Výchozí kusovník pro hotový výrobek {0} nebyl nalezen,
Default BOM not found for Item {0} and Project {1},Výchozí kusovník pro položku {0} a projekt {1} nebyl nalezen,
Default Buying Cost Center,Výchozí nákladové středisko pro nákup,
Default Buying Price List,Výchozí nákupní ceník,
Default Buying Terms,Výchozí nákupní podmínky,
Default Cash Account,Výchozí pokladní účet,
Default COGS Account,Výchozí účet nákladů na prodané zboží,
Default Common Code,Výchozí společný kód,
Default Company,Výchozí firma,
Default Cost Center,Výchozí nákladové středisko,
Default Cost of Goods Sold Account,Výchozí účet nákladů na prodané zboží,
Default Costing Rate,Výchozí kalkulovaná sazba,
Default Currency,Výchozí měna,
Default Customer Group,Výchozí skupina klientů,
Default Deferred Expense Account,Výchozí účet časově rozlišených nákladů,
Default Deferred Revenue Account,Výchozí účet časově rozlišených výnosů,
Default Dimension,Výchozí dimenze,
Default Discount Account,Výchozí účet slevy,
Default Distance Unit,Výchozí jednotka vzdálenosti,
Default Email Template,Výchozí e-mailová šablona,
Default Employee Advance Account,Výchozí účet záloh zaměstnanci,
Default Expense Account,Výchozí nákladový účet,
Default Expense Claim Payable Account,Výchozí účet závazků z vyúčtování výdajů,
Default Finance Book,Výchozí účetní kniha,
Default Finished Goods Warehouse,Výchozí sklad hotových výrobků,
Default Holiday List,Výchozí seznam svátků,
Default In-Transit Warehouse,Výchozí tranzitní sklad,
Default Inbox,Výchozí schránka příchozí pošty,
Default Income Account,Výchozí výnosový účet,
Default Incoming,Výchozí příchozí,
Default Inventory Account,Výchozí skladový účet,
Default Item Group,Výchozí skupina položek,
Default Item Manufacturer,Výchozí výrobce položky,
Default Letter Head,Výchozí hlavičkový papír,
Default Manufacturer Part No,Výchozí katalogové číslo výrobce,
Default Material Request Type,Výchozí typ požadavku na materiál,
Default Operating Cost Account,Výchozí účet provozních nákladů,
Default Outgoing,Výchozí odchozí,
Default Payable Account,Výchozí účet závazků,
Default Payment Discount Account,Výchozí účet platební slevy,
Default Payment Request Message,Výchozí zpráva požadavku na platbu,
Default Payment Terms Template,Výchozí šablona platebních podmínek,
Default Payroll Payable Account,Výchozí účet mzdových závazků,
Default Portal Home,Výchozí domovská stránka portálu,
Default Price List,Výchozí ceník,
Default Print Format,Výchozí tiskový formát,
Default Print Language,Výchozí jazyk tisku,
Default Priority,Výchozí priorita,
Default Provisional Account,Výchozí prozatímní účet,
Default Provisional Account (Service),Výchozí prozatímní účet (služba),
Default Purchase Unit of Measure,Výchozí nákupní měrná jednotka,
Default Quotation Validity Days,Výchozí platnost nabídky (dny),
Default Receivable Account,Výchozí účet pohledávek,
Default Redirect URI,Výchozí přesměrovací URI,
Default Role at Time of Signup,Výchozí role při registraci,
Default Salary Structure,Výchozí mzdová struktura,
Default Sales Contact,Výchozí prodejní kontakt,
Default Sales Unit of Measure,Výchozí prodejní měrná jednotka,
Default Scrap Warehouse,Výchozí sklad odpadu,
Default Selling Cost Center,Výchozí nákladové středisko pro prodej,
Default Selling Terms,Výchozí prodejní podmínky,
Default Sending,Výchozí odesílání,
Default Sending and Inbox,Výchozí odesílání a příchozí pošta,
Default Service Level Agreement,Výchozí dohoda o úrovni služeb,
Default Service Level Agreement for {0} already exists.,Výchozí dohoda o úrovni služeb pro {0} již existuje.,
Default Shift,Výchozí směna,
Default Sort Field,Výchozí pole řazení,
Default Sort Order,Výchozí pořadí řazení,
Default Source Warehouse,Výchozí zdrojový sklad,
Default Stock UOM,Výchozí skladová měrná jednotka,
Default Stock Valuation Method,Výchozí metoda oceňování zásob,
Default Supplier,Výchozí dodavatel,
Default Supplier Group,Výchozí skupina dodavatelů,
Default Target Warehouse,Výchozí cílový sklad,
"Default tax templates for sales, purchase and items are created.","Byly vytvořeny výchozí daňové šablony pro prodej, nákup a položky.",
Default Template For Field,Výchozí šablona pro pole,
Default Territory,Výchozí region,
Default Theme,Výchozí motiv vzhledu,
Default Unit of Measure,Výchozí měrná jednotka,
Default Unit of Measure for Item {0} cannot be changed directly because you have already made some transaction(s) with another UOM. You need to either cancel the linked documents or create a new Item.,"Výchozí měrnou jednotku položky {0} nelze změnit přímo, protože již byly provedeny transakce s jinou měrnou jednotkou. Musíte buď stornovat propojené dokumenty, nebo vytvořit novou položku.",
Default Unit of Measure for Item {0} cannot be changed directly because you have already made some transaction(s) with another UOM. You will need to create a new Item to use a different Default UOM.,"Výchozí měrnou jednotku položky {0} nelze změnit přímo, protože již byly provedeny transakce s jinou měrnou jednotkou. Pro použití jiné výchozí měrné jednotky bude nutné vytvořit novou položku.",
Default Unit of Measure for Variant '{0}' must be same as in Template '{1}',Výchozí měrná jednotka varianty „{0}“ musí být stejná jako u šablony „{1}“,
Default User Role,Výchozí uživatelská role,
Default User Type,Výchozí typ uživatele,
Default Valuation Method,Výchozí metoda oceňování,
Default Value,Výchozí hodnota,
Default value for {0} must be in the list of options.,Výchozí hodnota pro {0} musí být ze seznamu možností.,
Default View,Výchozí zobrazení,
Default Warehouse,Výchozí sklad,
Default Warehouse for Sales Return,Výchozí sklad pro prodejní vratku,
Default Work In Progress Warehouse,Výchozí sklad nedokončené výroby,
Default Workspace,Výchozí pracovní plocha,
Default Workstation,Výchozí pracoviště,
Default {0},Výchozí {0},
Defaults,Výchozí hodnoty,
Defaults Updated,Výchozí hodnoty aktualizovány,
Deferred Accounting,Časové rozlišení,
Deferred Accounting Defaults,Výchozí hodnoty časového rozlišení,
Deferred accounting failed for some invoices:,Časové rozlišení selhalo u některých faktur:,
Deferred Accounting Settings,Nastavení časového rozlišení,
Deferred Expense,Časově rozlišený náklad,
Deferred Expense Account,Účet časově rozlišených nákladů,
Deferred Revenue,Časově rozlišený výnos,
Deferred Revenue Account,Účet časově rozlišených výnosů,
Deferred Revenue and Expense,Časově rozlišené výnosy a náklady,
Define Project type.,Definujte typ projektu.,
Delay (In Days),Zpoždění (dny),
Delay (in Days),Zpoždění (dny),
Delay between Delivery Stops,Prodleva mezi zastávkami rozvozu,
Delay in payment (Days),Zpoždění platby (dny),
Delayed,Zpožděno,
Delayed Days,Dny zpoždění,
Delayed Item Report,Report zpožděných položek,
Delayed Order Report,Report zpožděných objednávek,
Delayed Tasks Summary,Souhrn zpožděných úkolů,
Delete,Smazat,
Delete Accounting and Stock Ledger entries on deletion of transaction,Smazat účetní a skladové zápisy při smazání transakce,
Delete all the Transactions for {0},Smazat všechny transakce pro {0},
Delete Attachment,Smazat přílohu,
Delete Background Exported Reports After (Hours),Smazat exportované reporty na pozadí po (hodinách),
Delete Bins,Smazat skladové zásoby (Bins),
Delete Cancelled Ledger Entries,Smazat stornované zápisy hlavní knihy,
Delete Data,Smazat data,
Delete Demo Data,Smazat demo data,
Delete Dimension,Smazat dimenzi,
Delete Leads and Addresses,Smazat potenciální zákazníky a adresy,
Delete this record to allow sending to this email address,"Smažte tento záznam, abyste mohli na tuto e-mailovou adresu znovu odesílat",
Delete Transactions,Smazat transakce,
Delete {0},Smazat {0},
Deleted,Smazáno,
Deleted all documents successfully,Všechny dokumenty byly úspěšně smazány,
Deleted DocType,Smazaný DocType,
Deleted Document,Smazaný dokument,
Deleted Documents,Smazané dokumenty,
Deleted Name,Smazaný název,
Deleting {0},Mazání {0},
Deleting {0} and all associated Common Code documents...,Mazání {0} a všech souvisejících dokumentů se společným kódem...,
Deletion in Progress!,Probíhá mazání!,
Deletion is not permitted for country {0},Mazání není pro zemi {0} povoleno,
Deletion of this document is only permitted in developer mode.,Smazání tohoto dokumentu je povoleno pouze v režimu vývojáře.,
Deletion process restarted,Proces mazání byl restartován,
Deletion Steps,Kroky mazání,
Deletion will start automatically after submission.,Mazání bude po odeslání zahájeno automaticky.,
Delimiter detection failed. Try to enable custom delimiters and adjust the delimiter options as per your data.,Detekce oddělovače selhala. Zkuste povolit vlastní oddělovače a upravit možnosti oddělovače podle vašich dat.,
Delimiter Options,Možnosti oddělovače,
Delimiter options,Možnosti oddělovače,
DeLinked,Odpojeno,
Deliver (Dropship),Doručit (dropshipping),
Deliver secondary Items,Doručit vedlejší položky,
Delivered,Dodáno,
Delivered Amount,Dodaná částka,
Delivered By Supplier,Dodáno dodavatelem,
Delivered by Supplier,Dodáno dodavatelem,
Delivered by Supplier (Drop Ship),Dodáno dodavatelem (dropshipping),
Delivered Items To Be Billed,Dodané položky k vyfakturování,
Delivered Qty,Dodané množství,
Delivered Qty (in Stock UOM),Dodané množství (ve skladové měrné jednotce),
Delivered Qty cannot be increased by more than {0} for item {1},Dodané množství u položky {1} nelze zvýšit o více než {0},
Delivered Qty cannot be reduced by more than {0} for item {1},Dodané množství u položky {1} nelze snížit o více než {0},
Delivered Quantity,Dodané množství,
Delivery Date,Datum dodání,
Delivery Details,Podrobnosti dodání,
Delivery From Date,Datum dodání od,
Delivery Note,Dodací list,
Delivery Note Item,Položka dodacího listu,
Delivery Note No,Číslo dodacího listu,
Delivery Note Packed Item,Balená položka dodacího listu,
Delivery Note Trends,Trendy dodacích listů,
Delivery Note {0} is not submitted,Dodací list {0} není odeslán,
Delivery Notes,Dodací listy,
Delivery Notes should not be in draft state when submitting a Delivery Trip. The following Delivery Notes are still in draft state: {0}. Please submit them first.,Při odesílání rozvozové trasy nesmí být dodací listy ve stavu koncept. Následující dodací listy jsou stále ve stavu koncept: {0}. Nejprve je odešlete.,
Delivery Notes {0} updated,Dodací listy {0} byly aktualizovány,
Delivery Schedule,Harmonogram dodání,
Delivery Schedule Item,Položka harmonogramu dodání,
Delivery Settings,Nastavení dodání,
Delivery Status,Stav dodání,
Delivery Status Notification Type,Typ oznámení o stavu dodání,
Delivery Stop,Zastávka rozvozu,
Delivery Stops,Zastávky rozvozu,
Delivery To,Dodání pro,
Delivery to,Dodání pro,
Delivery To Date,Datum dodání do,
Delivery Trip,Rozvozová trasa,
Delivery Warehouse,Sklad dodání,
Demand,Poptávka,
Demand Qty,Poptávané množství,
Demand vs Supply,Poptávka vs nabídka,
Demo Bank Account,Demo bankovní účet,
Demo Company,Demo firma,
Demo Data creation failed.,Vytvoření demo dat selhalo.,
Demo data creation failed. Check notifications for more info.,Vytvoření demo dat selhalo. Další informace najdete v oznámeních.,
Department,Oddělení,
department,Oddělení,
Department Approver,Schvalovatel oddělení,
Department Wise Openings,Volná místa dle oddělení,
Department {0} does not belong to company: {1},Oddělení {0} nepatří firmě: {1},
Department: {0},Oddělení: {0},
Departure Datetime,Datum a čas odjezdu,
Departure Time,Čas odjezdu,
Dependencies,Závislosti,
Dependent Task,Závislý úkol,
Dependent Task {0} is not a Template Task,Závislý úkol {0} není šablonový úkol,
Dependent Tasks,Závislé úkoly,
Depends On,Závisí na,
Depends On Payment Days,Závisí na dnech platby,
Depends on Payment Days,Závisí na dnech platby,
Depends on Tasks,Závisí na úkolech,
Deposit,Vklad,
Depreciate based on daily pro-rata,Odepisovat na základě denní poměrné části,
Depreciate based on shifts,Odepisovat na základě směn,
Depreciated Amount,Odepsaná částka,
Depreciation,Odpisy,
Depreciation Amount,Částka odpisu,
Depreciation Amount during the period,Částka odpisu za období,
Depreciation cannot be calculated for fully depreciated assets,U plně odepsaného majetku nelze vypočítat odpis,
Depreciation Date,Datum odpisu,
Depreciation Details,Podrobnosti odpisu,
Depreciation Eliminated due to disposal of assets,Odpis vyřazen z důvodu vyřazení majetku,
Depreciation eliminated via reversal,Odpis vyřazen zpětným zaúčtováním,
Depreciation Entry,Odpisový zápis,
Depreciation Entry against asset {0},Odpisový zápis k majetku {0},
Depreciation Entry against {0} worth {1},Odpisový zápis k {0} v hodnotě {1},
Depreciation Entry Posting Status,Stav zaúčtování odpisového zápisu,
Depreciation Expense Account,Nákladový účet odpisů,
Depreciation Expense Account should be an Income or Expense Account.,Nákladový účet odpisů musí být výnosový nebo nákladový účet.,
Depreciation Method,Metoda odpisování,
Depreciation Options,Možnosti odpisování,
Depreciation Posting Date,Datum zaúčtování odpisu,
Depreciation Posting Date cannot be before Available-for-use Date,Datum zaúčtování odpisu nemůže předcházet datu uvedení do užívání,
Depreciation Row {0}: Depreciation Posting Date cannot be before Available-for-use Date,"Odpis, řádek {0}: Datum zaúčtování odpisu nemůže předcházet datu uvedení do užívání",
Depreciation Row {0}: Expected value after useful life must be greater than or equal to {1},"Odpis, řádek {0}: Očekávaná hodnota po skončení životnosti musí být větší nebo rovna {1}",
Depreciation Schedule,Odpisový plán,
Depreciation Schedule View,Zobrazení odpisového plánu,
Depth,Hloubka,
Description,Popis,
description,popis,
Description of Content,Popis obsahu,
Description Rules,Pravidla popisu,
Designation,Pracovní pozice,
designation,Pracovní pozice,
Designation Skill,Dovednost pracovní pozice,
Designation: {0},Pracovní pozice: {0},
Desk Access,Přístup do aplikace,
Desk Settings,Nastavení aplikace,
Desk Theme,Motiv vzhledu aplikace,
Desktop Icon,Ikona plochy,
Desktop Layout,Rozvržení plochy,
Desktop Settings,Nastavení plochy,
Detailed Reason,Podrobný důvod,
Details,Podrobnosti,
"Details of Sponsor (Name, Location)","Podrobnosti o sponzorovi (jméno, umístění)",
Detect CSV type,Detekovat typ CSV,
Detected Amount Format,Detekovaný formát částky,
Detected Date Format,Detekovaný formát data,
Detected Header Index,Detekovaný index záhlaví,
Detected Transaction Ending Index,Detekovaný index konce transakce,
Detected Transaction Starting Index,Detekovaný index začátku transakce,
Determine Address Tax Category from,Určit daňovou kategorii adresy z,
Determine Check-in and Check-out,Určit příchod a odchod,
Did not add,Nebylo přidáno,
Did not remove,Nebylo odstraněno,
Difference,Rozdíl,
Difference (Dr - Cr),Rozdíl (Má dáti - Dal),
Difference Account,Rozdílový účet,
Difference Account in Items Table,Rozdílový účet v tabulce položek,
"Difference Account must be a Asset/Liability type account (Temporary Opening), since this Stock Entry is an Opening Entry","Rozdílový účet musí být účet typu Aktiva/Pasiva (Temporary Opening), protože tento skladový pohyb je počátečním zápisem",
"Difference Account must be a Asset/Liability type account, since this Stock Reconciliation is an Opening Entry","Rozdílový účet musí být účet typu Aktiva/Pasiva, protože tato skladová inventura je počátečním zápisem",
Difference Amount,Rozdílová částka,
Difference Amount (Company Currency),Rozdílová částka (měna firmy),
Difference Amount must be zero,Rozdílová částka musí být nulová,
Difference In,Rozdíl v,
Difference Posting Date,Datum zaúčtování rozdílu,
Difference Qty,Rozdílové množství,
Difference Value,Rozdílová hodnota,
Different 'Source Warehouse' and 'Target Warehouse' can be set for each row.,Pro každý řádek lze nastavit jiný „zdrojový sklad“ a „cílový sklad“.,
Different UOM for items will lead to incorrect (Total) Net Weight value. Make sure that Net Weight of each item is in the same UOM.,"Odlišná měrná jednotka u položek povede k nesprávné hodnotě (celkové) čisté hmotnosti. Zajistěte, aby čistá hmotnost každé položky byla ve stejné měrné jednotce.",
Digits,Číslice,
Dimension Defaults,Výchozí hodnoty dimenze,
Dimension Details,Podrobnosti dimenze,
Dimension Filter,Filtr dimenze,
Dimension Filter Help,Nápověda k filtru dimenze,
Dimension Name,Název dimenze,
Dimension-wise Accounts Balance Report,Report zůstatků účtů dle dimenze,
Dimensions,Dimenze,
Dinars,Dináry,
Direct Expenses,Přímé náklady,
Direct Income,Přímé výnosy,
Direct return is not allowed for Timesheet.,U výkazu práce není přímá vratka povolena.,
Directory Server,Adresářový server,
Disable,Zakázat,
"Disable ""Consider Accounting Dimension"" Filter",Zakázat filtr „Zohlednit účetní dimenzi“,
Disable Auto Refresh,Zakázat automatické obnovení,
Disable Automatic Recency Filters,Zakázat automatické filtry aktuálnosti,
Disable Capacity Planning,Zakázat plánování kapacity,
Disable Change Log Notification,Zakázat oznámení o záznamu změn,
Disable Comment Count,Zakázat počet komentářů,
Disable Count,Zakázat počet,
Disable Cumulative Threshold,Zakázat kumulativní práh,
Disable Document Sharing,Zakázat sdílení dokumentu,
Disable In Words,Zakázat slovní vyjádření,
Disable last purchase rate,Zakázat poslední nákupní cenu,
Disable Opening Balance Calculation,Zakázat výpočet počátečního zůstatku,
Disable Prepared Report Automation,Zakázat automatizaci připravených reportů,
Disable Product Suggestion,Zakázat návrhy produktů,
Disable Report,Zakázat report,
Disable Rounded Total,Zakázat zaokrouhlenou celkovou částku,
Disable Scrolling,Zakázat posouvání,
Disable Serial No and Batch selector,Zakázat výběr sériového čísla a šarže,
Disable Sidebar Stats,Zakázat statistiky v bočním panelu,
Disable Signup for your site,Zakázat registraci na vašem webu,
Disable signups,Zakázat registrace,
Disable SMTP server authentication,Zakázat ověřování SMTP serveru,
Disable Standard Email Footer,Zakázat standardní patičku e-mailu,
Disable System Update Notification,Zakázat oznámení o aktualizaci systému,
Disable Transaction Threshold,Zakázat práh transakce,
Disable Username/Password Login,Zakázat přihlášení uživatelským jménem/heslem,
"Disable {0} for the {1} component, to prevent the amount from being deducted twice, as its formula already uses a payment-days-based component.","Zakažte {0} u složky {1}, aby se částka neodečetla dvakrát, protože její vzorec již používá složku založenou na dnech platby.",
Disable {0} or {1} to proceed.,Pro pokračování zakažte {0} nebo {1}.,
Disabled,Zakázáno,
Disabled Account Selected,Vybrán zakázaný účet,
Disabled Auto Reply,Zakázaná automatická odpověď,
Disabled Bank Account,Zakázaný bankovní účet,
Disabled pricing rules since this {} is an internal transfer,"Cenová pravidla byla zakázána, protože {} je interní převod",
Disabled tax included prices since this {} is an internal transfer,"Ceny s daní byly zakázány, protože {} je interní převod",
Disabled template must not be default template,Zakázaná šablona nesmí být výchozí šablonou,
Disabled Warehouse {0} cannot be used for this transaction.,Zakázaný sklad {0} nelze pro tuto transakci použít.,
Disabling Push Notifications...,Zakazování push notifikací...,
Disassemble,Rozložit,
Disassemble Order,Objednávka rozložení,
Disassemble Qty cannot be less than or equal to 0.,Množství k rozložení nemůže být menší nebo rovno 0.,
Disassemble Qty cannot be less than or equal to <b>0</b>.,Množství k rozložení nemůže být menší nebo rovno <b>0</b>.,
Disassembled Qty,Rozložené množství,
Disburse Loan,Vyplatit úvěr,
Disbursed,Vyplaceno,
Discarded,Zahozeno,
Discount,Sleva,
Discount (%),Sleva (%),
Discount (%) on Price List Rate with Margin,Sleva (%) z ceny dle ceníku s marží,
Discount Account,Účet slevy,
Discount Amount,Částka slevy,
Discount Amount in Transaction,Částka slevy v transakci,
Discount and Margin,Sleva a marže,
discount applied,sleva uplatněna,
Discount cannot be greater than 100%,Sleva nemůže být vyšší než 100 %,
Discount cannot be greater than 100%.,Sleva nemůže být vyšší než 100 %.,
Discount Date,Datum slevy,
Discount must be less than 100,Sleva musí být nižší než 100,
Discount of {} applied as per Payment Term,Sleva {} byla uplatněna podle platební podmínky,
Discount on Other Item,Sleva na jinou položku,
Discount on Price List Rate (%),Sleva z ceny dle ceníku (%),
Discount Percentage,Procento slevy,
Discount Percentage can be applied either against a Price List or for all Price List.,"Procento slevy lze uplatnit buď na konkrétní ceník, nebo na všechny ceníky.",
Discount Percentage in Transaction,Procento slevy v transakci,
Discount Settings,Nastavení slevy,
Discount Type,Typ slevy,
Discount Validity,Platnost slevy,
Discount Validity Based On,Platnost slevy na základě,
Discounted Amount,Zvýhodněná částka,
Discounted Invoice,Zvýhodněná faktura,
Discounts,Slevy,
Discrepancy between General and Payment Ledger,Nesoulad mezi hlavní knihou a knihou plateb,
Discretionary Reason,Volitelný důvod,
Discussion Reply,Odpověď v diskusi,
Discussion Topic,Téma diskuse,
Dislikes,Nelíbí se,
Dismiss,Zavřít,
Dispatch,Expedice,
Dispatch Address,Expediční adresa,
Dispatch Address Details,Podrobnosti expediční adresy,
Dispatch Address Name,Název expediční adresy,
Dispatch Address Template,Šablona expediční adresy,
Dispatch Information,Informace o expedici,
Dispatch Notification,Oznámení o expedici,
Dispatch Notification Attachment,Příloha oznámení o expedici,
Dispatch Notification Template,Šablona oznámení o expedici,
Dispatch Settings,Nastavení expedice,
Display,Zobrazit,
Display & Data Formatting,Zobrazení a formátování dat,
Display Depends On,Zobrazení závisí na,
Display Depends On (JS),Zobrazení závisí na (JS),
Display Name,Zobrazovaný název,
Disposal Date,Datum vyřazení,
Disposal date {0} cannot be before {1} date {2} of the asset.,Datum vyřazení {0} nemůže předcházet datu {1} {2} majetku.,
Distance,Vzdálenost,
Distance from left edge,Vzdálenost od levého okraje,
Distance from top edge,Vzdálenost od horního okraje,
Distance UOM,Měrná jednotka vzdálenosti,
Distribute Additional Costs Based On,Rozdělit dodatečné náklady na základě,
Distribute Charges Based On,Rozdělit poplatky na základě,
Distribute Equally,Rozdělit rovnoměrně,
Distributed Discount Amount,Rozdělená částka slevy,
Distribution Frequency,Frekvence rozdělení,
Distribution Name,Název rozdělení,
Distributor,Distributor,
Dividends Paid,Vyplacené dividendy,
Do Not Contact,Nekontaktovat,
Do Not Create New User,Nevytvářet nového uživatele,
Do Not Explode,Nerozkládat,
Do not fetch incoming rate from Serial No,Nenačítat příchozí cenu ze sériového čísla,
Do Not Include in Accounting Entries,Nezahrnovat do účetních zápisů,
Do Not Include in Total,Nezahrnovat do celkové částky,
Do not include in total,Nezahrnovat do celkové částky,
Do not update Serial / Batch on creation of auto bundle,Neaktualizovat sériové číslo / šarži při automatickém vytvoření sady,
Do not update variants on save,Neaktualizovat varianty při uložení,
Do not use Batch-wise Valuation,Nepoužívat oceňování dle šarže,
Do Not Use Batchwise Valuation,Nepoužívat oceňování dle šarže,
Do you really want to restore this scrapped asset?,Opravdu chcete obnovit tento vyřazený majetek?,
Do you still want to enable immutable ledger?,Přesto chcete povolit neměnnou hlavní knihu?,
Do you still want to enable negative inventory?,Přesto chcete povolit záporné zásoby?,
Do you still want to proceed?,Přesto chcete pokračovat?,
Do you want to change valuation method?,Chcete změnit metodu oceňování?,
Do you want to notify all the customers by email?,Chcete upozornit všechny klienty e-mailem?,
Do you want to submit the material request,Chcete odeslat požadavek na materiál,
Do you want to submit the stock entry?,Chcete odeslat skladový pohyb?,
Do you want to update the Job Applicant {0} as {1} based on this interview result?,Chcete aktualizovat uchazeče o zaměstnání {0} na {1} na základě výsledku tohoto pohovoru?,
Doc Event,Událost dokumentu,
Doc Events,Události dokumentu,
Doc Status,Stav dokumentu,
Doc Values,Hodnoty dokumentu,
Docs Search,Vyhledávání dokumentace,
DocType,DocType,
Doctype,DocType,
DocType <b>{0}</b> provided for the field <b>{1}</b> must have atleast one Link field,DocType <b>{0}</b> zadaný pro pole <b>{1}</b> musí mít alespoň jedno pole typu Link,
Doctype Action,Akce DocType,
DocType can be one of them {0},DocType musí být jedním z těchto: {0},
DocType can not be merged,DocType nelze sloučit,
DocType can only be renamed by Administrator,DocType může přejmenovat pouze administrátor,
DocType Event,Událost DocType,
Doctype Layout,Rozvržení DocType,
Doctype Layout Field,Pole rozvržení DocType,
Doctype Link,Odkaz DocType,
DocType must be Submittable for the selected Doc Event,DocType musí být odesílatelný pro vybranou událost dokumentu,
Doctype name is limited to {0} characters ({1}),Název DocType je omezen na {0} znaků ({1}),
DocType not supported by Log Settings.,DocType není nastavením logu podporován.,
Doctype State,Stav DocType,
Doctype To Sync,DocType k synchronizaci,
Doctype to Sync,DocType k synchronizaci,
DocType View,Zobrazení DocType,
DocType {0} does not exist,DocType {0} neexistuje,
DocType {0} does not exist.,DocType {0} neexistuje.,
DocType {0} with company field '{1}' is already in the list,DocType {0} s polem firmy „{1}“ je již v seznamu,
DocType {} not found,DocType {} nebyl nalezen,
DocType's name should not start or end with whitespace,Název DocType nesmí začínat ani končit mezerou,
"DocTypes cannot be modified, please use {0} instead","DocTypy nelze upravovat, použijte místo toho {0}",
DocTypes To Delete,DocTypy ke smazání,
DocTypes with a company field:,DocTypy s polem firmy:,
DocTypes without a company field:,DocTypy bez pole firmy:,
Document,Dokument,
Document Actions,Akce dokumentu,
Document cannot be used as a filter value,Dokument nelze použít jako hodnotu filtru,
Document Count,Počet dokumentů,
Document Follow,Sledování dokumentu,
Document follow is not enabled for this user.,Sledování dokumentů není pro tohoto uživatele povoleno.,
Document Follow Notification,Oznámení o sledování dokumentu,
Document Linking,Propojování dokumentů,
Document Links,Odkazy na dokumenty,
Document Links Row #{0}: Could not find field {1} in {2} DocType,"Odkazy na dokumenty, řádek č. {0}: Pole {1} v DocType {2} nebylo nalezeno",
Document Links Row #{0}: Invalid doctype or fieldname.,"Odkazy na dokumenty, řádek č. {0}: Neplatný DocType nebo název pole.",
Document Links Row #{0}: Parent DocType is mandatory for internal links,"Odkazy na dokumenty, řádek č. {0}: U interních odkazů je nadřazený DocType povinný",
Document Links Row #{0}: Table Fieldname is mandatory for internal links,"Odkazy na dokumenty, řádek č. {0}: U interních odkazů je název pole tabulky povinný",
Document Name,Název dokumentu,
Document Name (ID),Název dokumentu (ID),
Document Name must not be empty,Název dokumentu nesmí být prázdný,
Document Naming,Pojmenování dokumentu,
Document Naming Rule,Pravidlo pojmenování dokumentů,
Document Naming Rule Condition,Podmínka pravidla pojmenování dokumentů,
Document Naming Settings,Nastavení pojmenování dokumentů,
Document No,Číslo dokumentu,
Document not Relinked,Dokument nebyl znovu propojen,
Document Queued,Dokument zařazen do fronty,
Document renamed from {0} to {1},Dokument přejmenován z {0} na {1},
Document Restoration Summary,Souhrn obnovení dokumentů,
Document Restored,Dokument obnoven,
Document Share,Sdílení dokumentu,
Document Share Key,Klíč sdílení dokumentu,
Document Share Key Expiry (in Days),Platnost klíče sdílení dokumentu (ve dnech),
Document Share Report,Report sdílení dokumentů,
Document States,Stavy dokumentu,
Document Status,Stav dokumentu,
Document Tag,Štítek dokumentu,
Document Title,Název dokumentu,
Document Type,Typ dokumentu,
Document Type already used as a dimension,Typ dokumentu je již použit jako dimenze,
Document Type and Function are required to create a number card,Pro vytvoření číselné karty je nutné zadat typ dokumentu a funkci,
Document Type is not importable,Typ dokumentu nelze importovat,
Document Type is not submittable,Typ dokumentu nelze odesílat,
Document Type is required,Typ dokumentu je povinný,
Document type is required to create a dashboard chart,Pro vytvoření grafu dashboardu je nutné zadat typ dokumentu,
Document Type to Track,Sledovaný typ dokumentu,
Document Type {0} has been repeated.,Typ dokumentu {0} se opakuje.,
Document Types,Typy dokumentů,
Document Types (Select Permissions Only),Typy dokumentů (pouze výběr oprávnění),
Document Types and Permissions,Typy dokumentů a oprávnění,
Document Unlocked,Dokument odemčen,
Document {0} Already Restored,Dokument {0} je již obnoven,
Document {0} failed!,Dokument {0} selhal!,
Document {0} has been set to state {1} by {2},Dokument {0} byl uživatelem {2} nastaven do stavu {1},
Documentation,Dokumentace,
Documentation Link,Odkaz na dokumentaci,
Documentation URL,URL dokumentace,
Documents restored successfully,Dokumenty byly úspěšně obnoveny,
Documents that failed to restore,"Dokumenty, které se nepodařilo obnovit",
Documents that were already restored,"Dokumenty, které již byly obnoveny",
Documents: {0} have deferred revenue/expense enabled for them. Cannot repost.,Dokumenty: {0} mají povolené odložené výnosy/náklady. Nelze přeúčtovat.,
Domain,Doména,
Domain is required.,Doména je povinná.,
Domain Name,Název domény,
Domain Settings,Nastavení domény,
Domains HTML,HTML domén,
Don't Create Loyalty Points,Nevytvářet věrnostní body,
Don't Enforce Free Item Qty,Nevynucovat množství položky zdarma,
Don't Override Status,Nepřepisovat stav,
Don't Recompute Tax,Nepřepočítávat daň,
Don't reserve Sales Order qty on sales return,Nerezervovat množství prodejní objednávky při vratce prodeje,
Don't Send Emails,Neodesílat e-maily,
Done,Hotovo,
Doors,Dveře,
Download,Stáhnout,
Download as CSV,Stáhnout jako CSV,
Download Backups,Stáhnout zálohy,
Download Failed,Stažení selhalo,
Download Files Backup,Stáhnout zálohu souborů,
Download PDF,Stáhnout PDF,
Download PDF for Supplier,Stáhnout PDF pro dodavatele,
Download Required Materials,Stáhnout požadovaný materiál,
Download Template,Stáhnout šablonu,
Download vCard,Stáhnout vCard,
Download vCards,Stáhnout vCards,
Download Your Data,Stáhnout svá data,
Downtime,Prostoj,
Downtime (In Hours),Prostoj (v hodinách),
Downtime Analysis,Analýza prostojů,
Downtime Entry,Záznam prostoje,
Downtime Reason,Důvod prostoje,
Draft,Koncept,
Drag elements from the sidebar to add. Drag them back to trash.,Přidejte prvky přetažením z postranního panelu. Přetažením zpět je odstraníte.,
Driver,Řidič,
Driver Address,Adresa řidiče,
Driver Email,E-mail řidiče,
Driver licence class,Skupina řidičského oprávnění,
Driver Name,Jméno řidiče,
Driving License Categories,Skupiny řidičského oprávnění,
Driving License Category,Skupina řidičského oprávnění,
Drop Ship,Přímá dodávka,
Dropdowns,Rozbalovací seznamy,
Due Date,Datum splatnosti,
Due Date Based On,Datum splatnosti na základě,
Due Date cannot be after {0},Datum splatnosti nemůže být po {0},
Due Date cannot be before {0},Datum splatnosti nemůže být před {0},
"Due to stock closing entry {0}, you cannot repost item valuation before {1}",Kvůli uzávěrkovému skladovému pohybu {0} nelze přeúčtovat ocenění položky před {1},
Dunning,Upomínka,
Dunning Amount,Částka upomínky,
Dunning Amount (Company Currency),Částka upomínky (měna firmy),
Dunning Fee,Poplatek za upomínku,
Dunning Letter,Upomínkový dopis,
Dunning Letter for Dunning Type {0} in language '{1}' not found.,Upomínkový dopis pro typ upomínky {0} v jazyce '{1}' nebyl nalezen.,
Dunning Letter for Dunning Type {0} not found.,Upomínkový dopis pro typ upomínky {0} nebyl nalezen.,
Dunning Letter Text,Text upomínkového dopisu,
Dunning Level,Úroveň upomínky,
Dunning Type,Typ upomínky,
Duplicate,Duplikát,
Duplicate Application,Duplicitní žádost,
Duplicate Assignment,Duplicitní přiřazení,
Duplicate Attendance,Duplicitní docházka,
Duplicate Claim Detected,Zjištěn duplicitní nárok,
Duplicate Customer Group,Duplicitní skupina klientů,
Duplicate customer group found in the customer group table,V tabulce skupin klientů byla nalezena duplicitní skupina klientů,
Duplicate DocType,Duplicitní DocType,
Duplicate Entry,Duplicitní záznam,
Duplicate entry against the item code {0} and manufacturer {1},Duplicitní záznam pro kód položky {0} a výrobce {1},
Duplicate Entry. Please check Authorization Rule {0},Duplicitní záznam. Zkontrolujte prosím autorizační pravidlo {0},
Duplicate entry: {0}{1},Duplicitní záznam: {0}{1},
Duplicate Finance Book,Duplicitní účetní kniha,
Duplicate Item Group,Duplicitní skupina položek,
Duplicate item group found in the item group table,V tabulce skupin položek byla nalezena duplicitní skupina položek,
Duplicate Item Under Same Parent,Duplicitní položka pod stejným nadřazeným prvkem,
Duplicate languages found on Dunning Letter Text. Keep only one of them.,V textu upomínkového dopisu byly nalezeny duplicitní jazyky. Ponechte pouze jeden z nich.,
Duplicate Leave Adjustment,Duplicitní úprava volna,
Duplicate line reference: '{0}',Duplicitní odkaz na řádek: '{0}',
Duplicate Name,Duplicitní název,
Duplicate Operating Component {0} found in Operating Components,V provozních složkách byla nalezena duplicitní provozní složka {0},
Duplicate Overwritten Salary,Duplicitně přepsaná mzda,
Duplicate Payment Schedule selected,Vybrán duplicitní platební harmonogram,
Duplicate POS Fields,Duplicitní pole POS,
Duplicate POS Invoices found,Nalezeny duplicitní POS faktury,
Duplicate POS Search Fields,Duplicitní vyhledávací pole POS,
Duplicate project has been created,Byl vytvořen duplicitní projekt,
Duplicate Project with Tasks,Duplikovat projekt včetně úkolů,
Duplicate row {0} with same {1},Duplicitní řádek {0} se stejným {1},
Duplicate Salary Withholding,Duplicitní srážka ze mzdy,
Duplicate Sales Invoices found,Nalezeny duplicitní vydané faktury,
Duplicate Serial Number Error,Chyba: duplicitní sériové číslo,
Duplicate Stock Closing Entry,Duplicitní uzávěrkový skladový pohyb,
Duplicate vouchers found. Remove the duplicate vouchers to continue to repost.,Nalezeny duplicitní doklady. Pro pokračování přeúčtování odstraňte duplicitní doklady.,
Duplicate {0} found in the table,V tabulce byl nalezen duplicitní {0},
Duration,Doba trvání,
Duration (Days),Doba trvání (dny),
Duration (ms),Doba trvání (ms),
Duration in Days,Doba trvání ve dnech,
Duties and Taxes,Cla a daně,
Dynamic Condition,Dynamická podmínka,
Dynamic Filters,Dynamické filtry,
Dynamic Filters JSON,JSON dynamických filtrů,
Dynamic Filters Section,Sekce dynamických filtrů,
Dynamic Link,Dynamický odkaz,
Dynamic Report Filters,Dynamické filtry reportu,
Dynamic Route,Dynamická trasa,
Dynamic Template,Dynamická šablona,
E-Invoicing Information Missing,Chybí informace pro elektronickou fakturaci,
e.g.:,např.:,
Earliest,Nejdříve,
Earliest Age,Nejnižší stáří,
Early Exit,Předčasný odchod,
Early Exit (This Month),Předčasný odchod (tento měsíc),
Early Exit By,Předčasný odchod schválil,
Early Exit Grace Period,Tolerance pro předčasný odchod,
Early Exits,Předčasné odchody,
Earned Leave,Nabytá dovolená,
Earned Leave Frequency,Frekvence nabývání dovolené,
Earned Leave Schedule,Harmonogram nabývání dovolené,
Earned Leaves,Nabytá dovolená,
Earned Leaves are allocated as per the configured frequency via scheduler.,Nabytá dovolená se přiděluje podle nastavené frekvence pomocí plánovače úloh.,
Earned Leaves are auto-allocated via scheduler based on the annual allocation set in the Leave Policy: {0},Nabytá dovolená se automaticky přiděluje pomocí plánovače úloh na základě ročního přídělu nastaveného v politice volna: {0},
Earned Leaves are leaves earned by an Employee after working with the company for a certain amount of time. Enabling this will allocate leaves on pro-rata basis by automatically updating Leave Allocation for leaves of this type at intervals set by 'Earned Leave Frequency.,"Nabytá dovolená je dovolená, kterou zaměstnanec získá po odpracování určité doby ve firmě. Povolením této volby se bude dovolená přidělovat poměrně, automatickou aktualizací přídělu volna tohoto typu v intervalech nastavených ve „Frekvenci nabývání dovolené“.",
Earnest Money,Kauce,
Earning,Příjem,
Earning Arrears,Doplatek příjmu,
Earning Component,Příjmová složka,
Earning Salary Component is required for Employee Referral Bonus.,Pro bonus za doporučení zaměstnance je vyžadována příjmová mzdová složka.,
Earnings,Příjmy,
Earnings & Deductions,Příjmy a srážky,
Edit,Upravit,
Edit Capacity,Upravit kapacitu,
Edit Cart,Upravit košík,
Edit Custom HTML,Upravit vlastní HTML,
Edit Existing,Upravit existující,
Edit Expense Item,Upravit položku výdaje,
Edit Expense Tax,Upravit daň z výdaje,
Edit Format,Upravit formát,
Edit Heading,Upravit nadpis,
Edit HTML,Upravit HTML,
Edit mode,Režim úprav,
Edit Not Allowed,Úpravy nejsou povoleny,
Edit Posting Date and Time,Upravit datum a čas zaúčtování,
Edit Properties,Upravit vlastnosti,
Edit Receipt,Upravit příjemku,
Edit Section,Upravit sekci,
Edit Tax Withholding Entries,Upravit záznamy srážkové daně,
Edit to add content,Upravte a přidejte obsah,
Edit Values,Upravit hodnoty,
Edit your workflow visually using the Workflow Builder.,Upravte svůj workflow vizuálně pomocí nástroje Workflow Builder.,
Editable Grid,Editovatelná mřížka,
Editing {0} is not allowed as per POS Profile settings,Úprava {0} není povolena podle nastavení POS profilu,
Education,Vzdělání,
Educational Qualification,Dosažené vzdělání,
Effective From,Platné od,
Effective from,Platné od,
Effective To,Platné do,
Either 'Selling' or 'Buying' must be selected,"Musí být vybráno buď 'Prodej', nebo 'Nákup'",
Either key or IP flag is required.,"Je vyžadován buď klíč, nebo příznak IP.",
Either target qty or target amount is mandatory,"Je nutné zadat buď cílové množství, nebo cílovou částku",
Either target qty or target amount is mandatory.,"Je nutné zadat buď cílové množství, nebo cílovou částku.",
Elapsed Time,Uplynulý čas,
Electrical,Elektro,
Electricity,Elektřina,
Electronic Equipment,Elektronické vybavení,
Electronic Invoice Register,Evidence elektronických faktur,
Element Selector,Výběr prvku,
Email,E-mail,
Email Account,E-mailový účet,
Email Account added multiple times,E-mailový účet byl přidán vícekrát,
Email Account Disabled.,E-mailový účet je zakázán.,
Email Account Name,Název e-mailového účtu,
Email Account not setup. Please create a new Email Account from Settings > Email Account,E-mailový účet není nastaven. Vytvořte prosím nový e-mailový účet v Nastavení > E-mailový účet,
Email Account {0} Disabled,E-mailový účet {0} je zakázán,
Email Address,E-mailová adresa,
"Email Address must be unique, it is already used in {0}","E-mailová adresa musí být jedinečná, již se používá v {0}",
Email Addresses,E-mailové adresy,
Email Campaign,E-mailová kampaň,
Email Campaign Error,Chyba e-mailové kampaně,
Email Campaign For,E-mailová kampaň pro,
Email Campaign Send Error,Chyba odeslání e-mailové kampaně,
Email couldn't be sent.,E-mail se nepodařilo odeslat.,
Email Details,Podrobnosti e-mailu,
Email Digest,E-mailový souhrn,
Email Digest Recipient,Příjemce e-mailového souhrnu,
Email Digest Settings,Nastavení e-mailového souhrnu,
Email Digest: {0},E-mailový souhrn: {0},
Email Domain,E-mailová doména,
Email everyone for <b>{0}</b> notifications? This adds it to every user's email preferences. Users can still opt out individually afterwards.,Odeslat e-mail všem ohledně oznámení <b>{0}</b>? Tím se toto přidá do e-mailových předvoleb každého uživatele. Uživatelé se poté mohou individuálně odhlásit.,
Email Flag Queue,Fronta příznaků e-mailů,
Email Footer Address,Adresa v patičce e-mailu,
Email Group,E-mailová skupina,
Email Group Member,Člen e-mailové skupiny,
Email has been marked as spam,E-mail byl označen jako spam,
Email has been moved to trash,E-mail byl přesunut do koše,
Email Header,Záhlaví e-mailu,
Email ID,ID e-mailu,
Email Id,ID e-mailu,
Email IDs,ID e-mailů,
Email Inbox,E-mailová schránka,
Email is mandatory to create User Email,Pro vytvoření uživatelského e-mailu je e-mail povinný,
Email is required to create a user,Pro vytvoření uživatele je vyžadován e-mail,
Email is required to create a user.,Pro vytvoření uživatele je vyžadován e-mail.,
Email me for these notification types,Zasílat mi e-mail u těchto typů oznámení,
Email not sent to {0} (unsubscribed / disabled),E-mail nebyl odeslán na {0} (odhlášeno / zakázáno),
Email not verified with {0},E-mail nebyl ověřen u {0},
Email or Phone/Mobile of the Contact are mandatory to continue.,Pro pokračování je nutné zadat e-mail nebo telefon/mobil kontaktu.,
Email Queue,Fronta e-mailů,
Email Queue flushing aborted due to too many failures.,Vyprazdňování fronty e-mailů bylo přerušeno kvůli příliš mnoha chybám.,
Email queue is currently suspended. Resume to automatically send other emails.,Fronta e-mailů je momentálně pozastavena. Obnovte ji pro automatické odesílání dalších e-mailů.,
Email Queue Recipient,Příjemce fronty e-mailů,
Email Reply Help,Nápověda k odpovědi e-mailem,
Email Retry Limit,Limit opakování odeslání e-mailu,
Email Rule,Pravidlo e-mailu,
Email Salary Slip to Employee,Odeslat výplatní pásku zaměstnanci e-mailem,
Email Salary Slips,Odeslat výplatní pásky e-mailem,
Email Sent,E-mail odeslán,
Email Sent At,E-mail odeslán dne,
Email sent successfully.,E-mail byl úspěšně odeslán.,
Email Sent To,E-mail odeslán na,
Email sent to,E-mail odeslán na,
Email Sent to Supplier {0},E-mail odeslán dodavateli {0},
Email sent to {0},E-mail odeslán na {0},
Email Settings,Nastavení e-mailu,
Email Signature,E-mailový podpis,
Email size {0:.2f} MB exceeds the maximum allowed size of {1:.2f} MB,Velikost e-mailu {0:.2f} MB překračuje maximální povolenou velikost {1:.2f} MB,
Email Status,Stav e-mailu,
Email Sync Option,Možnost synchronizace e-mailu,
Email Template,Šablona e-mailu,
Email Threads on Assigned Document,Vlákna e-mailů u přiřazeného dokumentu,
Email To,E-mail komu,
Email undo window is over. Cannot undo email.,Doba pro vrácení e-mailu vypršela. E-mail nelze vrátit zpět.,
Email Unsubscribe,Odhlášení z e-mailu,
Email Verified,E-mail ověřen,
Emails,E-maily,
Emails are already being pulled from this account.,Z tohoto účtu se již e-maily stahují.,
Emails are muted,E-maily jsou ztlumeny,
Emails Pulled,Staženo e-mailů,
Emails Queued,E-maily zařazeny do fronty,
Embed code copied,Vkládací kód zkopírován,
Embed HTML,Vložit HTML,
Emergency Contact,Kontakt pro naléhavé případy,
Emergency Contact Name,Jméno kontaktu pro naléhavé případy,
Emergency Phone,Telefon pro naléhavé případy,
Employee,Zaměstnanec,
employee,Zaměstnanec,
Employee A/C Number,Číslo bankovního účtu zaměstnance,
Employee Advance,Záloha zaměstnanci,
Employee Advance Account,Účet zálohy zaměstnanci,
Employee advance account {0} should be of type {1}.,Účet zálohy zaměstnanci {0} by měl být typu {1}.,
Employee Advance Balance,Zůstatek zálohy zaměstnanci,
Employee Advance return is scheduled via Additional Salary: {0} | <a href='{1}'> {2} </a>,Vrácení zálohy zaměstnanci je naplánováno přes dodatečnou mzdu: {0} | <a href='{1}'> {2} </a>,
Employee Advance Summary,Souhrn záloh zaměstnancům,
Employee Advance {0} has {1} available for return. {2} has already been scheduled for deduction in {3}.,Záloha zaměstnanci {0} má k vrácení {1}. {2} je již naplánováno ke srážce v {3}.,
Employee Advance {0} is in currency {1} and can only be claimed in an Expense Claim of the same currency. This Expense Claim is in {2}.,Záloha zaměstnanci {0} je v měně {1} a lze ji uplatnit pouze ve vyúčtování výdajů ve stejné měně. Toto vyúčtování výdajů je v měně {2}.,
"Employee Advance {0} is linked to account {1}, which is not of type Receivable. Please correct the account type before making a payment against it.","Záloha zaměstnanci {0} je propojena s účtem {1}, který není typu Pohledávky. Před provedením platby opravte prosím typ účtu.",
"Employee Advance {0} is linked to account {1}, which is not of type Receivable. {2}","Záloha zaměstnanci {0} je propojena s účtem {1}, který není typu Pohledávky. {2}",
Employee Advance {0}'s payment does not match its Receivable account. This can happen if the account's type was changed after the payment was made. {1},"Platba zálohy zaměstnanci {0} neodpovídá jejímu účtu pohledávek. To se může stát, pokud byl typ účtu změněn až po provedení platby. {1}",
Employee Advances,Zálohy zaměstnancům,
Employee Analytics,Analýza zaměstnanců,
Employee Attendance Tool,Nástroj pro docházku zaměstnanců,
Employee Benefit Application,Žádost o zaměstnanecký benefit,
Employee Benefit Application Detail,Detail žádosti o zaměstnanecký benefit,
Employee Benefit Claim,Nárok na zaměstnanecký benefit,
Employee Benefit Detail,Detail zaměstnaneckého benefitu,
Employee Benefit Ledger,Kniha zaměstnaneckých benefitů,
Employee Benefits,Zaměstnanecké benefity,
Employee Benefits Obligation,Závazek ze zaměstnaneckých benefitů,
Employee Birthday,Narozeniny zaměstnance,
Employee Boarding Activity,Nástupní aktivita,
"Employee can be named by Employee ID if you assign one, or via Naming Series. Select your preference here.","Zaměstnance lze pojmenovat pomocí ID zaměstnance, pokud ho přiřadíte, nebo pomocí číselné řady. Vyberte zde svou preferenci.",
Employee cannot report to himself.,Zaměstnanec nemůže být nadřízeným sám sobě.,
Employee Checkin,Příchod / odchod,
Employee Checkin History,Historie příchodů/odchodů zaměstnance,
Employee Company,Firma zaměstnance,
Employee Cost Center,Nákladové středisko zaměstnance,
Employee CTC Break-up,Rozpis celkových nákladů na zaměstnance (CTC),
Employee Detail,Detail zaměstnance,
Employee Details,Údaje o zaměstnanci,
Employee Education,Vzdělání zaměstnance,
Employee Emails,E-maily zaměstnance,
Employee Exit,Ukončení pracovního poměru,
Employee Exit Settings,Nastavení ukončení pracovního poměru,
Employee Exits,Ukončení pracovních poměrů,
Employee Exits (This Year),Ukončení pracovních poměrů (tento rok),
Employee External Work History,Externí pracovní historie zaměstnance,
Employee Feedback Criteria,Kritéria zpětné vazby na zaměstnance,
Employee Feedback Rating,Hodnocení zpětné vazby na zaměstnance,
Employee Grade,Platová třída,
Employee Grievance,Stížnost zaměstnance,
Employee Group,Skupina zaměstnanců,
Employee Group Table,Tabulka skupiny zaměstnanců,
Employee Health Insurance,Zdravotní pojištění zaměstnance,
Employee Hours Utilization,Vytížení zaměstnanců,
Employee Hours Utilization Based On Timesheet,Vytížení zaměstnanců podle výkazu práce,
Employee ID,ID zaměstnance,
Employee Image,Fotografie zaměstnance,
Employee Incentive,Odměna zaměstnanci,
Employee Info,Informace o zaměstnanci,
Employee Information,Informace o zaměstnanci,
Employee Internal Work History,Interní pracovní historie zaměstnance,
Employee is required,Zaměstnanec je povinný,
Employee is required while issuing Asset {0},Při vydání majetku {0} je vyžadován zaměstnanec,
Employee Leave Balance,Zůstatek volna zaměstnance,
Employee Leave Balance Summary,Souhrn zůstatku volna zaměstnance,
Employee Loan,Půjčka zaměstnanci,
Employee Name,Jméno zaměstnance,
Employee name,Jméno zaměstnance,
Employee Naming By,Pojmenování zaměstnanců podle,
Employee not found,Zaměstnanec nenalezen,
Employee Number,Číslo zaměstnance,
Employee Onboarding,Nástup zaměstnance,
Employee Onboarding Template,Šablona nástupu zaměstnance,
Employee Onboarding: {0} already exists for Job Applicant: {1},Nástup zaměstnance: {0} již existuje pro uchazeče o zaměstnání: {1},
Employee Other Income,Ostatní příjem zaměstnance,
Employee Performance Feedback,Hodnocení výkonu zaměstnance,
Employee Promotion,Povýšení zaměstnance,
Employee Promotion cannot be submitted before Promotion Date,Povýšení zaměstnance nelze odeslat před datem povýšení,
Employee Promotion Details,Podrobnosti povýšení zaměstnance,
Employee Property History,Historie vlastností zaměstnance,
Employee Referral,Doporučení zaměstnance,
Employee Referral {0} already exists for email: {1},Doporučení zaměstnance {0} pro e-mail {1} již existuje,
Employee Referral {0} is not applicable for referral bonus.,Doporučení zaměstnance {0} nelze uplatnit pro bonus za doporučení.,
Employee Referrals,Doporučení zaměstnanců,
Employee Responsible,Odpovědný zaměstnanec,
Employee Separation,Ukončení pracovního poměru,
Employee Separation Template,Šablona ukončení pracovního poměru,
Employee Settings,Nastavení zaměstnance,
Employee Skill,Dovednost zaměstnance,
Employee Skill Map,Mapa dovedností zaměstnance,
Employee Skills,Dovednosti zaměstnance,
Employee Status,Stav zaměstnance,
Employee Tax Exemption Category,Kategorie daňové úlevy zaměstnance,
Employee Tax Exemption Declaration,Prohlášení o daňové úlevě zaměstnance,
Employee Tax Exemption Declaration Category,Kategorie prohlášení o daňové úlevě zaměstnance,
Employee Tax Exemption Proof Submission,Předložení dokladu k daňové úlevě zaměstnance,
Employee Tax Exemption Proof Submission Detail,Detail předložení dokladu k daňové úlevě zaměstnance,
Employee Tax Exemption Sub Category,Podkategorie daňové úlevy zaměstnance,
Employee Training,Školení zaměstnance,
Employee Transfer,Přeložení zaměstnance,
Employee Transfer cannot be submitted before Transfer Date,Přeložení zaměstnance nelze odeslat před datem přeložení,
Employee Transfer Detail,Detail přeložení zaměstnance,
Employee Transfer Details,Podrobnosti přeložení zaměstnance,
Employee User Id,ID uživatele zaměstnance,
Employee was marked Absent due to missing Employee Checkins.,Zaměstnanec byl označen jako nepřítomný kvůli chybějícím záznamům příchodu/odchodu.,
Employee was marked Absent for not meeting the working hours threshold.,Zaměstnanec byl označen jako nepřítomný kvůli nesplnění prahu pracovní doby.,
Employee was marked Absent for other half due to missing Employee Checkins.,Zaměstnanec byl označen jako nepřítomný na druhou polovinu dne kvůli chybějícím záznamům příchodu/odchodu.,
Employee {0} : {1},Zaměstnanec {0}: {1},
Employee {0} already has a linked user,Zaměstnanec {0} již má propojeného uživatele,
Employee {0} already has an active Shift {1}: {2} that overlaps within this period.,"Zaměstnanec {0} již má aktivní směnu {1}: {2}, která se v tomto období překrývá.",
Employee {0} already has an Attendance Request {1} that overlaps with this period,"Zaměstnanec {0} již má žádost o docházku {1}, která se v tomto období překrývá",
Employee {0} already submitted an application {1} for the payroll period {2},Zaměstnanec {0} již podal žádost {1} pro mzdové období {2},
Employee {0} does not belong to the company {1},Zaměstnanec {0} nepatří k firmě {1},
Employee {0} has already applied for Shift {1}: {2} that overlaps within this period,"Zaměstnanec {0} si již požádal o směnu {1}: {2}, která se v tomto období překrývá",
Employee {0} has already applied for {1} between {2} and {3} : {4},Zaměstnanec {0} si již požádal o {1} mezi {2} a {3}: {4},
Employee {0} has already claimed the benefit '{1}' for {2} ({3}).<br>,Zaměstnanec {0} již uplatnil benefit '{1}' za {2} ({3}).<br>,
Employee {0} is currently working on another workstation. Please assign another employee.,Zaměstnanec {0} momentálně pracuje na jiném pracovišti. Přiřaďte prosím jiného zaměstnance.,
Employee {0} is not active or does not exist,Zaměstnanec {0} není aktivní nebo neexistuje,
Employee {0} is on Leave on {1},Zaměstnanec {0} je na volnu dne {1},
Employee {0} not found,Zaměstnanec {0} nenalezen,
Employee {0} not found in Training Event Participants.,Zaměstnanec {0} nebyl nalezen mezi účastníky školení.,
Employee {0} on Half day on {1},Zaměstnanec {0} má půl dne dne {1},
Employee {0} relieved on {1} must be set as 'Left',"Zaměstnanec {0} ukončil poměr dne {1}, musí být nastaven jako 'Odešel'",
Employee: {0} have to complete minimum {1} years for gratuity,Zaměstnanec: {0} musí pro odstupné odpracovat minimálně {1} let,
Employees,Zaměstnanci,
Employees cannot give feedback to themselves. Use {0} instead: {1},Zaměstnanci nemohou hodnotit sami sebe. Použijte místo toho {0}: {1},
Employees HTML,HTML zaměstnanců,
Employees Joining (This Quarter),Nástupy zaměstnanců (toto čtvrtletí),
Employees on Half Day HTML,HTML zaměstnanců na půl dne,
Employees on leave this month,Zaměstnanci na volnu tento měsíc,
Employees on leave today,Zaměstnanci na volnu dnes,
Employees Relieving (This Quarter),Odchody zaměstnanců (toto čtvrtletí),
Employees will miss holiday reminders from {} until {}. <br> Do you want to proceed with this change?,Zaměstnancům se nebudou zobrazovat připomenutí svátků od {} do {}. <br> Chcete v této změně pokračovat?,
Employees without Feedback: {0},Zaměstnanci bez zpětné vazby: {0},
Employees without Goals: {0},Zaměstnanci bez cílů: {0},
Employees Working on a Holiday,Zaměstnanci pracující o svátku,
Employees working on a holiday,Zaměstnanci pracující o svátku,
Employer Contributions,Příspěvky zaměstnavatele,
Employment Type,Typ pracovního poměru,
Empty,Prázdné,
Empty alias is not allowed,Prázdný alias není povolen,
Empty string arguments are not allowed,Argumenty s prázdným řetězcem nejsou povoleny,
Empty To Delete List,Vyprázdnit seznam k odstranění,
Enable,Povolit,
Enable Accounting Dimensions,Povolit účetní dimenze,
Enable Action Confirmation,Povolit potvrzení akce,
Enable Address Autocompletion,Povolit automatické doplňování adres,
Enable Allow Auto Repeat for the doctype {0} in Customize Form,Povolte možnost automatického opakování pro DocType {0} v Přizpůsobení formuláře,
Enable Allow Partial Reservation in the Stock Settings to reserve partial stock.,Pro rezervaci částečné zásoby povolte možnost Povolit částečnou rezervaci v Nastavení skladu.,
Enable Appointment Booking Through Portal,Povolit rezervaci schůzek přes portál,
Enable Appointment Scheduling,Povolit plánování schůzek,
Enable Auto Attendance,Povolit automatickou docházku,
Enable Auto Email,Povolit automatický e-mail,
Enable Auto Re-Order,Povolit automatické doobjednání,
Enable Auto Reply,Povolit automatickou odpověď,
Enable Automatic Linking in Documents,Povolit automatické propojování v dokumentech,
Enable Automatic Party Matching,Povolit automatické párování protistrany,
Enable Capital Work in Progress Accounting,Povolit účtování nedokončené investiční výstavby,
Enable Comments,Povolit komentáře,
Enable Common Party Accounting,Povolit společné účtování protistrany,
Enable cut-off date on creating bulk Delivery Notes,Povolit mezní datum při hromadném vytváření dodacích listů,
Enable Deferred Expense,Povolit odložené náklady,
Enable Deferred Revenue,Povolit odložené výnosy,
Enable developer mode to create a standard Print Template,Pro vytvoření standardní tiskové šablony povolte vývojářský režim,
Enable developer mode to create a standard Web Template,Pro vytvoření standardní webové šablony povolte vývojářský režim,
Enable discount accounting for selling,Povolit účtování slev při prodeji,
Enable Discounts and Margin,Povolit slevy a marži,
Enable Dynamic Client Registration,Povolit dynamickou registraci klienta,
Enable Early Exit Marking,Povolit označování předčasných odchodů,
Enable Email Notifications,Povolit e-mailová oznámení,
Enable Email Notifications for All Users,Povolit e-mailová oznámení pro všechny uživatele,
Enable European Access,Povolit evropský přístup,
Enable Frappe CRM Data Synchronization,Povolit synchronizaci dat s Frappe CRM,
Enable Fuzzy Matching,Povolit přibližné párování,
Enable Google API in Google Settings.,Povolte Google API v nastavení Google.,
Enable Google indexing,Povolit indexování Google,
Enable Health Monitor,Povolit monitor stavu,
Enable Immutable Ledger,Povolit neměnnou účetní knihu,
Enable in-app website tracking,Povolit sledování webu v aplikaci,
Enable Incoming,Povolit příjem,
Enable Item-wise Inventory Account,Povolit skladový účet dle položky,
Enable Late Entry Marking,Povolit označování pozdních příchodů,
Enable Loyalty Point Program,Povolit program věrnostních bodů,
Enable Onboarding,Povolit onboarding,
Enable Opportunity Creation from Contact Us,Povolit vytváření obchodních příležitostí z formuláře Kontaktujte nás,
Enable Outgoing,Povolit odesílání,
Enable Parallel Reposting,Povolit paralelní přeúčtování,
Enable Password Policy,Povolit zásady hesel,
Enable Perpetual Inventory,Povolit průběžnou inventarizaci,
Enable Prepared Report,Povolit připravený report,
Enable Print Server,Povolit tiskový server,
Enable Provisional Accounting For Non Stock Items,Povolit dočasné účtování pro neskladové položky,
Enable Push Notification Relay,Povolit předávání push oznámení,
Enable Push Notifications,Povolit push oznámení,
Enable Rate Limit,Povolit omezení rychlosti,
Enable Raw Printing,Povolit přímý tisk (raw),
Enable Report,Povolit report,
Enable Scheduled Jobs,Povolit plánované úlohy,
Enable Scheduler,Povolit plánovač úloh,
Enable Security,Povolit zabezpečení,
Enable Separate Reposting for GL,Povolit oddělené přeúčtování pro hlavní knihu,
Enable Serial / Batch Bundle,Povolit svazek sériových čísel / šarží,
Enable Snapshot Reports,Povolit snímkové reporty,
Enable Social Login,Povolit přihlášení přes sociální sítě,
Enable stock reservation,Povolit rezervaci skladu,
Enable Subscription,Povolit předplatné,
Enable System Notification,Povolit systémové oznámení,
Enable the notification type before emailing it to users.,Před odesláním e-mailem uživatelům povolte tento typ oznámení.,
Enable to apply SLA on every {0},Povolte pro použití SLA na každé {0},
Enable Tracking Page Views,Povolit sledování zobrazení stránek,
Enable tracking sales commissions,Povolit sledování prodejních provizí,
Enable Two Factor Auth,Povolit dvoufaktorové ověření,
Enable UTM,Povolit UTM,
Enable YouTube Tracking,Povolit sledování YouTube,
Enabled,Povoleno,
Enabled email inbox for user {0},Povolena e-mailová schránka pro uživatele {0},
Enabled Scheduler,Plánovač úloh povolen,
Enabling auto reply on an incoming email account will send automated replies to all the synchronized emails. Do you wish to continue?,Povolením automatické odpovědi u příchozího e-mailového účtu se odešlou automatické odpovědi na všechny synchronizované e-maily. Chcete pokračovat?,
Enabling email for {0} across all users in the background.,Na pozadí se povoluje e-mail pro {0} u všech uživatelů.,
Enabling Push Notifications...,Povolování push oznámení...,
Enabling this will change the way how cancelled transactions are handled.,Povolením této volby se změní způsob zpracování stornovaných transakcí.,
Encashment,Proplacení,
Encashment Amount,Částka proplacení,
Encashment Date,Datum proplacení,
Encashment Days,Počet dní k proplacení,
Encashment Days cannot exceed {0} {1} as per Leave Type settings,Počet dní k proplacení nemůže podle nastavení typu volna přesáhnout {0} {1},
Encashment Limit Applied,Uplatněn limit proplacení,
Encrypt Backups,Šifrovat zálohy,
Encrypt Salary Slips in Emails,Šifrovat výplatní pásky v e-mailech,
Encryption key is in invalid format!,Šifrovací klíč má neplatný formát!,
Encryption key is invalid! Please check site_config.json,Šifrovací klíč je neplatný! Zkontrolujte prosím soubor site_config.json,
End,Konec,
End Date,Datum ukončení,
End Date cannot be before Start Date,Datum ukončení nemůže být před datem zahájení,
End date cannot be before start date,Datum ukončení nemůže být před datem zahájení,
End Date cannot be before Start Date!,Datum ukončení nemůže být před datem zahájení!,
End Date cannot be before Start Date.,Datum ukončení nemůže být před datem zahájení.,
End Date cannot be today.,Datum ukončení nemůže být dnešní den.,
End Date Field,Pole data ukončení,
End date: {0},Datum ukončení: {0},
End of Life,Konec životnosti,
End Time,Čas ukončení,
End time cannot be before start time,Čas ukončení nemůže být před časem zahájení,
End Transit,Ukončit přepravu,
End Year,Rok ukončení,
End Year cannot be before Start Year,Rok ukončení nemůže být před rokem zahájení,
Ended At,Ukončeno v,
Endpoints,Koncové body,
Ends on,Končí dne,
Enforce Time Logs,Vynutit záznamy o čase,
Enqueued By,Do fronty zařadil,
Enqueued creation of indexes,Vytvoření indexů zařazeno do fronty,
Ensure Delivery Based on Produced Serial No,Zajistit dodání podle vyrobeného sériového čísla,
Ensure the user and group search paths are correct.,"Ujistěte se, že vyhledávací cesty uživatele a skupiny jsou správné.",
Enter a name for Routing.,Zadejte název pro postup (Routing).,
"Enter a name for the Operation, for example, Cutting.","Zadejte název operace, například Řezání.",
Enter a name for this Holiday List.,Zadejte název tohoto seznamu svátků.,
Enter a non-zero value to adjust.,Zadejte nenulovou hodnotu pro úpravu.,
Enter amount to be redeemed.,Zadejte částku k uplatnění.,
"Enter an Item Code, the name will be auto-filled the same as Item Code on clicking inside the Item Name field.","Zadejte kód položky, název se po kliknutí do pole Název položky automaticky vyplní stejně jako kód položky.",
Enter API key in Google Settings.,Zadejte klíč API v nastavení Google.,
Enter Client Id and Client Secret in Google Settings.,Zadejte Client Id a Client Secret v nastavení Google.,
Enter customer's email,Zadejte e-mail klienta,
Enter customer's phone number,Zadejte telefonní číslo klienta,
Enter date to scrap asset,Zadejte datum vyřazení majetku,
Enter depreciation details,Zadejte podrobnosti odpisů,
Enter discount percentage.,Zadejte procento slevy.,
"Enter First and Last name of Employee, based on Which Full Name will be updated. IN transactions, it will be Full Name which will be fetched.","Zadejte jméno a příjmení zaměstnance, na základě kterých se aktualizuje celé jméno. V transakcích se pak bude načítat celé jméno.",
Enter Form Type,Zadejte typ formuláře,
Enter the Bank Guarantee Number before submitting.,Před odesláním zadejte číslo bankovní záruky.,
Enter the name of the bank or lending institution before submitting.,Před odesláním zadejte název banky nebo úvěrové instituce.,
Enter the name of the Beneficiary before submitting.,Před odesláním zadejte jméno příjemce.,
Enter the number of leaves you want to allocate for the period.,"Zadejte počet dní volna, které chcete přidělit za dané období.",
Enter the opening stock units.,Zadejte počáteční skladové množství.,
"Enter the Operation, the table will fetch the Operation details like Hourly Rate, Workstation automatically.\n\n After that, set the Operation Time in minutes and the table will calculate the Operation Costs based on the Hourly Rate and Operation Time.","Zadejte operaci, tabulka automaticky načte podrobnosti operace, jako je hodinová sazba a pracoviště.\n\n Poté nastavte čas operace v minutách a tabulka vypočítá náklady na operaci na základě hodinové sazby a času operace.",
Enter the quantity of the Item that will be manufactured from this Bill of Materials.,"Zadejte množství položky, které bude vyrobeno podle tohoto kusovníku.",
Enter the quantity to manufacture. Raw material Items will be fetched only when this is set.,Zadejte množství k výrobě. Položky surovin se načtou až po zadání této hodnoty.,
Enter the Standard Working Hours for a normal work day. These hours will be used in calculations of reports such as Employee Hours Utilization and Project Profitability analysis.,"Zadejte standardní pracovní dobu pro běžný pracovní den. Tyto hodiny se použijí ve výpočtech reportů, jako je vytížení zaměstnanců a analýza ziskovosti projektu.",
Enter Value,Zadejte hodnotu,
Enter Visit Details,Zadejte podrobnosti návštěvy,
Enter your email address and we'll send you a link to reset your password.,Zadejte svou e-mailovou adresu a my vám zašleme odkaz pro obnovení hesla.,
Enter {0},Zadejte {0},
Enter {0} amount.,Zadejte částku {0}.,
Entertainment Expenses,Výdaje na reprezentaci,
Entity,Entita,
Entity Name,Název entity,
Entity Type,Typ entity,
Entry Type,Typ zápisu,
Equity,Vlastní kapitál,
Equity/Liability Account,Účet vlastního kapitálu/závazků,
ERPNext,ERPNext,
ERPNext Settings,Nastavení ERPNext,
ERPNext User ID,ID uživatele ERPNext,
Error,Chyba,
Error connecting via IMAP/POP3: {e},Chyba připojení přes IMAP/POP3: {e},
Error connecting via SMTP: {e},Chyba připojení přes SMTP: {e},
Error creating {0},Chyba při vytváření {0},
Error deleting {0},Chyba při mazání {0},
Error Description,Popis chyby,
Error downloading PDF,Chyba při stahování PDF,
Error during caller information update,Chyba při aktualizaci informací o volajícím,
Error evaluating the criteria formula,Chyba při vyhodnocování vzorce kritérií,
Error getting details for {0}: {1},Chyba při získávání podrobností pro {0}: {1},
Error has occurred in {0},V {0} došlo k chybě,
Error in formula or condition,Chyba ve vzorci nebo podmínce,
Error in formula or condition: {0} in Income Tax Slab,Chyba ve vzorci nebo podmínce: {0} v daňovém pásmu,
Error in Header/Footer Script,Chyba ve skriptu záhlaví/patičky,
Error in Notification,Chyba v oznámení,
Error in party matching for Bank Transaction {0},Chyba při párování protistrany pro bankovní transakci {0},
Error in print format on line {0}: {1},Chyba v tiskovém formátu na řádku {0}: {1},
Error in {0}.get_list: {1},Chyba v {0}.get_list: {1},
Error Log,Chybový log,
Error Logs,Chybové logy,
Error Message,Chybová zpráva,
Error Occurred,Došlo k chybě,
Error parsing nested filters: {0}. {1},Chyba při zpracování vnořených filtrů: {0}. {1},
Error updating {0},Chyba při aktualizaci {0},
"Error validating ""Ignore User Permissions""","Chyba při ověřování ""Ignorovat uživatelská oprávnění""",
Error while connecting to email account {0},Chyba při připojování k e-mailovému účtu {0},
Error while evaluating Notification {0}. Please fix your template.,Chyba při vyhodnocování oznámení {0}. Opravte prosím svou šablonu.,
Error while evaluating the {doctype} {doclink} at row {row_id}. <br><br> <b>Error:</b> {error} <br><br> <b>Hint:</b> {description},Chyba při vyhodnocování {doctype} {doclink} na řádku {row_id}. <br><br> <b>Chyba:</b> {error} <br><br> <b>Nápověda:</b> {description},
Error while posting depreciation entries,Chyba při zaúčtování odpisů,
Error while processing deferred accounting for {0},Chyba při zpracování odloženého účtování pro {0},
Error while reposting item valuation,Chyba při přeúčtování ocenění položky,
Error {0}: {1},Chyba {0}: {1},
Error: Data missing in table {0},Chyba: V tabulce {0} chybí data,
Error: Value missing for {0}: {1},Chyba: Chybí hodnota pro {0}: {1},
Error: {0} is mandatory field,Chyba: {0} je povinné pole,
Error: {0} Row #{1}: Value missing for: {2},Chyba: {0} Řádek č. {1}: chybí hodnota pro: {2},
Error: {self.name} ({self.doctype}) has been modified after you have opened it,Chyba: {self.name} ({self.doctype}) byl po otevření změněn,
Errors,Chyby,
Errors Notification,Oznámení o chybách,
Estimated Arrival,Předpokládaný příjezd,
Estimated Cost,Předpokládané náklady,
Estimated Cost Per Position,Předpokládané náklady na pozici,
Estimated Time and Cost,Předpokládaný čas a náklady,
Evaluate as Expression,Vyhodnotit jako výraz,
Evaluation,Hodnocení,
Evaluation Date,Datum hodnocení,
Evaluation Method cannot be changed as there are existing appraisals created for this cycle,"Metodu hodnocení nelze změnit, protože pro tento cyklus již existují vytvořená hodnocení",
Evaluation Period,Období hodnocení,
"Even if there are multiple Pricing Rules with highest priority, then following internal priorities are applied:","Pokud existuje více cenových pravidel se stejnou nejvyšší prioritou, použijí se následující interní priority:",
Event,Událost,
Event Category,Kategorie události,
Event Date,Datum události,
Event Details,Podrobnosti události,
Event Frequency,Frekvence události,
Event Name,Název události,
Event Notifications,Oznámení o událostech,
Event Participants,Účastníci události,
Event Reminders,Připomenutí událostí,
Event Status,Stav události,
Event Synced with Google Calendar.,Událost synchronizována s Google Kalendářem.,
Event Type,Typ události,
Events in Today's Calendar,Události v dnešním kalendáři,
Everyone,Všichni,
"Everyone, let’s congratulate them on their work anniversary!","Všichni, pogratulujme jim k pracovnímu výročí!",
"Everyone, let’s congratulate {0} on their birthday.","Všichni, pogratulujme {0} k narozeninám.",
Exact Copies,Přesné kopie,
Example,Příklad,
Example of a linked document: {0},Příklad propojeného dokumentu: {0},
Example URL,Ukázková URL,
Example: Serial No {0} reserved in {1}.,Příklad: Sériové číslo {0} rezervováno v {1}.,
Exception,Výjimka,
Exception Budget Approver Role,Role schvalovatele výjimky z rozpočtu,
Excess Disassembly,Nadměrná demontáž,
Excess Material Transfer,Nadměrný přesun materiálu,
Excess Materials Consumed,Nadměrná spotřeba materiálu,
Excess Transfer,Nadměrný přesun,
Exchange Gain / Loss,Kurzový zisk / ztráta,
Exchange Gain / Loss Account,Účet kurzového zisku / ztráty,
Exchange Gain/Loss,Kurzový zisk/ztráta,
Exchange Gain/Loss amount has been booked through {0},Částka kurzového zisku/ztráty byla zaúčtována přes {0},
Exchange Rate,Směnný kurz,
Exchange Rate must be same as {0} {1} ({2}),Směnný kurz musí být stejný jako {0} {1} ({2}),
Exchange Rate Revaluation,Přecenění směnného kurzu,
Exchange Rate Revaluation Account,Účet přecenění směnného kurzu,
Exchange Rate Revaluation Settings,Nastavení přecenění směnného kurzu,
Exchange rate {0} does not match the exchange rate of Purchase Receipt {1}. Use the same exchange rate as the Purchase Receipt or enable {2} in {3} to adjust the landed cost based on this invoice.,"Směnný kurz {0} neodpovídá směnnému kurzu příjemky {1}. Použijte stejný směnný kurz jako u příjemky, nebo povolte {2} v {3} pro úpravu nákladové ceny na základě této faktury.",
Excise Invoice,Faktura spotřební daně,
Excise Page Number,Číslo strany spotřební daně,
Exclude Holidays,Vyloučit svátky,
Exclude Zero Balance Parties,Vyloučit protistrany s nulovým zůstatkem,
Excluded DocTypes,Vyloučené typy dokumentů,
Excluded Fee,Vyloučený poplatek,
Excluded {0} Non-Encashable Leaves for {1},Vyloučeno {0} neproplatitelných dnů volna pro {1},
Execute,Provést,
Execute Console script,Spustit konzolový skript,
Executing...,Provádí se...,
Execution,Provedení,
Exempt Supplies,Osvobozená plnění,
Exempted from Income Tax,Osvobozeno od daně z příjmu,
Exempted Role,Osvobozená role,
Exemption,Osvobození,
Exemption Category,Kategorie osvobození,
Exemption Declaration,Prohlášení o osvobození,
Exemption Proofs,Doklady o osvobození,
Exemption Sub Category,Podkategorie osvobození,
Exemption Submission Proof,Doklad o osvobození,
Existing Company,Existující firma,
Existing Record,Existující záznam,
Existing Shift Assignments,Existující přiřazení směn,
Exit,Odchod,
Exit Confirmed,Odchod potvrzen,
Exit Details,Podrobnosti odchodu,
Exit Interview,Výstupní pohovor,
Exit Interview Held On,Výstupní pohovor proběhl dne,
Exit Interview Pending,Výstupní pohovor čeká na vyřízení,
Exit Interview Summary,Souhrn výstupních pohovorů,
Exit Interview {0} already exists for Employee: {1},Výstupní pohovor {0} pro zaměstnance {1} již existuje,
Exit Questionnaire,Výstupní dotazník,
Exit Questionnaire Notification,Oznámení o výstupním dotazníku,
Exit Questionnaire Notification Template,Šablona oznámení o výstupním dotazníku,
Exit Questionnaire Pending,Výstupní dotazník čeká na vyřízení,
Exit Questionnaire Web Form,Webový formulář výstupního dotazníku,
Exits (This Month),Odchody (tento měsíc),
Expected,Očekáváno,
"Expected 'and' or 'or' operator, found: {0}","Očekáván operátor 'and' nebo 'or', nalezeno: {0}",
Expected Amount,Očekávaná částka,
Expected Arrival Date,Očekávané datum příjezdu,
Expected Average Rating,Očekávané průměrné hodnocení,
Expected Balance Qty,Očekávané zůstatkové množství,
Expected By,Očekáváno do,
Expected Closing Date,Očekávané datum uzavření,
Expected Compensation,Očekávaná odměna,
Expected Delivery Date,Očekávané datum dodání,
Expected Delivery Date should be after Sales Order Date,Očekávané datum dodání by mělo být později než datum prodejní objednávky,
Expected End Date,Očekávané datum ukončení,
Expected End Date should be less than or equal to parent task's Expected End Date {0}.,Očekávané datum ukončení by mělo být menší nebo rovno očekávanému datu ukončení nadřazeného úkolu {0}.,
Expected Hrs,Očekávané hodiny,
Expected Salary Range per month,Očekávané mzdové rozpětí za měsíc,
Expected Skill Set,Očekávané dovednosti,
Expected Skillset,Očekávané dovednosti,
Expected Start Date,Očekávané datum zahájení,
Expected Stock Value,Očekávaná skladová hodnota,
Expected Time (in hours),Očekávaný čas (v hodinách),
Expected Time Required (In Mins),Očekávaný potřebný čas (v minutách),
Expected Value After Useful Life,Očekávaná hodnota po skončení životnosti,
Expense,Výdaj,
Expense / Difference account ({0}) must be a 'Profit or Loss' account,Účet výdaje / rozdílu ({0}) musí být účet typu 'Výsledovka',
Expense Account,Nákladový účet,
Expense account is mandatory for item {0},Nákladový účet je pro položku {0} povinný,
Expense Account Missing,Chybí nákladový účet,
Expense Approver,Schvalovatel výdajů,
Expense Approver Mandatory In Expense Claim,Schvalovatel výdajů povinný ve vyúčtování výdajů,
Expense Claim,Vyúčtování výdajů,
Expense Claim Account,Účet vyúčtování výdajů,
Expense Claim Advance,Záloha k vyúčtování výdajů,
Expense Claim Detail,Detail vyúčtování výdajů,
Expense Claim for Vehicle Log {0},Vyúčtování výdajů pro knihu jízd {0},
Expense Claim Summary,Souhrn vyúčtování výdajů,
Expense Claim Type,Typ výdaje,
Expense Claim {0} already exists for the Vehicle Log,Vyúčtování výdajů {0} pro tuto knihu jízd již existuje,
Expense Claims,Vyúčtování výdajů,
Expense Claims (This Month),Vyúčtování výdajů (tento měsíc),
Expense Date,Datum výdaje,
Expense Head,Druh výdaje,
Expense Head Changed,Druh výdaje změněn,
Expense Item,Položka výdaje,
Expense Proof,Doklad o výdaji,
Expense Tax,Daň z výdaje,
Expense Taxes and Charges,Daně a poplatky z výdajů,
Expense Type,Typ výdaje,
Expenses,Výdaje,
Expenses & Advances,Výdaje a zálohy,
Expenses Added To Stock Account,Výdaje připočtené ke skladovému účtu,
Expenses Added To Stock Contra Account,Protiúčet výdajů připočtených ke skladu,
Expenses Added To Stock for Item {0},Výdaje připočtené ke skladu pro položku {0},
Expenses Included In Asset Valuation,Výdaje zahrnuté v ocenění majetku,
Expenses Included In Valuation,Výdaje zahrnuté v ocenění,
Expenses Settings,Nastavení výdajů,
Experimental,Experimentální,
Expiration date must be in the future,Datum vypršení platnosti musí být v budoucnosti,
Expiration time,Čas vypršení platnosti,
Expire Allocation,Vypršení platnosti přídělu,
Expire Carry Forwarded Leaves (Days),Platnost převedeného volna vyprší po (dnech),
Expire Leaves,Nechat volno propadnout,
Expire Notification On,Oznámení o vypršení platnosti dne,
Expired,Platnost vypršela,
Expired Batches,Šarže s prošlou platností,
Expired Leave(s),Propadlé volno,
Expired Leaves,Propadlé volno,
Expires,Platnost vyprší,
Expires In,Platnost vyprší za,
Expires in a week or less,Platnost vyprší za týden nebo dříve,
Expires On,Platnost vyprší dne,
Expires today or already expired,Platnost vyprší dnes nebo již vypršela,
Expiry (In Days),Platnost (ve dnech),
Expiry Date,Datum vypršení platnosti,
Expiry Date Mandatory,Datum vypršení platnosti je povinné,
Expiry Duration (in days),Doba platnosti (ve dnech),
Expiry time of QR Code Image Page,Doba platnosti stránky s obrázkem QR kódu,
Explanation,Vysvětlení,
Exploded Items,Rozložené položky,
Exponential Smoothing Forecasting,Prognóza exponenciálního vyrovnávání,
Export,Export,
Export Custom Permissions,Exportovat vlastní oprávnění,
Export Customizations,Exportovat přizpůsobení,
Export Data,Exportovat data,
Export E-Invoices,Exportovat elektronické faktury,
Export Errored Rows,Exportovat řádky s chybou,
Export From,Exportovat z,
Export Import Log,Log exportu a importu,
Export only customizations assigned to the selected module.<br><span class='text-muted'><strong>Note:</strong> You must set the <em>Module (for export)</em> field on Custom Field and Property Setter records before applying this filter.</span><p class='alert alert-warning'> <strong>Warning:</strong> Customizations from other modules will be excluded.</p>,Exportovat pouze přizpůsobení přiřazená k vybranému modulu.<br><span class='text-muted'><strong>Poznámka:</strong> Před použitím tohoto filtru musíte nastavit pole <em>Modul (pro export)</em> u záznamů Vlastní pole a Property Setter.</span><p class='alert alert-warning'> <strong>Upozornění:</strong> Přizpůsobení z ostatních modulů budou vyloučena.</p>,
Export without main header,Exportovat bez hlavního záhlaví,
Exported permissions will be force-synced on every migrate overriding any other customization.,Exportovaná oprávnění se při každé migraci vynuceně synchronizují a přepíší jakékoli jiné přizpůsobení.,
Expose Recipients,Zobrazit příjemce,
Extended Bank Statement,Rozšířený bankovní výpis,
External,Externí,
External Link,Externí odkaz,
External Work History,Externí pracovní historie,
Extra Consumed Qty,Extra spotřebované množství,
Extra Job Card Quantity,Extra množství výrobní karty,
Extra Large,Extra velké,
Extra Material Transfer,Extra přesun materiálu,
Extra Parameters,Další parametry,
Extra Small,Extra malé,
Failed,Selhalo,
Failed Emails,Nedoručené e-maily,
Failed Entries,Neúspěšné záznamy,
Failed Job Count,Počet neúspěšných úloh,
Failed Jobs,Neúspěšné úlohy,
Failed Login Attempts,Neúspěšné pokusy o přihlášení,
Failed Logins (Last 30 days),Neúspěšná přihlášení (posledních 30 dní),
Failed to aquire lock: {}. Lock may be held by another process.,Nepodařilo se získat zámek: {}. Zámek může být držen jiným procesem.,
Failed to Authenticate the API key.,Nepodařilo se ověřit klíč API.,
Failed to change password.,Nepodařilo se změnit heslo.,
Failed to complete setup,Nepodařilo se dokončit nastavení,
Failed to compute request body: {},Nepodařilo se vypočítat tělo požadavku: {},
Failed to connect to server,Nepodařilo se připojit k serveru,
Failed to create demo data,Nepodařilo se vytvořit demo data,
Failed to create/submit {0} for employees:,Nepodařilo se vytvořit/odeslat {0} pro zaměstnance:,
"Failed to decode token, please provide a valid base64-encoded token.","Nepodařilo se dekódovat token, zadejte prosím platný token kódovaný v base64.",
Failed to decrypt key {0},Nepodařilo se dešifrovat klíč {0},
Failed to delete communication,Nepodařilo se smazat komunikaci,
Failed to delete defaults for country {0}.,Nepodařilo se smazat výchozí hodnoty pro zemi {0}.,
Failed to delete {0} documents: {1},Nepodařilo se smazat dokumenty {0}: {1},
Failed to download PDF,Nepodařilo se stáhnout PDF,
Failed to download PDF: {0},Nepodařilo se stáhnout PDF: {0},
Failed to enable scheduler: {0},Nepodařilo se povolit plánovač úloh: {0},
"Failed to erase demo data, please delete the demo company manually.","Nepodařilo se smazat demo data, smažte prosím demo firmu ručně.",
Failed to evaluate conditions: {},Nepodařilo se vyhodnotit podmínky: {},
Failed to export python type hints,Nepodařilo se exportovat typové nápovědy Python,
Failed to generate names from the series,Nepodařilo se vygenerovat názvy z řady,
Failed to generate preview of series,Nepodařilo se vygenerovat náhled řady,
Failed to get method for command {0} with {1},Nepodařilo se získat metodu pro příkaz {0} s {1},
Failed to get method {0} with {1},Nepodařilo se získat metodu {0} s {1},
"Failed to import virtual doctype {}, is controller file present?","Nepodařilo se importovat virtuální DocType {}, existuje soubor kontroleru?",
Failed to install presets,Nepodařilo se nainstalovat přednastavení,
Failed to optimize image: {0},Nepodařilo se optimalizovat obrázek: {0},
Failed to parse MT940 format. Error: {0},Nepodařilo se zpracovat formát MT940. Chyba: {0},
Failed to personalize your setup,Nepodařilo se personalizovat vaše nastavení,
Failed to post depreciation entries,Nepodařilo se zaúčtovat odpisy,
Failed to render message: {},Nepodařilo se vykreslit zprávu: {},
Failed to render subject: {},Nepodařilo se vykreslit předmět: {},
Failed to request login to Frappe Cloud,Nepodařilo se odeslat požadavek na přihlášení do Frappe Cloud,
Failed to retrieve the list of IMAP folders from the server. Please ensure the mailbox is accessible and the account has permission to list folders.,"Nepodařilo se načíst seznam složek IMAP ze serveru. Ujistěte se, že je schránka dostupná a účet má oprávnění zobrazit seznam složek.",
Failed to send email for campaign {0} to {1},Nepodařilo se odeslat e-mail kampaně {0} na {1},
Failed to send email with subject:,Nepodařilo se odeslat e-mail s předmětem:,
Failed to send notification email,Nepodařilo se odeslat e-mail s oznámením,
Failed to send reset link,Nepodařilo se odeslat odkaz pro obnovení,
Failed to send the Interview Reschedule notification. Please configure your email account.,Nepodařilo se odeslat oznámení o přeplánování pohovoru. Nastavte prosím svůj e-mailový účet.,
Failed to set defaults,Nepodařilo se nastavit výchozí hodnoty,
Failed to setup company,Nepodařilo se nastavit firmu,
Failed to setup defaults,Nepodařilo se nastavit výchozí hodnoty,
Failed to setup defaults for country {0}.,Nepodařilo se nastavit výchozí hodnoty pro zemi {0}.,
Failed to setup defaults for country {0}. Please contact support.,Nepodařilo se nastavit výchozí hodnoty pro zemi {0}. Kontaktujte prosím podporu.,
Failed to submit some leave policy assignments:,Nepodařilo se odeslat některá přiřazení politiky volna:,
Failed to update global settings,Nepodařilo se aktualizovat globální nastavení,
Failed to update password,Nepodařilo se aktualizovat heslo,
Failed to update subscription status for {0} {1},Nepodařilo se aktualizovat stav předplatného pro {0} {1},
Failed to update the Job Applicant status,Nepodařilo se aktualizovat stav uchazeče o zaměstnání,
Failed Transactions,Neúspěšné transakce,
Failed while calling API {0},Selhalo při volání API {0},
Failing Scheduled Jobs (last 7 days),Selhávající plánované úlohy (posledních 7 dní),
Failure,Selhání,
Failure Date,Datum selhání,
Failure Description,Popis selhání,
Failure Details,Podrobnosti selhání,
Failure of Automatic Allocation of Earned Leaves,Selhání automatického přidělení nabyté dovolené,
Failure Rate,Míra selhání,
Failure Reason,Důvod selhání,
Failure: {0},Selhání: {0},
Family Background,Rodinné zázemí,
FavIcon,Favicon,
Fax,Fax,
Features,Funkce,
Feb,Úno,
Feedback,Zpětná vazba,
Feedback already submitted for the Interview {0}. Please cancel the previous Interview Feedback {1} to continue.,Zpětná vazba pro pohovor {0} již byla odeslána. Pro pokračování zrušte předchozí zpětnou vazbu k pohovoru {1}.,
Feedback By,Zpětnou vazbu poskytl,
Feedback cannot be recorded for an absent Employee.,Pro nepřítomného zaměstnance nelze zaznamenat zpětnou vazbu.,
Feedback Count,Počet zpětných vazeb,
Feedback HTML,HTML zpětné vazby,
Feedback Ratings,Hodnocení zpětné vazby,
Feedback Reminder Notification Template,Šablona oznámení připomenutí zpětné vazby,
Feedback Score,Skóre zpětné vazby,
Feedback Template,Šablona zpětné vazby,
Female,Žena,
Fetch attached images from document,Načíst obrázky přiložené k dokumentu,
Fetch Customers,Načíst klienty,
Fetch exploded BOM (including sub-assemblies),Načíst rozložený kusovník (včetně podsestav),
Fetch From,Načíst z,
Fetch Geolocation,Načíst geolokaci,
Fetch Images,Načíst obrázky,
Fetch Items from Warehouse,Načíst položky ze skladu,
Fetch Latest Exchange Rate,Načíst poslední směnný kurz,
Fetch on Save if Empty,"Načíst při uložení, pokud je prázdné",
Fetch Overdue Payments,Načíst platby po splatnosti,
Fetch Overtime Details,Načíst podrobnosti přesčasů,
Fetch Payment Schedule in Payment Request,Načíst platební harmonogram do platebního požadavku,
Fetch Shift,Načíst směnu,
Fetch Shifts,Načíst směny,
Fetch Subscription Updates,Načíst aktualizace předplatného,
Fetch Timesheet,Načíst výkaz práce,
Fetch Timesheet in Sales Invoice,Načíst výkaz práce do vydané faktury,
Fetch valuation rate for internal Transaction,Načíst ocenění pro interní transakci,
Fetch Value From,Načíst hodnotu z,
Fetched only {0} available serial numbers.,Načteno pouze {0} dostupných sériových čísel.,
Fetching default Global Search documents.,Načítání výchozích dokumentů globálního vyhledávání.,
Fetching Employees,Načítání zaměstnanců,
Fetching exchange rates ...,Načítání směnných kurzů...,
Fetching fields from {0}...,Načítání polí z {0}...,
Fetching Material Requests...,Načítání požadavků na materiál...,
Fetching Sales Orders...,Načítání prodejních objednávek...,
Fetching Shift,Načítání směny,
Fetching...,Načítání...,
FG / Semi FG Item,Hotový výrobek / polotovar,
FG Items to Make,Hotové výrobky k výrobě,
Field,Pole,
"Field ""route"" is mandatory for Web Views","Pole ""route"" je pro webová zobrazení povinné",
"Field ""title"" is mandatory if ""Website Search Field"" is set.","Pole ""title"" je povinné, pokud je nastaveno ""Website Search Field"".",
"Field ""value"" is mandatory. Please specify value to be updated","Pole ""value"" je povinné. Zadejte prosím hodnotu, která se má aktualizovat",
Field '{0}' is not a valid Account field,Pole '{0}' není platné pole typu Účet,
Field '{0}' is not a valid Company link field for DocType {1},Pole '{0}' není platné odkazové pole na firmu pro DocType {1},
Field <code>{0}</code> not found in {1},Pole <code>{0}</code> nebylo v {1} nalezeno,
Field and operator must be strings,Pole a operátor musí být řetězce,
Field Description,Popis pole,
Field in Bank Transaction,Pole v bankovní transakci,
field is mandatory,pole je povinné,
Field Mapping,Mapování polí,
Field Missing,Chybí pole,
Field Name,Název pole,
Field not permitted in query,Pole není v dotazu povoleno,
Field to Track,Sledované pole,
Field Type,Typ pole,
Field type cannot be changed for {0},Typ pole pro {0} nelze změnit,
Field {0} does not exist on {1},Pole {0} u {1} neexistuje,
Field {0} is referring to non-existing doctype {1}.,Pole {0} odkazuje na neexistující DocType {1}.,
Field {0} must be a virtual field to support virtual doctype.,"Pole {0} musí být virtuální pole, aby podporovalo virtuální DocType.",
Field {0} on document {1} is neither a Mobile number field nor a Customer or User link,"Pole {0} u dokumentu {1} není ani polem mobilního čísla, ani odkazem na klienta či uživatele",
Fieldname,Název pole,
Fieldname '{0}' conflicting with a {1} of the name {2} in {3},Název pole '{0}' koliduje s {1} s názvem {2} v {3},
Fieldname called {0} must exist to enable autonaming,Pro povolení automatického pojmenování musí existovat pole s názvem {0},
Fieldname Conflict,Konflikt názvu pole,
Fieldname is limited to 64 characters ({0}),Název pole je omezen na 64 znaků ({0}),
Fieldname not set for Custom Field,U vlastního pole není nastaven název pole,
Fieldname which will be the DocType for this link field.,"Název pole, které bude sloužit jako DocType pro toto odkazové pole.",
Fieldname {0} already exists in the following doctypes: {1}.,Název pole {0} již existuje v následujících DocTypech: {1}.,
Fieldname {0} cannot have special characters like {1},Název pole {0} nesmí obsahovat speciální znaky jako {1},
Fieldname {0} conflicting with meta object,Název pole {0} koliduje s meta objektem,
Fieldname {0} is restricted,Název pole {0} je vyhrazený,
Fields,Pole,
Fields `file_name` or `file_url` must be set for File,U souboru musí být nastaveno pole `file_name` nebo `file_url`,
fields are mandatory,jsou povinná pole,
Fields Multicheck,Vícenásobný výběr polí,
Fields must be a list or tuple when as_list is enabled,"Pokud je povoleno as_list, musí být pole seznam nebo tuple",
"Fields must be a string, list, tuple, pypika Field, or pypika Function","Pole musí být řetězec, seznam, tuple, pypika Field nebo pypika Function",
Fieldtype,Typ pole,
Fieldtype cannot be changed from {0} to {1} in row {2},Typ pole nelze na řádku {2} změnit z {0} na {1},
Fieldtype of {0} in {1} cannot be changed from {2} to {3},Typ pole {0} v {1} nelze změnit z {2} na {3},
FIFO Queue,Fronta FIFO,
FIFO Queue vs Qty After Transaction Comparison,Porovnání fronty FIFO a množství po transakci,
"FIFO Stock Queue (qty, rate)","Skladová fronta FIFO (množství, sazba)",
FIFO/LIFO Queue,Fronta FIFO/LIFO,
File,Soubor,
File '{0}' not found,Soubor '{0}' nebyl nalezen,
File backup is ready,Záloha souborů je připravena,
File does not belong to this Transaction Deletion Record,Soubor nepatří k tomuto záznamu odstranění transakcí,
File Information,Informace o souboru,
File Name,Název souboru,
File name cannot have {0},Název souboru nesmí obsahovat {0},
File not attached,Soubor není přiložen,
File not found,Soubor nebyl nalezen,
File not found on server,Soubor nebyl nalezen na serveru,
File Preview,Náhled souboru,
File Size,Velikost souboru,
File size exceeded the maximum allowed size of {0} MB,Velikost souboru překročila maximální povolenou velikost {0} MB,
File Storage,Úložiště souborů,
File to Rename,Soubor k přejmenování,
File Type,Typ souboru,
File type of {0} is not allowed,Typ souboru {0} není povolen,
File URL,URL souboru,
File URL is required when copying an existing attachment.,Při kopírování existující přílohy je vyžadována URL souboru.,
File {0} does not exist,Soubor {0} neexistuje,
Filename,Název souboru,
Files,Soubory,
Fill the form and save it,Vyplňte formulář a uložte ho,
Filter,Filtr,
Filter Area,Oblast filtru,
Filter Based On,Filtrovat podle,
Filter by invoice status,Filtrovat podle stavu faktury,
Filter by Reference Date,Filtrovat podle referenčního data,
Filter by Shift,Filtrovat podle směny,
Filter condition missing after operator: {0},Po operátoru chybí podmínka filtru: {0},
Filter Data,Filtrovat data,
Filter Duration (Months),Doba filtru (měsíce),
Filter Employees,Filtrovat zaměstnance,
Filter fields have invalid backtick notation: {0},Pole filtru mají neplatnou notaci s obrácenými uvozovkami: {0},
Filter List,Seznam filtrů,
Filter Meta,Metadata filtru,
"Filter must be [field, operator, value]","Filtr musí mít formát [pole, operátor, hodnota]",
Filter must be a list or dict,Filtr musí být seznam nebo slovník,
Filter Name,Název filtru,
Filter on Invoice,Filtr na faktuře,
Filter on Payment,Filtr na platbě,
Filter Total Zero Qty,Filtrovat celkové nulové množství,
Filter Values,Hodnoty filtru,
Filter...,Filtr...,
Filtered By,Filtrováno podle,
"Filtered by ""{0}""","Filtrováno podle ""{0}""",
Filters,Filtry,
Filters Configuration,Konfigurace filtrů,
Filters Display,Zobrazení filtrů,
Filters Editor,Editor filtrů,
Filters for Material Requests,Filtry pro požadavky na materiál,
Filters for Sales Orders,Filtry pro prodejní objednávky,
Filters JSON,JSON filtrů,
Filters missing,Chybí filtry,
"Filters must be four-value rows with string doctypes, fields, and operators.","Filtry musí být čtveřice s řetězcovými hodnotami DocType, pole a operátor.",
Filters Section,Sekce filtrů,
Final BOM,Konečný kusovník,
Final Decision,Konečné rozhodnutí,
Final Product,Konečný produkt,
Final Score,Konečné skóre,
Final Score Formula,Vzorec konečného skóre,
Finance Book,Účetní kniha,
Finance Book Detail,Detail účetní knihy,
Finance Book Id,ID účetní knihy,
Finance Books,Účetní knihy,
Financial Ratios,Finanční ukazatele,
Financial Report Row,Řádek finančního reportu,
Financial Report Template,Šablona finančního reportu,
Financial Report Template {0} is disabled,Šablona finančního reportu {0} je zakázána,
Financial Report Template {0} not found,Šablona finančního reportu {0} nebyla nalezena,
Financial Reports,Finanční reporty,
Financial Statements,Účetní závěrky,
Fingerprint,Otisk prstu,
Fingerprint Stats,Statistiky otisků prstů,
Finish,Dokončit,
Finished,Dokončeno,
Finished At,Dokončeno v,
Finished Good,Hotový výrobek,
Finished Good BOM,Kusovník hotového výrobku,
Finished Good Item,Položka hotového výrobku,
Finished Good Item Code,Kód položky hotového výrobku,
Finished Good Item is not specified for service item {0},Pro servisní položku {0} není zadána položka hotového výrobku,
Finished Good Item Quantity,Množství položky hotového výrobku,
Finished Good Item {0} must be a sub-contracted item,Položka hotového výrobku {0} musí být subdodavatelská položka,
Finished Good Item {0} Qty can not be zero,Množství položky hotového výrobku {0} nemůže být nulové,
Finished Good Qty,Množství hotového výrobku,
Finished Good Quantity,Množství hotového výrobku,
Finished good quantity being consumed ({0} in stock UOM) must equal the quantity,Spotřebované množství hotového výrobku ({0} ve skladové měrné jednotce) musí odpovídat množství,
Finished Good Serial / Batch,Sériové číslo / šarže hotového výrobku,
Finished Good UOM,Měrná jednotka hotového výrobku,
Finished Good {0} does not have a default BOM.,Hotový výrobek {0} nemá výchozí kusovník.,
Finished Good {0} is disabled.,Hotový výrobek {0} je zakázán.,
Finished Good {0} must be a stock item.,Hotový výrobek {0} musí být skladová položka.,
Finished Good {0} must be a sub-contracted item.,Hotový výrobek {0} musí být subdodavatelská položka.,
Finished Goods,Hotové výrobky,
Finished Goods Based Operating Cost,Provozní náklady na základě hotových výrobků,
Finished Goods based Operating Cost,Provozní náklady na základě hotových výrobků,
Finished Goods Item,Položka hotových výrobků,
Finished Goods Reference,Odkaz na hotové výrobky,
Finished Goods Return,Vratka hotových výrobků,
Finished Goods Value,Hodnota hotových výrobků,
Finished Goods Warehouse,Sklad hotových výrobků,
Finished Item {0} does not match with Work Order {1},Hotová položka {0} neodpovídá výrobnímu příkazu {1},
First data column must be blank.,První sloupec dat musí být prázdný.,
First Day of the Week,První den v týdnu,
First Delivery Date,Datum prvního dodání,
First Email,První e-mail,
First Name,Jméno,
First Responded On,Datum první reakce,
First Response SLA Failed by {},SLA první reakce nesplněno o {},
First Response Time,Čas první reakce,
First Response Time for Issues,Čas první reakce na požadavky,
First Response Time for Opportunity,Čas první reakce na obchodní příležitost,
First Seen,Poprvé zobrazeno,
First set the name and save the record.,Nejprve nastavte název a uložte záznam.,
First Success Message,První zpráva o úspěchu,
First Used On,Poprvé použito dne,
"Fiscal Regime is mandatory, kindly set the fiscal regime in the company {0}","Daňový režim je povinný, nastavte prosím daňový režim u firmy {0}",
Fiscal Year,Fiskální rok,
Fiscal Year Company,Firma fiskálního roku,
Fiscal Year End Date should be one year after Fiscal Year Start Date,Datum ukončení fiskálního roku by mělo být o rok později než datum zahájení fiskálního roku,
Fiscal Year {0} Does Not Exist,Fiskální rok {0} neexistuje,
Fiscal Year {0} does not exist,Fiskální rok {0} neexistuje,
Fiscal Year {0} is not available for Company {1}.,Fiskální rok {0} není pro firmu {1} k dispozici.,
Fiscal Year {0} is required,Fiskální rok {0} je povinný,
Fiscal Year {0} not found,Fiskální rok {0} nebyl nalezen,
Fix SABB Entry,Opravit záznam SABB,
Fixed Asset,Dlouhodobý majetek,
Fixed Asset Account,Účet dlouhodobého majetku,
Fixed Asset Defaults,Výchozí hodnoty dlouhodobého majetku,
Fixed Asset Item must be a non-stock item.,Položka dlouhodobého majetku musí být neskladová položka.,
Fixed Asset item {0} cannot be used in BOMs.,Položku dlouhodobého majetku {0} nelze použít v kusovnících.,
Fixed Asset Register,Evidence dlouhodobého majetku,
Fixed Asset Turnover Ratio,Ukazatel obratu dlouhodobého majetku,
Fixed Assets,Dlouhodobý majetek,
Fixed Deposit Number,Číslo termínovaného vkladu,
Fixed Outgoing Email Account,Pevný odchozí e-mailový účet,
Fixed Time,Pevný čas,
Flag,Příznak,
Fleet Management,Správa vozového parku,
Flexible Benefit,Flexibilní benefit,
Flexible Benefits,Flexibilní benefity,
Flexible Component,Flexibilní složka,
Float Precision,Přesnost desetinných čísel,
Floor,Podlaží,
Floor Name,Název podlaží,
FnF Pending,Konečné vyrovnání čeká na vyřízení,
Focus on Item Group filter,Přejít na filtr skupiny položek,
Focus on search input,Přejít na vyhledávací pole,
Fold can not be at the end of the form,Záhyb nemůže být na konci formuláře,
Fold must come before a Section Break,Záhyb musí být před oddílem (Section Break),
Folder,Složka,
Folder Name,Název složky,
Folder {0} is not empty,Složka {0} není prázdná,
Folio no.,Číslo folia,
Follow Calendar Months,Řídit se kalendářními měsíci,
Follow via Email,Sledovat e-mailem,
Following document {0},Následující dokument {0},
Following fields are mandatory to create address:,Pro vytvoření adresy jsou povinná následující pole:,
Following fields are missing:,Chybí následující pole:,
Following Report Filters have missing values:,Následujícím filtrům reportu chybí hodnoty:,
Font,Písmo,
Font Properties,Vlastnosti písma,
Font Size,Velikost písma,
Fonts,Písma,
Food,Jídlo,
Footer,Patička,
"Footer ""Powered By""","Patička ""Powered By""",
Footer Based On,Patička na základě,
Footer Content,Obsah patičky,
Footer Details,Podrobnosti patičky,
Footer HTML,HTML patičky,
Footer HTML set from attachment {0},HTML patičky nastaveno z přílohy {0},
Footer Image,Obrázek patičky,
Footer Items,Položky patičky,
Footer Logo,Logo v patičce,
Footer might not be visible as {0} option is disabled</div>,"Patička nemusí být viditelná, protože volba {0} je zakázána</div>",
Footer Script,Skript patičky,
Footer Template,Šablona patičky,
Footer Template Values,Hodnoty šablony patičky,
For All Stock Asset Accounts,Pro všechny skladové účty majetku,
"For an item {0}, quantity must be negative number",U položky {0} musí být množství záporné číslo,
"For an item {0}, quantity must be positive number",U položky {0} musí být množství kladné číslo,
For Buying,Pro nákup,
For Company,Pro firmu,
For Designation,Pro pracovní pozici,
For DocType,Pro DocType,
For Document,Pro dokument,
For Document Type,Pro typ dokumentu,
For Employee,Pro zaměstnance,
"For example: If you want to include the document ID, use {0}","Například: pokud chcete zahrnout ID dokumentu, použijte {0}",
For Item,Pro položku,
"For item <b>{0}</b>, only <b>{1}</b> asset have been created or linked to <b>{2}</b>.",Pro položku <b>{0}</b> bylo vytvořeno nebo propojeno s <b>{2}</b> pouze <b>{1}</b> majetku.,
For Item {0} cannot be received more than {1} qty against the {2} {3},U položky {0} nelze přijmout více než {1} množství oproti {2} {3},
"For item {0}, rate must be a positive number. To Allow negative rates, enable {1} in {2}",U položky {0} musí být sazba kladné číslo. Pro povolení záporných sazeb povolte {1} v {2},
For Job Card,Pro výrobní kartu,
"For more information, {0}.",Více informací naleznete zde: {0}.,
For Operation,Pro operaci,
"For operation {0} at row {1}, please add raw materials or set a BOM against it.",Pro operaci {0} na řádku {1} prosím přidejte suroviny nebo k ní nastavte kusovník.,
For operation {0}: Quantity ({1}) can not be greater than pending quantity({2}),Pro operaci {0}: množství ({1}) nemůže být větší než čekající množství ({2}),
For Price List,Pro ceník,
"For project - {0}, update your status",Pro projekt {0} aktualizujte svůj stav,
For Quantity (Manufactured Qty) is mandatory,Pole Množství (vyrobené množství) je povinné,
For quantity {0} should not be greater than allowed quantity {1},Množství {0} by nemělo být větší než povolené množství {1},
For Raw Materials,Pro suroviny,
"For Return Invoices with Stock effect, '0' qty Items are not allowed. Following rows are affected: {0}",U dobropisů se skladovým dopadem nejsou povoleny položky s nulovým množstvím. Týká se následujících řádků: {0},
"For row {0} in {1}. To include {2} in Item rate, rows {3} must also be included","U řádku {0} v {1}: aby bylo možné zahrnout {2} do sazby položky, musí být zahrnuty i řádky {3}",
For row {0}: Enter Planned Qty,U řádku {0}: zadejte plánované množství,
For Selling,Pro prodej,
For Supplier,Pro dodavatele,
For the 'Apply Rule On Other' condition the field {0} is mandatory,Pro podmínku 'Použít pravidlo na jiné' je pole {0} povinné,
"For the item {0}, the consumed quantity should be {1} according to the BOM {2}.",U položky {0} by mělo být podle kusovníku {2} spotřebované množství {1}.,
"For the {0}, no stock is available for the return in the warehouse {1}.",Pro {0} není ve skladu {1} k dispozici žádná zásoba k vratce.,
"For the {0}, the quantity is required to make the return entry",Pro {0} je pro vytvoření vratky vyžadováno množství,
"For updating, you can update only selective columns.",Při aktualizaci můžete aktualizovat pouze vybrané sloupce.,
For User,Pro uživatele,
For Value,Pro hodnotu,
For Warehouse,Pro sklad,
For {0} at level {1} in {2} in row {3},Pro {0} na úrovni {1} v {2} na řádku {3},
Force,Vynutit,
Force Re-route to Default View,Vynutit přesměrování na výchozí zobrazení,
Force Stop job,Vynutit zastavení úlohy,
Force User to Reset Password,Vynutit uživateli obnovení hesla,
Force Web Capture Mode for Uploads,Vynutit režim webového snímání pro nahrávání,
Force-Fetch Subscription Updates,Vynutit načtení aktualizací předplatného,
Forecast,Prognóza,
Forecast Demand,Prognóza poptávky,
Forecasting,Prognózování,
Foreign Currency Translation Reserve,Rezerva z přepočtu cizí měny,
Foreign Trade Details,Podrobnosti zahraničního obchodu,
Forgot Password?,Zapomenuté heslo?,
Form,Formulář,
Form Builder,Tvůrce formulářů,
Form Dict,Slovník formuláře,
Form Settings,Nastavení formuláře,
Form Tour,Průvodce formulářem,
Form Tour Step,Krok průvodce formulářem,
Format,Formát,
Format Data,Formátovat data,
Formula,Vzorec,
Formula Based Criteria,Kritéria na základě vzorce,
Formula evaluation error: {0},Chyba vyhodnocení vzorce: {0},
Formula has unbalanced parentheses,Vzorec má nevyvážené závorky,
"Formula must return a numeric value, got {0}","Vzorec musí vracet číselnou hodnotu, získáno {0}",
Formula or Account Filter,Vzorec nebo filtr účtu,
Formula references itself ('{0}'),Vzorec odkazuje sám na sebe ('{0}'),
Formula/Amount,Vzorec/Částka,
Forum Posts,Příspěvky na fóru,
Forum URL,URL fóra,
Forward,Přeposlat,
Forward Query Parameters,Přeposlat parametry dotazu,
Forward To Email Address,Přeposlat na e-mailovou adresu,
Fraction,Zlomek,
Fraction of Applicable Earnings,Podíl uplatnitelných příjmů,
Fraction of Daily Salary for Half Day,Podíl denní mzdy za půl dne,
Fraction of Daily Salary per Leave,Podíl denní mzdy za den volna,
Fraction Units,Jednotky zlomku,
Fractional Cost,Poměrné náklady,
Framework,Framework,
Frappe,Frappe,
Frappe CRM,Frappe CRM,
Frappe Crm Allowed User,Povolený uživatel Frappe CRM,
Frappe CRM data synchronization is not enabled on ERPNext. Contact System Manager of ERPNext.,Synchronizace dat s Frappe CRM není v ERPNext povolena. Kontaktujte správce systému ERPNext.,
Frappe HR,Frappe HR,
Frappe Mail OAuth Error,Chyba OAuth Frappe Mail,
Frappe Mail Site,Server Frappe Mail,
Frappe page builder using components,Tvůrce webových stránek Frappe pomocí komponent,
Frappe School,Frappe School,
Free Item,Položka zdarma,
Free item code is not selected,Není vybrán kód položky zdarma,
Free item not set in the pricing rule {0},V cenovém pravidle {0} není nastavena položka zdarma,
Free Item Rate,Sazba položky zdarma,
Freeze stocks older than (days),Zmrazit zásoby starší než (dny),
Freight and Forwarding Charges,Přepravní a zasílatelské poplatky,
Frequency,Frekvence,
Frequency of Depreciation (Months),Frekvence odpisů (měsíce),
Frequency To Collect Progress,Frekvence sběru pokroku,
Friday,Pátek,
From,Od,
From Amount,Od částky,
From and to dates are mandatory for recurring type additional salaries.,U opakujících se dodatečných mezd jsou datum od a do povinná.,
From and To dates are required,Datum od a do jsou povinná,
From and To Dates are required.,Datum od a do jsou povinná.,
From Attach Field,Pole pro přílohu z,
From BOM,Z kusovníku,
From BOM No,Z čísla kusovníku,
From Company,Z firmy,
From Currency,Z měny,
From Currency and To Currency cannot be same,Měna od a měna do nemohou být stejné,
From Customer,Od klienta,
From Date,Od data,
From Date and To Date are Mandatory,Datum od a datum do jsou povinná,
From Date and To Date are mandatory,Datum od a datum do jsou povinná,
From Date and To Date lie in different Fiscal Year,Datum od a datum do spadají do různých fiskálních roků,
From date can not be less than employee's joining date,Datum od nemůže být dřívější než datum nástupu zaměstnance,
From date can not be less than employee's joining date.,Datum od nemůže být dřívější než datum nástupu zaměstnance.,
From Date cannot be greater than To Date,Datum od nemůže být pozdější než datum do,
From date cannot be greater than To date,Datum od nemůže být pozdější než datum do,
From Date cannot be greater than To Date.,Datum od nemůže být pozdější než datum do.,
From Date Field,Pole data od,
From Date is mandatory,Datum od je povinné,
From Date must be before To Date,Datum od musí být dřívější než datum do,
From Date must come before To Date,Datum od musí předcházet datu do,
From Date should be within the Fiscal Year. Assuming From Date = {0},Datum od by mělo spadat do fiskálního roku. Předpokládá se datum od = {0},
From Date {0} cannot be after employee's relieving Date {1},Datum od {0} nemůže být pozdější než datum ukončení pracovního poměru zaměstnance {1},
From Date {0} cannot be after Payroll Period end date {1},Datum od {0} nemůže být pozdější než datum konce mzdového období {1},
From Date {0} cannot be before employee's joining Date {1},Datum od {0} nemůže být dřívější než datum nástupu zaměstnance {1},
From Date {0} cannot be before Payroll Period start date {1},Datum od {0} nemůže být dřívější než datum zahájení mzdového období {1},
From Date: {0} cannot be greater than To date: {1},Datum od: {0} nemůže být pozdější než datum do: {1},
From Datetime,Datum a čas od,
From Delivery Date,Datum dodání od,
From Delivery Note,Z dodacího listu,
From Doctype,Z DocType,
From Due Date,Datum splatnosti od,
From Employee,Od zaměstnance,
From Employee is required while issuing Asset {0},Pole „Od zaměstnance“ je při vydání majetku {0} povinné,
From External Ecomm Platform,Z externí e-commerce platformy,
From Fiscal Year,Z fiskálního roku,
From Fiscal Year cannot be greater than To Fiscal Year,Fiskální rok od nemůže být pozdější než fiskální rok do,
From Folio No,Z čísla folia,
From Full Name,Z celého jména,
"From here, you can enable encashment for the balance leaves.",Zde můžete povolit proplacení zbývajícího volna.,
From Invoice Date,Datum faktury od,
From No,Od čísla,
From Package No.,Z čísla balíku,
From Payment Date,Datum platby od,
From Posting Date,Datum zaúčtování od,
From Range,Rozsah od,
From Range has to be less than To Range,Rozsah od musí být menší než rozsah do,
From Reference Date,Referenční datum od,
From Shareholder,Od akcionáře,
From Template,Ze šablony,
From Time,Čas od,
From Time Should Be Less Than To Time,Čas od musí být menší než čas do,
From User,Od uživatele,
From Value,Hodnota od,
From value must be less than to value in row {0},Hodnota od musí být menší než hodnota do na řádku {0},
From Voucher Detail No,Z čísla podrobností dokladu,
From Voucher No,Z čísla dokladu,
From Voucher Type,Z typu dokladu,
From Warehouse,Ze skladu,
From {0} to {1},Od {0} do {1},
From(Year),Od (rok),
Frozen,Zmrazeno,
Fuel Expense,Výdaj za palivo,
Fuel Expenses,Výdaje za palivo,
Fuel Price,Cena paliva,
Fuel Qty,Množství paliva,
Fuel Type,Typ paliva,
Fuel UOM,Měrná jednotka paliva,
Fulfilled,Splněno,
Fulfillment,Splnění,
Fulfilment Deadline,Termín splnění,
Fulfilment Details,Podrobnosti splnění,
Fulfilment Status,Stav splnění,
Fulfilment Terms,Podmínky splnění,
Fulfilment Terms and Conditions,Podmínky a ujednání splnění,
Full and Final Asset,Majetek při konečném vyrovnání,
Full and Final Outstanding Statement,Výpis nedoplatků při konečném vyrovnání,
Full and Final Statement,Výkaz konečného vyrovnání,
Full Name,Celé jméno,
"Full Name, Email or Phone/Mobile of the user are mandatory to continue.","Pro pokračování je nutné zadat celé jméno, e-mail nebo telefon/mobil uživatele.",
Full Page,Celá stránka,
Full Width,Plná šířka,
Full-time,Plný úvazek,
Fully Depreciated,Plně odepsáno,
Function,Funkce,
Function {0} is not whitelisted.,Funkce {0} není na seznamu povolených.,
Function {0} requires arguments but none were provided,"Funkce {0} vyžaduje argumenty, ale žádné nebyly zadány",
Funded Amount,Financovaná částka,
Furniture and Fixtures,Nábytek a vybavení,
"Further accounts can be made under Groups, but entries can be made against non-Groups","Další účty lze vytvářet pod skupinami, zápisy však lze provádět pouze proti účtům, které nejsou skupinami",
Further cost centers can be made under Groups but entries can be made against non-Groups,"Další nákladová střediska lze vytvářet pod skupinami, zápisy však lze provádět pouze proti střediskům, která nejsou skupinami",
Further nodes can be only created under 'Group' type nodes,Další uzly lze vytvářet pouze pod uzly typu 'Skupina',
Future date is not allowed,Budoucí datum není povoleno,
Future dates not allowed,Budoucí data nejsou povolena,
Future Income Tax,Budoucí daň z příjmu,
Future Payment Amount,Částka budoucí platby,
Future Payment Ref,Odkaz na budoucí platbu,
Fw: {0},Fw: {0},
FX Revaluation,Přecenění FX,
Gain Loss Account,Účet zisku a ztráty,
Gain/Loss,Zisk/ztráta,
Gain/Loss Account on Asset Disposal,Účet zisku/ztráty při vyřazení majetku,
Gain/Loss already booked,Zisk/ztráta již zaúčtována,
Gain/Loss from Revaluation,Zisk/ztráta z přecenění,
Gain/Loss on Asset Disposal,Zisk/ztráta při vyřazení majetku,
Gantt Chart,Ganttův diagram,
Gantt chart of all tasks.,Ganttův diagram všech úkolů.,
Gate Pass,Propustka,
Gender,Pohlaví,
Genderqueer,Genderqueer,
General and Payment Ledger Comparison,Porovnání hlavní knihy a knihy plateb,
General and Payment Ledger mismatch,Neshoda mezi hlavní knihou a knihou plateb,
General Ledger,Hlavní kniha,
General Ledger remarks length,Délka poznámek hlavní knihy,
General Ledger Report,Report hlavní knihy,
General Ledger requires {0} to be synced to DuckDB,Hlavní kniha vyžaduje synchronizaci {0} s DuckDB,
General Settings,Obecné nastavení,
Generate Demand,Vygenerovat poptávku,
Generate E-Invoice,Vygenerovat elektronickou fakturu,
Generate Invoice At,Vygenerovat fakturu v,
Generate Keys,Vygenerovat klíče,
Generate New Invoices Past Due Date,Generovat nové faktury po datu splatnosti,
Generate Schedule,Vygenerovat harmonogram,
Generate Separate Documents For Each Assignee,Vygenerovat samostatné dokumenty pro každého řešitele,
Generate Stock Closing Entry,Vygenerovat uzávěrkový skladový pohyb,
Generate To Delete List,Vygenerovat seznam k odstranění,
Generate To Delete list first,Nejprve vygenerujte seznam k odstranění,
Generated,Vygenerováno,
Generating Master Production Schedule...,Generování hlavního výrobního plánu...,
Generating Preview,Generování náhledu,
Geolocation,Geolokace,
Geolocation is not supported by your current browser,Váš aktuální prohlížeč nepodporuje geolokaci,
Geolocation Settings,Nastavení geolokace,
Get Actual Demand,Získat skutečnou poptávku,
Get Advances Paid,Získat zaplacené zálohy,
Get Advances Received,Získat přijaté zálohy,
Get Alerts for Today,Získat dnešní upozornění,
Get Allocations,Získat přidělení,
Get Backup Encryption Key,Získat šifrovací klíč zálohy,
Get Balance,Získat zůstatek,
Get Contacts,Získat kontakty,
Get Current Stock,Získat aktuální zásobu,
Get Customer Group Details,Získat podrobnosti skupiny klientů,
Get Delivery Schedule,Získat harmonogram dodání,
Get Details From Declaration,Získat podrobnosti z prohlášení,
Get Employees,Získat zaměstnance,
Get Entries,Získat záznamy,
Get Fields,Získat pole,
Get Finished Goods,Získat hotové výrobky,
Get Header and Footer wkhtmltopdf variables,Získat proměnné záhlaví a patičky wkhtmltopdf,
Get Invoices,Získat faktury,
Get Invoices based on Filters,Získat faktury podle filtrů,
Get Item Locations,Získat umístění položek,
Get Items,Získat položky,
Get Items for Purchase / Transfer,Získat položky k nákupu / přesunu,
Get Items for Purchase Only,Získat položky pouze k nákupu,
Get Items From,Získat položky z,
Get Items from BOM,Získat položky z kusovníku,
Get Items from Material Requests against this Supplier,Získat položky z požadavků na materiál pro tohoto dodavatele,
Get Job Requisitions,Získat požadavky na obsazení pozice,
Get Latest Query,Získat poslední dotaz,
Get Material Request,Získat požadavek na materiál,
Get Material Requests,Získat požadavky na materiál,
Get OpenID Configuration,Získat konfiguraci OpenID,
Get Outstanding Invoices,Získat neuhrazené faktury,
Get Outstanding Orders,Získat nevyřízené objednávky,
Get Payment Entries,Získat platby,
Get Payments from,Získat platby z,
Get Raw Materials Cost from Consumption Entry,Získat náklady na suroviny ze záznamu spotřeby,
Get Sales Orders,Získat prodejní objednávky,
Get Secondary Items,Získat vedlejší položky,
Get Started Sections,Sekce pro začátek práce,
Get Stock,Získat zásobu,
Get stops from,Získat zastávky z,
Get Sub Assembly Items,Získat položky podsestav,
Get Supplier Group Details,Získat podrobnosti skupiny dodavatelů,
Get Suppliers,Získat dodavatele,
Get Suppliers By,Získat dodavatele podle,
Get the app on your device for easy access & a better experience!,Získejte aplikaci do svého zařízení pro snadný přístup a lepší zážitek!,
Get the app on your iPhone for easy access & a better experience,Získejte aplikaci do svého iPhonu pro snadný přístup a lepší zážitek,
Get Timesheets,Získat výkazy práce,
Get Unreconciled Entries,Získat neodsouhlasené záznamy,
Getting Secondary Items,Získávání vedlejších položek,
Git Branch,Větev Git,
Github flavoured markdown syntax,Syntaxe markdown ve stylu GitHub,
GL Balance,Zůstatek hlavní knihy,
GL Entry,Zápis do hlavní knihy,
Gl Entry,Zápis do hlavní knihy,
GL Entry Processing Status,Stav zpracování zápisu do hlavní knihy,
GL reposting index,Index přeúčtování hlavní knihy,
Global Defaults,Globální výchozí hodnoty,
Global Search Doctype,DocType globálního vyhledávání,
Global Search Document Types Reset.,Typy dokumentů globálního vyhledávání byly obnoveny.,
Global Search Settings,Nastavení globálního vyhledávání,
Global Settings,Globální nastavení,
Global Unsubscribe,Globální odhlášení,
Go to <a href='/banking/statement-importer' target='_blank' style='text-decoration: underline;'>Bank Statement Importer</a> in the Banking module to use this importer.,Pro použití tohoto importéru přejděte na <a href='/banking/statement-importer' target='_blank' style='text-decoration: underline;'>Import bankovního výpisu</a> v modulu Bankovnictví.,
Go to Access Control section,Přejít do sekce Řízení přístupu,
Go to Login,Přejít na přihlášení,
Go to Notification Settings List,Přejít na seznam nastavení oznámení,
Go to Reset Password page,Přejít na stránku obnovení hesla,
Go to the <a href='/banking' target='_blank' style='text-decoration: underline;'>Banking module</a> to setup this rule.,Pro nastavení tohoto pravidla přejděte do <a href='/banking' target='_blank' style='text-decoration: underline;'>modulu Bankovnictví</a>.,
Go to the document,Přejít na dokument,
Go to Workspace,Přejít na pracovní plochu,
Go to {0},Přejít na {0},
Go to {0} List,Přejít na seznam {0},
Go to {0} Page,Přejít na stránku {0},
Goal,Cíl,
goal,Cíl,
Goal and Procedure,Cíl a postup,
Goal Completion (%),Splnění cíle (%),
Goal progress percentage cannot be more than 100.,Procento pokroku cíle nemůže být větší než 100.,
Goal Score,Skóre cíle,
Goal Score (%),Skóre cíle (%),
Goal Score (weighted),Skóre cíle (vážené),
Goal should be aligned with the same KRA as its parent goal.,Cíl by měl odpovídat stejné klíčové oblasti výsledků (KRA) jako jeho nadřazený cíl.,
Goal should be owned by the same employee as its parent goal.,Cíl by měl mít stejného vlastníka jako jeho nadřazený cíl.,
Goal should belong to the same Appraisal Cycle as its parent goal.,Cíl by měl patřit do stejného hodnoticího cyklu jako jeho nadřazený cíl.,
Goal updated successfully,Cíl byl úspěšně aktualizován,
Goals,Cíle,
goals,cíle,
Goals updated successfully,Cíle byly úspěšně aktualizovány,
Goods are already received against the outward entry {0},Zboží proti výdejnímu dokladu {0} již bylo přijato,
Goods In Transit,Zboží na cestě,
Goods Transferred,Zboží převedeno,
Google,Google,
Google Analytics anonymise IP,Anonymizace IP v Google Analytics,
Google Analytics ID,ID Google Analytics,
Google Calendar,Google Kalendář,
"Google Calendar - Could not create Calendar for {0}, error code {1}.","Google Kalendář - Nepodařilo se vytvořit kalendář pro {0}, chybový kód {1}.",
"Google Calendar - Could not delete Event {0} from Google Calendar, error code {1}.","Google Kalendář - Nepodařilo se odstranit událost {0} z Google Kalendáře, chybový kód {1}.",
"Google Calendar - Could not fetch event from Google Calendar, error code {0}.","Google Kalendář - Nepodařilo se načíst událost z Google Kalendáře, chybový kód {0}.",
"Google Calendar - Could not find Calendar for {0}, error code {1}.","Google Kalendář - Nepodařilo se najít kalendář pro {0}, chybový kód {1}.",
"Google Calendar - Could not insert contact in Google Contacts {0}, error code {1}.","Google Kalendář - Nepodařilo se vložit kontakt do Google Kontaktů {0}, chybový kód {1}.",
"Google Calendar - Could not insert event in Google Calendar {0}, error code {1}.","Google Kalendář - Nepodařilo se vložit událost do Google Kalendáře {0}, chybový kód {1}.",
"Google Calendar - Could not update Event {0} in Google Calendar, error code {1}.","Google Kalendář - Nepodařilo se aktualizovat událost {0} v Google Kalendáři, chybový kód {1}.",
Google Calendar Event ID,ID události Google Kalendáře,
Google Calendar has been configured.,Google Kalendář byl nakonfigurován.,
Google Calendar ID,ID Google Kalendáře,
Google Calender,Google Kalendář,
Google Contacts,Google Kontakty,
"Google Contacts - Could not sync contacts from Google Contacts {0}, error code {1}.","Google Kontakty - Nepodařilo se synchronizovat kontakty z Google Kontaktů {0}, chybový kód {1}.",
"Google Contacts - Could not update contact in Google Contacts {0}, error code {1}.","Google Kontakty - Nepodařilo se aktualizovat kontakt v Google Kontaktech {0}, chybový kód {1}.",
Google Contacts Id,ID Google Kontaktů,
Google Drive Picker,Výběr souborů Google Disk,
Google Drive Picker Enabled,Výběr souborů Google Disk povolen,
Google Font,Google Font,
Google Meet Link,Odkaz na Google Meet,
Google Services,Služby Google,
Google Settings,Nastavení Google,
Google Sheets URL is invalid or not publicly accessible.,URL adresa Google Sheets je neplatná nebo veřejně nedostupná.,
"Google Sheets URL must end with ""gid={number}"". Copy and paste the URL from the browser address bar and try again.","URL adresa Google Sheets musí končit ""gid={number}"". Zkopírujte a vložte URL z adresního řádku prohlížeče a zkuste to znovu.",
Government,Vládní instituce,
Grace Period,Ochranná lhůta,
Grade,Třída,
Grand Total,Celková částka,
Grand Total (Company Currency),Celková částka (měna firmy),
Grand Total (Transaction Currency),Celková částka (měna transakce),
Grand Total must match sum of Payment References,Celková částka musí odpovídat součtu platebních referencí,
Grant Commission,Poskytnout provizi,
Grant Type,Typ grantu,
Gratuity,Odstupné,
Gratuity Applicable Component,Složka započitatelná do odstupného,
Gratuity Rule,Pravidlo odstupného,
Gratuity Rule Slab,Pásmo pravidla odstupného,
Greater Than Amount,Částka větší než,
Green,Zelená,
Greeting Message,Uvítací zpráva,
Greeting Subtitle,Podtitul pozdravu,
Greeting Title,Titulek pozdravu,
Greetings Section,Sekce pozdravu,
Grid Page Length,Počet řádků mřížky,
Grievance,Stížnost,
Grievance Against,Stížnost na,
Grievance Against Party,Stížnost na protistranu,
Grievance Details,Podrobnosti stížnosti,
Grievance Type,Typ stížnosti,
Gross and Net Profit Report,Report hrubého a čistého zisku,
Gross Earnings,Hrubé příjmy,
Gross Margin,Hrubá marže,
Gross Margin %,Hrubá marže %,
Gross Pay,Hrubá mzda,
Gross Pay (Company Currency),Hrubá mzda (měna firmy),
Gross Profit,Hrubý zisk,
Gross Profit / Loss,Hrubý zisk / ztráta,
Gross Profit Percent,Procento hrubého zisku,
Gross Profit Ratio,Ukazatel hrubého zisku,
Gross Weight,Hrubá hmotnost,
Gross Weight UOM,Měrná jednotka hrubé hmotnosti,
Gross Year To Date,Hrubý příjem od začátku roku,
Gross Year To Date(Company Currency),Hrubý příjem od začátku roku (měna firmy),
Group,Skupina,
Group By,Seskupit podle,
Group by,Seskupit podle,
Group By Based On,Seskupit podle na základě,
Group By Customer,Seskupit podle klienta,
Group By field is required to create a dashboard chart,Pro vytvoření grafu dashboardu je vyžadováno pole Seskupit podle,
Group by Material Request,Seskupit podle požadavku na materiál,
Group By must be a string,Seskupit podle musí být řetězec,
Group by Party,Seskupit podle protistrany,
Group by Purchase Order,Seskupit podle nákupní objednávky,
Group by Sales Order,Seskupit podle prodejní objednávky,
Group By Supplier,Seskupit podle dodavatele,
Group By Type,Seskupit podle typu,
Group by Voucher,Seskupit podle dokladu,
Group goal's progress is auto-calculated based on the child goals.,Pokrok skupinového cíle se automaticky počítá na základě podřízených cílů.,
Group Name,Název skupiny,
Group Node,Uzel skupiny,
Group node warehouse is not allowed to select for transactions,Sklad typu skupina nelze u transakcí vybrat,
Group Object Class,Třída skupinového objektu,
Group Same Items,Seskupit stejné položky,
Group same items,Seskupit stejné položky,
Group Warehouses cannot be used in transactions. Please change the value of {0},Skladové skupiny nelze v transakcích použít. Změňte prosím hodnotu {0},
Groups,Skupiny,
Growth View,Zobrazení růstu,
Guest,Host,
Guests are not allowed to upload files for {0} Doctype,Hosté nemají povoleno nahrávat soubory pro DocType {0},
gzip not found in PATH! This is required to take a backup.,V PATH nebyl nalezen gzip! Je vyžadován pro vytvoření zálohy.,
Half Day,Půl dne,
Half Day Date,Datum poloviny dne,
Half Day Date is mandatory,Datum poloviny dne je povinné,
Half Day Date should be between From Date and To Date,Datum poloviny dne by mělo spadat mezi datum od a datum do,
Half day date should be in between from date and to date,Datum poloviny dne by mělo spadat mezi datum od a datum do,
Half Day Date should be in between Work From Date and Work End Date,Datum poloviny dne by mělo spadat mezi datem zahájení a ukončení práce,
Half Day Marked Employee Header,Záhlaví zaměstnance označeného na půl dne,
Half Day Records,Záznamy o půlce dne,
Half Day Status,Stav půldenní docházky,
Half-Yearly,Pololetně,
Handle Employee Advances,Zpracovat zálohy zaměstnancům,
Handled Emails,Zpracované e-maily,
Handlers,Obslužné rutiny,
Hardware,Hardware,
Has  Attachment,Má přílohu,
Has Alternative Item,Má alternativní položku,
Has Batch No,Má číslo šarže,
Has Certificate,Má certifikát,
Has Corrective Cost,Má opravné náklady,
Has Domain,Má doménu,
Has Expiry Date,Má datum vypršení platnosti,
Has Item Scanned,Má naskenovanou položku,
Has Next Condition,Má další podmínku,
Has Operating Cost,Má provozní náklady,
Has Print Format,Má tiskový formát,
Has Priority,Má prioritu,
Has Role,Má roli,
Has Serial No,Má sériové číslo,
Has Setup Wizard,Má průvodce nastavením,
Has Subcontracted,Je subdodavatelský,
Has Unit Price Items,Má položky s jednotkovou cenou,
Has Variants,Má varianty,
Has Web View,Má webové zobrazení,
Have default Naming Series for Batch ID?,Použít výchozí číselnou řadu pro ID šarže?,
Header,Záhlaví,
Header and Breadcrumbs,Záhlaví a drobečková navigace,
Header HTML,HTML záhlaví,
Header HTML set from attachment {0},HTML záhlaví nastaveno z přílohy {0},
Header Icon,Ikona záhlaví,
Header Script,Skript záhlaví,
Header Text,Text záhlaví,
"Header, Robots","Záhlaví, roboti",
Header/Footer scripts can be used to add dynamic behaviours.,Skripty záhlaví/patičky lze použít k přidání dynamického chování.,
Headers,Záhlaví,
Headers must be a dictionary,Záhlaví musí být slovník,
Heading,Nadpis,
Health Details,Zdravotní údaje,
Health Insurance,Zdravotní pojištění,
Health Insurance Name,Název zdravotní pojišťovny,
Health Insurance No,Číslo zdravotního pojištění,
Health Insurance Provider,Poskytovatel zdravotního pojištění,
Health Report,Zdravotní zpráva,
Healthcare,Zdravotnictví,
Heatmap,Teplotní mapa,
Height (cm),Výška (cm),
"Hello,","Dobrý den,",
Help,Nápověda,
Help Article,Článek nápovědy,
Help Articles,Články nápovědy,
Help Category,Kategorie nápovědy,
Help Dropdown,Rozbalovací nabídka nápovědy,
Help HTML,HTML nápovědy,
Help Results for,Výsledky nápovědy pro,
Help Section,Sekce nápovědy,
Help Text,Text nápovědy,
Helpful,Užitečné,
here,zde,
Here are the error logs for the aforementioned failed depreciation entries: {0},Zde jsou chybové logy pro výše uvedené neúspěšné odpisy: {0},
Here are the options to proceed:,"Zde jsou možnosti, jak pokračovat:",
"Here, you can select a senior of this Employee. Based on this, Organization Chart will be populated.",Zde můžete vybrat nadřízeného tohoto zaměstnance. Na základě toho se vyplní organizační schéma.,
"Here, your weekly offs are pre-populated based on the previous selections. You can add more rows to also add public and national holidays individually.",Zde jsou na základě předchozích výběrů předvyplněny vaše týdenní volné dny. Přidáním dalších řádků můžete individuálně doplnit i státní a národní svátky.,
Hey {}! This email is to remind you about the upcoming holidays.,Ahoj {}! Tento e-mail je připomínkou nadcházejících svátků.,
"Hey, {0} 👋","Ahoj, {0} 👋",
"Hi,","Ahoj,",
Hidden,Skryté,
Hidden Fields,Skrytá pole,
Hidden Line (Internal Use Only),Skrytý řádek (pouze pro interní použití),
Hide Block,Skrýt blok,
Hide Border,Skrýt ohraničení,
Hide Buttons,Skrýt tlačítka,
Hide Copy,Skrýt kopii,
Hide Currency Symbol,Skrýt symbol měny,
Hide Custom DocTypes and Reports,Skrýt vlastní DocTypy a reporty,
Hide Customer's Tax ID from sales transactions,Skrýt DIČ klienta v prodejních transakcích,
Hide Days,Skrýt dny,
Hide Descendants,Skrýt potomky,
Hide Empty Read-Only Fields,Skrýt prázdná pole pouze pro čtení,
Hide footer,Skrýt patičku,
Hide footer in auto email reports,Skrýt patičku v automatických e-mailových reportech,
Hide footer signup,Skrýt registraci v patičce,
Hide If Zero,"Skrýt, pokud je nula",
Hide Images,Skrýt obrázky,
Hide Label,Skrýt popisek,
Hide Login,Skrýt přihlášení,
Hide navbar,Skrýt navigační lištu,
Hide Recent Orders,Skrýt nedávné objednávky,
Hide Seconds,Skrýt sekundy,
"Hide Sidebar, Menu, and Comments","Skrýt postranní panel, menu a komentáře",
Hide Standard Menu,Skrýt standardní menu,
Hide timesheets,Skrýt výkazy práce,
Hide Unavailable Items,Skrýt nedostupné položky,
High,Vysoká,
Highlight,Zvýraznění,
Hiring Count,Počet náborů,
Hiring Pipeline,Náborový proces,
Hiring Settings,Nastavení náboru,
History In Company,Historie ve firmě,
Hold,Pozastavit,
Hold Invoice,Pozastavit fakturu,
Hold Type,Typ pozastavení,
Holiday,Svátek,
Holiday Date {0} added multiple times,Datum svátku {0} bylo přidáno vícekrát,
Holiday List,Seznam svátků,
Holiday List - {0} is not valid for current date.,Seznam svátků - {0} není platný pro aktuální datum.,
Holiday List Assignment,Přiřazení seznamu svátků,
Holiday List Assignment for {0} already exists for date {1}: {2},Přiřazení seznamu svátků pro {0} k datu {1} již existuje: {2},
Holiday List End,Konec seznamu svátků,
Holiday List for Optional Leave,Seznam svátků pro volitelné volno,
Holiday List Name,Název seznamu svátků,
Holiday List Start,Začátek seznamu svátků,
Holidays,Svátky,
Holidays in this month,Svátky v tomto měsíci,
Holidays this Month.,Svátky tento měsíc.,
Holidays this Week.,Svátky tento týden.,
Home,Domů,
Home Page,Domovská stránka,
Home Settings,Nastavení domovské stránky,
Home/Test Folder 1,Domů/Testovací složka 1,
Home/Test Folder 1/Test Folder 3,Domů/Testovací složka 1/Testovací složka 3,
Home/Test Folder 2,Domů/Testovací složka 2,
Horizontal Break,Horizontální zalomení,
Hour Rate,Hodinová sazba,
Hour Rate (Company Currency),Hodinová sazba (měna firmy),
Hourly Rate,Hodinová sazba,
Hours,Hodiny,
hours,hodiny,
House rent paid days overlapping with {0},Dny placeného nájemného se překrývají s {0},
House rented dates required for exemption calculation,Pro výpočet osvobození jsou vyžadována data pronájmu bydlení,
House rented dates should be atleast 15 days apart,Data pronájmu bydlení by měla být od sebe vzdálena alespoň 15 dní,
How frequently?,Jak často?,
How often should project be updated of Total Purchase Cost ?,Jak často se má aktualizovat celková nákupní cena projektu?,
How often should sales data be updated in Company/Project?,Jak často se mají aktualizovat prodejní data u firmy/projektu?,
How Pricing Rule is applied?,Jak se uplatňuje cenové pravidlo?,
HR,HR,
HR & Payroll,HR a mzdy,
HR & Payroll Settings,Nastavení HR a mezd,
HR Settings,Nastavení HR,
HR Setup,Nastavení HR,
HR Telemetry Milestone,Milník telemetrie HR,
HRMS,HRMS,
Hrs,Hod,
HTML,HTML,
HTML Page,HTML stránka,
HTML with jinja support,HTML s podporou jinja,
Human Resources,Lidské zdroje,
IBAN,IBAN,
Icon,Ikona,
Icon Image,Obrázek ikony,
Icon is not correctly configured please check the workspace sidebar to it,"Ikona není správně nakonfigurována, zkontrolujte prosím postranní panel pracovní plochy",
Icon Style,Styl ikony,
Icon Type,Typ ikony,
ID,ID,
Id,ID,
Identification Document Number,Číslo identifikačního dokladu,
Identification Document Type,Typ identifikačního dokladu,
Identifying Decision Makers,Identifikace osob s rozhodovací pravomocí,
Identity Details,Identifikační údaje,
Idx,Idx,
"If a Role does not have access at Level 0, then higher levels are meaningless.","Pokud role nemá přístup na úrovni 0, jsou vyšší úrovně bezvýznamné.",
"If an operation is divided into sub operations, they can be added here.","Pokud je operace rozdělena na dílčí operace, lze je přidat zde.",
"If Auto Opt In is checked, then the customers will be automatically linked with the concerned Loyalty Program (on save)","Pokud je zaškrtnuto Automatické zapojení, klienti budou při uložení automaticky propojeni s příslušným věrnostním programem",
"If multiple Pricing Rules continue to prevail, users are asked to set Priority manually to resolve conflict.","Pokud stále platí více cenových pravidel, jsou uživatelé vyzváni k ručnímu nastavení priority pro vyřešení konfliktu.",
"If not, you can Cancel / Submit this entry","Pokud ne, můžete tento záznam stornovat / odeslat",
If Owner,Pokud vlastník,
"If party does not exist, create it using the Customer Name field.","Pokud protistrana neexistuje, vytvořte ji pomocí pole Název klienta.",
"If party does not exist, create it using the Supplier Name field.","Pokud protistrana neexistuje, vytvořte ji pomocí pole Název dodavatele.",
"If selected Pricing Rule is made for 'Rate', it will overwrite Price List. Pricing Rule rate is the final rate, so no further discount should be applied. Hence, in transactions like Sales Order, Purchase Order etc, it will be fetched in 'Rate' field, rather than 'Price List Rate' field.","Pokud je vybrané cenové pravidlo nastaveno pro 'Sazbu', přepíše ceník. Sazba cenového pravidla je konečná sazba, takže by na ni neměla být uplatňována žádná další sleva. V transakcích, jako je prodejní objednávka, nákupní objednávka atd., se proto načte do pole 'Sazba', nikoli do pole 'Sazba dle ceníku'.",
"If the BOM results in Scrap material, the Scrap Warehouse needs to be selected.","Pokud kusovník vytváří odpadní materiál, je nutné vybrat sklad odpadu.",
"If the item is transacting as a Zero Valuation Rate item in this entry, please enable 'Allow Zero Valuation Rate' in the {0} Item table.","Pokud v tomto záznamu položka vystupuje s nulovou oceňovací sazbou, povolte prosím 'Povolit nulovou oceňovací sazbu' v tabulce položek {0}.",
"If the selected BOM has Operations mentioned in it, the system will fetch all Operations from BOM, these values can be changed.","Pokud vybraný kusovník obsahuje operace, systém načte všechny operace z kusovníku; tyto hodnoty lze změnit.",
"If the user enables the mask property for the phone number field, the value will be displayed in a masked format (e.g., 811XXXXXXX).","Pokud uživatel povolí vlastnost maskování u pole telefonního čísla, hodnota se zobrazí v maskovaném formátu (např. 811XXXXXXX).",
"If the user has access to Employee and Report is enabled, they can view Employee-based reports.","Pokud má uživatel přístup k Zaměstnanci a je povolen Report, může zobrazit reporty založené na zaměstnancích.",
"If there is no title column, use the code column for the title.","Pokud neexistuje sloupec s názvem, použijte jako název sloupec s kódem.",
"If these instructions where not helpful, please add in your suggestions on GitHub Issues.","Pokud vám tyto pokyny nepomohly, uveďte prosím své návrhy v GitHub Issues.",
"If this email is registered with us, we have sent password reset instructions to it. Please check your inbox.","Pokud je tento e-mail u nás registrován, zaslali jsme na něj pokyny k obnovení hesla. Zkontrolujte prosím svou schránku.",
If this is undesirable please cancel the corresponding Payment Entry.,"Pokud si to nepřejete, stornujte prosím odpovídající platbu.",
"If this option is configured 'Yes', ERPNext will prevent you from creating a Purchase Invoice or Receipt without creating a Purchase Order first. This configuration can be overridden for a particular supplier by enabling the 'Allow Purchase Invoice Creation Without Purchase Order' checkbox in the Supplier master.","Pokud je tato možnost nastavena na 'Ano', ERPNext vám zabrání vytvořit přijatou fakturu nebo příjemku bez předchozího vytvoření nákupní objednávky. Toto nastavení lze pro konkrétního dodavatele přepsat zaškrtnutím políčka 'Povolit vytvoření přijaté faktury bez nákupní objednávky' v kartě dodavatele.",
"If this option is configured 'Yes', ERPNext will prevent you from creating a Purchase Invoice without creating a Purchase Receipt first. This configuration can be overridden for a particular supplier by enabling the 'Allow Purchase Invoice Creation Without Purchase Receipt' checkbox in the Supplier master.","Pokud je tato možnost nastavena na 'Ano', ERPNext vám zabrání vytvořit přijatou fakturu bez předchozího vytvoření příjemky. Toto nastavení lze pro konkrétního dodavatele přepsat zaškrtnutím políčka 'Povolit vytvoření přijaté faktury bez příjemky' v kartě dodavatele.",
"If ticked, multiple materials can be used for a single Work Order. This is useful if one or more time consuming products are being manufactured.","Pokud je zaškrtnuto, lze pro jeden výrobní příkaz použít více materiálů. To je užitečné při výrobě jednoho nebo více časově náročných produktů.",
"If ticked, the BOM cost will be automatically updated based on Valuation Rate / Price List Rate / last purchase rate of raw materials.","Pokud je zaškrtnuto, náklady kusovníku se automaticky aktualizují na základě oceňovací sazby / sazby dle ceníku / poslední nákupní ceny surovin.",
"If two or more Pricing Rules are found based on the above conditions, Priority is applied. Priority is a number between 0 to 20 while default value is zero (blank). Higher number means it will take precedence if there are multiple Pricing Rules with same conditions.","Pokud jsou na základě výše uvedených podmínek nalezena dvě nebo více cenových pravidel, uplatní se priorita. Priorita je číslo od 0 do 20, výchozí hodnota je nula (prázdné). Vyšší číslo znamená, že bude mít přednost, pokud existuje více cenových pravidel se stejnými podmínkami.",
"If unlimited expiry for the Loyalty Points, keep the Expiry Duration empty or 0.",Pro neomezenou platnost věrnostních bodů ponechte dobu platnosti prázdnou nebo nastavte na 0.,
If user is the owner,Pokud je uživatel vlastníkem,
"If you are maintaining stock of this Item in your Inventory, ERPNext will make a stock ledger entry for each transaction of this item.","Pokud vedete zásoby této položky ve svém skladu, ERPNext vytvoří pro každou transakci této položky zápis do skladní knihy.",
"If you are updating, please select ""Overwrite"" else existing rows will not be deleted.","Pokud provádíte aktualizaci, vyberte prosím ""Přepsat"", jinak nebudou existující řádky odstraněny.",
"If you are uploading new records, ""Naming Series"" becomes mandatory, if present.","Pokud nahráváte nové záznamy, stává se pole ""Číselná řada"" povinným, je-li přítomno.",
"If you are uploading new records, leave the ""name"" (ID) column blank.","Pokud nahráváte nové záznamy, ponechte sloupec ""name"" (ID) prázdný.",
"If you are using loans in salary slips, please install the {0} app from Frappe Cloud Marketplace or GitHub to continue using loan integration with payroll.","Pokud ve výplatních páskách používáte půjčky, nainstalujte prosím aplikaci {0} z Frappe Cloud Marketplace nebo GitHubu, abyste mohli nadále používat integraci půjček se mzdami.",
"If you have any questions, please get back to us.","Máte-li jakékoli dotazy, ozvěte se nám prosím.",
"If you have recently restored the site, you may need to copy the site_config.json containing the original encryption key.","Pokud jste nedávno obnovili web, může být nutné zkopírovat soubor site_config.json obsahující původní šifrovací klíč.",
"If you still want to proceed, please disable '{0}' checkbox.","Pokud přesto chcete pokračovat, zrušte prosím zaškrtnutí políčka '{0}'.",
"If you still want to proceed, please enable {0}.","Pokud přesto chcete pokračovat, povolte prosím {0}.",
"If you {0} {1} quantities of the item {2}, the scheme {3} will be applied on the item.","Pokud {0} {1} množství položky {2}, na položku se uplatní schéma {3}.",
"If you {0} {1} worth item {2}, the scheme {3} will be applied on the item.","Pokud {0} {1} v hodnotě položky {2}, na položku se uplatní schéma {3}.",
IFSC,IFSC,
IFSC Code,Kód IFSC,
Ignore Account closing balance,Ignorovat konečný zůstatek účtu,
Ignore Closing Balance,Ignorovat konečný zůstatek,
Ignore Default Payment Terms Template,Ignorovat výchozí šablonu platebních podmínek,
Ignore Employee Time Overlap,Ignorovat překrytí času zaměstnance,
Ignore Empty Stock,Ignorovat prázdnou zásobu,
Ignore Exchange Rate Revaluation and Gain / Loss Journals,Ignorovat účetní zápisy přecenění směnného kurzu a zisku/ztráty,
Ignore Existing Ordered Qty,Ignorovat existující objednané množství,
Ignore Is Opening check for reporting,Ignorovat pro reporting kontrolu Je počáteční stav,
Ignore Pricing Rule,Ignorovat cenové pravidlo,
Ignore Pricing Rule is enabled. Cannot apply coupon code.,Je povoleno Ignorovat cenové pravidlo. Nelze uplatnit kód kupónu.,
Ignore System Generated Credit / Debit Notes,Ignorovat systémem vygenerované dobropisy / vrubopisy,
Ignore Tax Withholding Threshold,Ignorovat práh srážkové daně,
Ignore User Permissions,Ignorovat uživatelská oprávnění,
Ignore User Time Overlap,Ignorovat překrytí času uživatele,
Ignore Workstation Time Overlap,Ignorovat překrytí času pracoviště,
Ignore XSS Filter,Ignorovat XSS filtr,
Ignored Apps,Ignorované aplikace,
Illegal Document Status for {0},Neplatný stav dokumentu pro {0},
Illegal SQL Query,Neplatný SQL dotaz,
Illegal template,Neplatná šablona,
Image,Obrázek,
Image 1,Obrázek 1,
Image 2,Obrázek 2,
Image 3,Obrázek 3,
Image 4,Obrázek 4,
Image Description,Popis obrázku,
Image Field,Pole obrázku,
Image field must be a valid fieldname,Pole obrázku musí být platný název pole,
Image field must be of type Attach Image,Pole obrázku musí být typu Attach Image,
Image Height (px),Výška obrázku (px),
"Image in the description has been removed. To disable this behavior, uncheck ""{0}"" in {1}.","Obrázek v popisu byl odstraněn. Chcete-li toto chování vypnout, zrušte zaškrtnutí ""{0}"" v {1}.",
Image Link,Odkaz na obrázek,
Image link '{0}' is not valid,Odkaz na obrázek '{0}' není platný,
Image on Right,Obrázek vpravo,
Image optimized,Obrázek optimalizován,
Image View,Zobrazení obrázku,
Image Width (px),Šířka obrázku (px),
Image: Corrupted Data Stream,Obrázek: poškozený datový proud,
IMAP Details,Podrobnosti IMAP,
IMAP Folder,Složka IMAP,
Imap Folder,Složka IMAP,
IMAP Folder name cannot be empty.,Název složky IMAP nemůže být prázdný.,
IMAP Folder Not Found,Složka IMAP nebyla nalezena,
IMAP Folder Validation Failed,Ověření složky IMAP selhalo,
Impairment,Znehodnocení,
Impersonate,Vydávat se za jiného uživatele,
Impersonate as {0},Vydávat se za uživatele {0},
Implement `clear_old_logs` method to enable auto error clearing.,Pro povolení automatického mazání chyb implementujte metodu `clear_old_logs`.,
Import,Import,
Import completed. {0} common codes created.,Import dokončen. Bylo vytvořeno {0} společných kódů.,
Import Data,Importovat data,
Import Email From,Importovat e-mail z,
Import Employees,Importovat zaměstnance,
Import File,Importovat soubor,
Import File Errors and Warnings,Chyby a upozornění importovaného souboru,
Import from Google Sheets,Importovat z Google Sheets,
Import Genericode File,Importovat soubor Genericode,
Import in Bulk,Hromadný import,
Import Invoices,Importovat faktury,
Import Log,Log importu,
Import Log Preview,Náhled logu importu,
Import MT940 Fromat,Import formátu MT940,
Import Preview,Náhled importu,
Import Progress,Průběh importu,
Import Subscribers,Import odběratelů,
Import Successful,Import úspěšný,
Import Summary,Souhrn importu,
Import Supplier Invoice,Import faktury dodavatele,
"Import template should be of type .csv, .xlsx or .xls","Šablona importu musí být typu .csv, .xlsx nebo .xls",
"Import template should be of type .csv, .xlsx, .xls or .pdf","Šablona importu musí být typu .csv, .xlsx, .xls nebo .pdf",
Import template should contain a Header and atleast one row.,Šablona importu musí obsahovat záhlaví a alespoň jeden řádek.,
"Import timed out, please re-try.","Časový limit importu vypršel, zkuste to prosím znovu.",
Import Type,Typ importu,
Import Using CSV file,Import pomocí souboru CSV,
Import Warnings,Upozornění při importu,
IMPORTANT: Create a backup before proceeding!,DŮLEŽITÉ: Před pokračováním vytvořte zálohu!,
Imported {0} DocTypes,Importováno DocTypů: {0},
Importing Code Lists from remote URLs is not allowed.,Import seznamů kódů ze vzdálených URL není povolen.,
Importing Common Codes,Import společných kódů,
Importing {0} is not allowed.,Import {0} není povolen.,
Importing {0} of {1},Import {0} z {1},
"Importing {0} of {1}, {2}","Import {0} z {1}, {2}",
"In case of any error during this background process, the system will add a comment about the error on this Payroll Entry and revert to the Submitted status",V případě jakékoli chyby během tohoto procesu na pozadí systém přidá k tomuto Zpracování mezd komentář o chybě a vrátí stav zpět na Odesláno,
In Filter,Ve filtru,
In Global Search,V globálním vyhledávání,
In Grid View,V zobrazení mřížky,
In List Filter,Ve filtru seznamu,
In List View,V zobrazení seznamu,
In Maintenance,V údržbě,
In Minutes,V minutách,
In Party Currency,V měně partnera,
In Preview,V náhledu,
In Production,Ve výrobě,
In Progress,Probíhá,
In Read Only Mode,V režimu pouze pro čtení,
In Reply To,V odpovědi na,
"In row {0} of Appointment Booking Slots: ""To Time"" must be later than ""From Time"".","V řádku {0} termínů rezervace schůzky musí být čas ""Do"" pozdější než čas ""Od"".",
In Standard Filter,Ve standardním filtru,
In Stock,Skladem,
"In the case of multi-tier program, Customers will be auto assigned to the concerned tier as per their spent",V případě vícestupňového programu budou klienti automaticky přiřazeni do příslušné úrovně podle výše útraty,
"In this section, you can define Company-wide transaction-related defaults for this Item. Eg. Default Warehouse, Default Price List, Supplier, etc.","V této sekci můžete definovat výchozí hodnoty platné pro celou firmu pro tuto položku, např. výchozí sklad, výchozí ceník, dodavatel atd.",
In Time,Příchod,
In Transit,Na cestě,
In Transit Transfer,Převod na cestě,
In Transit Warehouse,Sklad na cestě,
In Words,Slovy,
In Words (Company Currency),Slovy (měna firmy),
Inactive,Neaktivní,
Inactive Customers,Neaktivní klienti,
Inactive Sales Items,Neaktivní prodejní položky,
Inactive Status,Neaktivní stav,
Inbox,Doručená pošta,
Incentive,Odměna,
Incentive Amount,Částka odměny,
Incentives,Odměny,
Include Account Currency,Zahrnout měnu účtu,
Include Ageing Summary,Zahrnout souhrn stáří pohledávek,
Include Closed Orders,Zahrnout uzavřené objednávky,
Include Company Descendants,Zahrnout podřízené firmy,
Include Disabled,Zahrnout zakázané,
Include Expired,Zahrnout expirované,
Include Expired Batches,Zahrnout expirované šarže,
Include Exploded Items,Zahrnout rozložené položky,
Include Holidays,Zahrnout svátky,
Include holidays in Total no. of Working Days,Zahrnout svátky do celkového počtu pracovních dnů,
Include holidays within leaves as leaves,Zahrnout svátky v rámci volna jako volno,
Include in Charts,Zahrnout do grafů,
Include in gross,Zahrnout do hrubé mzdy,
Include Item In Manufacturing,Zahrnout položku do výroby,
Include Name Field,Zahrnout pole Název,
Include Non Stock Items,Zahrnout neskladové položky,
Include Payment,Zahrnout platbu,
Include Payment (POS),Zahrnout platbu (POS),
Include POS Transactions,Zahrnout transakce POS,
Include Reconciled Entries,Zahrnout odsouhlasené záznamy,
Include Returned Invoices (Stand-alone),Zahrnout vrácené faktury (samostatné),
Include Safety Stock in Required Qty Calculation,Zahrnout pojistnou zásobu do výpočtu požadovaného množství,
Include Search in Top Bar,Zahrnout vyhledávání v horní liště,
Include Shift Attendance Without Checkins,Zahrnout docházku na směně bez záznamu příchodu/odchodu,
Include Sub-assembly Raw Materials,Zahrnout suroviny podsestav,
Include Subcontracted Items,Zahrnout subdodavatelské položky,
Include Theme from Apps,Zahrnout motiv z aplikací,
Include Timesheets in Draft Status,Zahrnout výkazy práce ve stavu koncept,
Include UOM,Zahrnout měrnou jednotku,
Include Web View Link in Email,Zahrnout odkaz na webové zobrazení v e-mailu,
Include Zero Stock Items,Zahrnout položky s nulovou zásobou,
Included Fee,Zahrnutý poplatek,
Included fee is bigger than the withdrawal itself.,Zahrnutý poplatek je vyšší než samotný výběr.,
Included in Gross Profit,Zahrnuto v hrubém zisku,
Income,Výnos,
Income Account,Výnosový účet,
Income Account Validation Error,Chyba ověření výnosového účtu,
Income and Expense,Výnosy a náklady,
Income from Other Sources,Příjem z jiných zdrojů,
Income Source,Zdroj příjmu,
Income Tax Amount,Částka daně z příjmu,
Income Tax Breakup,Rozpis daně z příjmu,
Income Tax Component,Složka daně z příjmu,
Income Tax Computation,Výpočet daně z příjmu,
Income Tax Deducted Till Date,Daň z příjmu sražená k datu,
Income Tax Deductions,Srážky daně z příjmu,
Income Tax Slab,Daňové pásmo,
Income Tax Slab is mandatory since the Salary Structure {0} has a tax component {1},"Daňové pásmo je povinné, protože mzdová struktura {0} obsahuje daňovou složku {1}",
Income Tax Slab must be effective on or before Payroll Period Start Date: {0},Daňové pásmo musí být účinné nejpozději k datu zahájení mzdového období: {0},
Income Tax Slab not set in Salary Structure Assignment: {0},V přiřazení mzdové struktury {0} není nastaveno daňové pásmo,
Income Tax Slab Other Charges,Ostatní poplatky daňového pásma,
Income Tax Slab: {0} is disabled,Daňové pásmo {0} je zakázáno,
Incoming,Příchozí,
Incoming (POP/IMAP) Settings,Nastavení příchozí pošty (POP/IMAP),
Incoming Bills,Přijaté faktury,
Incoming Call Handling Schedule,Rozvrh zpracování příchozích hovorů,
Incoming Call Settings,Nastavení příchozích hovorů,
Incoming email account not correct,Účet příchozí pošty není správný,
Incoming Emails (Last 7 days),Příchozí e-maily (posledních 7 dní),
Incoming Payment,Příchozí platba,
Incoming Rate,Příchozí cena,
Incoming Rate (Costing),Příchozí cena (kalkulace),
Incoming Server,Server příchozí pošty,
Incoming Settings,Nastavení příchozí pošty,
Incompatible Setting Detected,Zjištěno nekompatibilní nastavení,
Incompatible Values,Nekompatibilní hodnoty,
Incomplete login details,Neúplné přihlašovací údaje,
Incomplete Virtual Doctype Implementation,Neúplná implementace virtuálního DocTypu,
Incorrect Account,Nesprávný účet,
Incorrect Balance Qty After Transaction,Nesprávné množství zůstatku po transakci,
Incorrect Batch Consumed,Spotřebována nesprávná šarže,
Incorrect Check in (group) Warehouse for Reorder,Nesprávný (skupinový) sklad pro doplnění zásob,
Incorrect Company,Nesprávná firma,
Incorrect Component Quantity,Nesprávné množství složky,
Incorrect Configuration,Nesprávná konfigurace,
Incorrect Date,Nesprávné datum,
Incorrect Inventory Dimension,Nesprávný rozměr zásob,
Incorrect Invoice,Nesprávná faktura,
Incorrect number of General Ledger Entries found. You might have selected a wrong Account in the transaction.,Nalezen nesprávný počet záznamů v hlavní knize. Pravděpodobně jste v transakci vybrali nesprávný účet.,
Incorrect Payment Type,Nesprávný typ platby,
Incorrect Reference Document (Purchase Receipt Item),Nesprávný referenční doklad (položka příjemky),
Incorrect Serial and Batch Bundle,Nesprávný balíček sériových čísel a šarží,
Incorrect Serial No Valuation,Nesprávné ocenění sériového čísla,
Incorrect Serial Number Consumed,Spotřebováno nesprávné sériové číslo,
Incorrect Stock Asset Account in {0},Nesprávný účet skladového majetku v {0},
Incorrect Stock Value Report,Report nesprávné hodnoty zásob,
Incorrect Type of Transaction,Nesprávný typ transakce,
Incorrect URL,Nesprávná URL,
Incorrect User or Password,Nesprávné uživatelské jméno nebo heslo,
Incorrect value in row {0}:,Nesprávná hodnota na řádku {0}:,
Incorrect value:,Nesprávná hodnota:,
Incorrect Verification code,Nesprávný ověřovací kód,
Incorrect Warehouse,Nesprávný sklad,
Incorrect Weightage Allocation,Nesprávné přidělení váhy,
Incoterm,Incoterm,
Increase In Asset Life (Months),Prodloužení životnosti majetku (měsíce),
Increase In Asset Life(Months),Prodloužení životnosti majetku (měsíce),
Increment,Přírůstek,
Increment cannot be 0,Přírůstek nemůže být 0,
Increment for Attribute {0} cannot be 0,Přírůstek pro atribut {0} nemůže být 0,
Indent,Odsazení,
Indent Level,Úroveň odsazení,
Index,Index,
Index created successfully on column {0} of doctype {1},Index byl úspěšně vytvořen na sloupci {0} doctype {1},
Index Web Pages for Search,Indexovat webové stránky pro vyhledávání,
Indexing authorization code,Indexování autorizačního kódu,
Indexing refresh token,Indexování obnovovacího tokenu,
Indicator,Indikátor,
Indicator Color,Barva indikátoru,
Indirect Expenses,Nepřímé náklady,
Indirect Income,Nepřímé výnosy,
Individual,Fyzická osoba,
Individual GL Entry cannot be cancelled.,Jednotlivý záznam hlavní knihy nelze stornovat.,
Individual Stock Ledger Entry cannot be cancelled.,Jednotlivý záznam skladové knihy nelze stornovat.,
Industry,Obor podnikání,
Industry Type,Typ oboru,
Info:,Informace:,
Initial Email Notification Sent,Počáteční e-mailové oznámení odesláno,
Initial Sync Count,Počet počátečních synchronizací,
Initialize Summary Table,Inicializovat souhrnnou tabulku,
Insert,Vložit,
Insert After,Vložit za,
Insert After cannot be set as {0},Vložit za nelze nastavit jako {0},
"Insert After field '{0}' mentioned in Custom Field '{1}', with label '{2}', does not exist","Pole ""Vložit za"" '{0}' uvedené ve vlastním poli '{1}' s popiskem '{2}' neexistuje",
Insert Style,Vložit styl,
Inspected By,Kontrolu provedl,
Inspection Rejected,Kontrola zamítnuta,
Inspection Required,Vyžadována kontrola,
Inspection Required before Delivery,Před dodáním vyžadována kontrola,
Inspection Required before Purchase,Před nákupem vyžadována kontrola,
Inspection Submission,Odeslání kontroly,
Inspection Type,Typ kontroly,
Install,Instalovat,
Install Frappe HR,Instalovat Frappe HR,
Installation Date,Datum instalace,
Installation date cannot be before delivery date for Item {0},Datum instalace nemůže být před datem dodání položky {0},
Installation Note,Instalační poznámka,
Installation Note Item,Položka instalační poznámky,
Installation Note {0} has already been submitted,Instalační poznámka {0} již byla odeslána,
Installation Status,Stav instalace,
Installation Time,Čas instalace,
Installed Application,Nainstalovaná aplikace,
Installed Applications,Nainstalované aplikace,
Installed Apps,Nainstalované aplikace,
Installed Qty,Nainstalované množství,
Installing presets,Instalace předvoleb,
Instruction,Pokyn,
Instructions,Pokyny,
Insufficient attachment limit,Nedostatečný limit příloh,
Insufficient Balance,Nedostatečný zůstatek,
Insufficient Capacity,Nedostatečná kapacita,
Insufficient leave balance for Leave Type {0},Nedostatečný zůstatek volna pro typ volna {0},
Insufficient Permission for {0},Nedostatečné oprávnění pro {0},
Insufficient Permission Level for {0},Nedostatečná úroveň oprávnění pro {0},
Insufficient Permissions,Nedostatečná oprávnění,
Insufficient Permissions for deleting Report,Nedostatečná oprávnění pro smazání reportu,
Insufficient Permissions for editing Report,Nedostatečná oprávnění pro úpravu reportu,
Insufficient Stock,Nedostatečná zásoba,
Insufficient Stock for Batch,Nedostatečná zásoba pro šarži,
Insufficient Stock for Product Bundle Items,Nedostatečná zásoba pro položky sady produktů,
Insurance,Pojištění,
Insurance Company,Pojišťovna,
Insurance Details,Podrobnosti pojištění,
Insurance End Date,Datum konce pojištění,
Insurance Start Date,Datum počátku pojištění,
Insurance Start date should be less than Insurance End date,Datum počátku pojištění musí být dřívější než datum konce pojištění,
Insured value,Pojištěná hodnota,
Insurer,Pojistitel,
Integration Details,Podrobnosti integrace,
Integration ID,ID integrace,
Integration Request,Požadavek na integraci,
Integrations,Integrace,
Inter Company Invoice Reference,Reference mezifiremní faktury,
Inter Company Journal Entry Reference,Reference mezifiremního účetního zápisu,
Inter Company Order Reference,Reference mezifiremní objednávky,
Inter Company Purchase Order,Mezifiremní nákupní objednávka,
Inter Company Reference,Mezifiremní reference,
Inter Company Sales Order,Mezifiremní prodejní objednávka,
Inter Transfer Reference,Reference mezipřevodu,
Interest,Úrok,
Interest Amount,Částka úroku,
Interest and/or dunning fee,Úrok a/nebo poplatek z prodlení,
Interest Expense,Úrokový náklad,
Interest Income,Úrokový výnos,
Interest Income Account,Účet úrokového výnosu,
Interest on Fixed Deposits,Úrok z termínovaných vkladů,
Interested,Zájem,
Interests,Zájmy,
Intern,Stážista,
Internal,Interní,
Internal Customer Accounting,Účtování interního klienta,
Internal Customer Already Exists,Interní klient již existuje,
Internal Customer {0} already exists for {1}. Disable it to make this Customer internal.,"Interní klient {0} pro {1} již existuje. Zakažte jej, chcete-li tohoto klienta učinit interním.",
Internal Purchase Order,Interní nákupní objednávka,
Internal Sale or Delivery Reference missing.,Chybí reference interního prodeje nebo dodání.,
Internal Sales Order,Interní prodejní objednávka,
Internal Sales Reference Missing,Chybí reference interního prodeje,
Internal Supplier Already Exists,Interní dodavatel již existuje,
Internal Supplier Details,Podrobnosti interního dodavatele,
Internal Supplier {0} already exists for {1}. Disable it to make this Supplier internal.,"Interní dodavatel {0} pro {1} již existuje. Zakažte jej, chcete-li tohoto dodavatele učinit interním.",
Internal Transfer,Interní převod,
Internal Transfer Reference Missing,Chybí reference interního převodu,
Internal Transfer Rules,Pravidla interního převodu,
Internal Transfers,Interní převody,
Internal transfers can only be done in company's default currency,Interní převody lze provádět pouze ve výchozí měně firmy,
Internal Work History,Historie interní práce,
Interval,Interval,
Interview,Pohovor,
Interview Detail,Detail pohovoru,
Interview Details,Podrobnosti pohovoru,
Interview Feedback,Zpětná vazba z pohovoru,
Interview Feedback Reminder,Připomenutí zpětné vazby z pohovoru,
Interview Feedback {0} submitted successfully,Zpětná vazba z pohovoru {0} byla úspěšně odeslána,
Interview Not Rescheduled,Pohovor nebyl přeložen,
Interview Reminder,Připomenutí pohovoru,
Interview Reminder Notification Template,Šablona oznámení připomenutí pohovoru,
Interview Rescheduled successfully,Pohovor byl úspěšně přeložen,
Interview Scheduled Date,Naplánované datum pohovoru,
Interview scheduled successfully,Pohovor byl úspěšně naplánován,
Interview Status,Stav pohovoru,
Interview Summary,Souhrn pohovoru,
Interview Type,Typ pohovoru,
Interview Type Name,Název typu pohovoru,
Interview Type {0} is only applicable for Designation {1},Typ pohovoru {0} platí pouze pro pracovní pozici {1},
Interview Type {0} is only applicable for the Designation {1},Typ pohovoru {0} platí pouze pro pracovní pozici {1},
Interview Type {0} is only for Designation {1}. Job Applicant has applied for the role {2},Typ pohovoru {0} je pouze pro pracovní pozici {1}. Uchazeč o zaměstnání se ucházel o roli {2},
Interview: {0} Rescheduled,Pohovor: {0} přeložen,
Interviewer,Tazatel,
Interviewers,Tazatelé,
Interviews,Pohovory,
Interviews (This Week),Pohovory (tento týden),
Intro Video URL,URL úvodního videa,
Introduction,Úvod,
Introspection URI,URI introspekce,
Invalid,Neplatné,
Invalid Account,Neplatný účet,
Invalid Accounting Dimension,Neplatný účetní rozměr,
Invalid Accrual Component,Neplatná akruální složka,
Invalid Action,Neplatná akce,
Invalid action,Neplatná akce,
Invalid Additional Salary,Neplatná doplňková mzda,
Invalid aggregate function,Neplatná agregační funkce,
Invalid aggregate function: {0},Neplatná agregační funkce: {0},
Invalid alias format: {0}. Alias must be a simple identifier.,Neplatný formát aliasu: {0}. Alias musí být jednoduchý identifikátor.,
Invalid Allocated Amount,Neplatná přidělená částka,
Invalid Amount,Neplatná částka,
Invalid amount in accounting entries of {} {} for Account {}: {},Neplatná částka v účetních zápisech {} {} pro účet {}: {},
Invalid app,Neplatná aplikace,
Invalid argument for operator 'IS': {pattern},Neplatný argument pro operátor 'IS': {pattern},
Invalid argument format: {0}. Only quoted string literals or simple field names are allowed.,Neplatný formát argumentu: {0}. Povoleny jsou pouze řetězcové literály v uvozovkách nebo jednoduché názvy polí.,
"Invalid argument type: {0}. Only strings, numbers, dicts, and None are allowed.","Neplatný typ argumentu: {0}. Povoleny jsou pouze řetězce, čísla, slovníky a None.",
Invalid Arrear Component,Neplatná složka nedoplatku,
Invalid Attribute,Neplatný atribut,
Invalid Attribute Values,Neplatné hodnoty atributu,
Invalid attribute {0} {1},Neplatný atribut {0} {1},
Invalid Auto Repeat Date,Neplatné datum automatického opakování,
Invalid backup path,Neplatná cesta k záloze,
Invalid Bank Account,Neplatný bankovní účet,
Invalid Barcode. There is no Item attached to this barcode.,Neplatný čárový kód. K tomuto čárovému kódu není přiřazena žádná položka.,
Invalid Benefit Amounts,Neplatné částky benefitů,
"Invalid characters in fieldname: {0}. Only letters, numbers, and underscores are allowed.","Neplatné znaky v názvu pole: {0}. Povolena jsou pouze písmena, číslice a podtržítka.",
Invalid Child Procedure,Neplatná podřízená procedura,
Invalid Code. Please try again.,Neplatný kód. Zkuste to prosím znovu.,
Invalid Company Field,Neplatné pole firmy,
Invalid Company for Inter Company Transaction.,Neplatná firma pro mezifiremní transakci.,
Invalid condition expression,Neplatný výraz podmínky,
Invalid condition type in nested filters: {0},Neplatný typ podmínky ve vnořených filtrech: {0},
Invalid Condition: {},Neplatná podmínka: {},
Invalid Cost Center,Neplatné nákladové středisko,
Invalid Credentials,Neplatné přihlašovací údaje,
Invalid Credentials for Email Account: {0},Neplatné přihlašovací údaje pro e-mailový účet: {0},
Invalid CSV Format,Neplatný formát CSV,
Invalid CSV format. Expected column: doctype_name,Neplatný formát CSV. Očekávaný sloupec: doctype_name,
Invalid Customer Group,Neplatná skupina klientů,
Invalid Date,Neplatné datum,
Invalid Dates,Neplatná data,
Invalid debit/credit formula: {0},Neplatný vzorec MD/D: {0},
Invalid Delivery Date,Neplatné datum dodání,
Invalid direction in Order By: {0}. Must be 'ASC' or 'DESC'.,Neplatný směr řazení (Order By): {0}. Musí být 'ASC' nebo 'DESC'.,
Invalid Disassembly Item,Neplatná položka rozborky,
Invalid Disassembly Quantity,Neplatné množství rozborky,
Invalid Discount,Neplatná sleva,
Invalid Discount Amount,Neplatná částka slevy,
Invalid docstatus,Neplatný docstatus,
Invalid DocType,Neplatný DocType,
Invalid Doctype,Neplatný DocType,
Invalid DocType: {0},Neplatný DocType: {0},
Invalid Document,Neplatný doklad,
Invalid Document Type,Neplatný typ dokladu,
Invalid Document Type {0},Neplatný typ dokladu {0},
Invalid employee filter: {0},Neplatný filtr zaměstnance: {0},
Invalid expression in Workflow Update Value: {0},Neplatný výraz v hodnotě aktualizace workflow: {0},
"Invalid field format for SELECT: {0}. Field names must be simple, backticked, table-qualified, aliased, or '*'.","Neplatný formát pole pro SELECT: {0}. Názvy polí musí být jednoduché, v obrácených uvozovkách, kvalifikované tabulkou, s aliasem nebo '*'.",
"Invalid field format in {0}: {1}. Use 'field', 'link_field.field', or 'child_table.field'.","Neplatný formát pole v {0}: {1}. Použijte 'field', 'link_field.field' nebo 'child_table.field'.",
Invalid field name {0},Neplatný název pole {0},
Invalid field type: {0},Neplatný typ pole: {0},
Invalid Fieldname,Neplatný název pole,
Invalid fieldname '{0}' in autoname,Neplatný název pole '{0}' v autoname,
Invalid file path: {0},Neplatná cesta k souboru: {0},
Invalid File Type,Neplatný typ souboru,
Invalid File URL,Neplatná URL souboru,
Invalid file URL,Neplatná URL souboru,
Invalid Filter,Neplatný filtr,
Invalid filter condition: {0}. Expected a list or tuple.,Neplatná podmínka filtru: {0}. Očekáván seznam nebo tuple.,
Invalid filter field format: {0}. Use 'fieldname' or 'link_fieldname.target_fieldname'.,Neplatný formát pole filtru: {0}. Použijte 'fieldname' nebo 'link_fieldname.target_fieldname'.,
Invalid filter formula. Please check the syntax.,Neplatný vzorec filtru. Zkontrolujte prosím syntaxi.,
Invalid Filter Value,Neplatná hodnota filtru,
"Invalid Filters for field {0}. Filters must be a list of filters, where each filter is a list with four values: doctype, fieldname, operator, and value.","Neplatné filtry pro pole {0}. Filtry musí být seznam filtrů, kde každý filtr je seznam se čtyřmi hodnotami: doctype, fieldname, operator a value.",
Invalid Filters for field {0}. Filters must be valid JSON.,Neplatné filtry pro pole {0}. Filtry musí být platný JSON.,
Invalid format. Supported formats are {0},Neplatný formát. Podporované formáty jsou {0},
Invalid Formula,Neplatný vzorec,
"Invalid function argument type: {0}. Only strings, numbers, lists, and None are allowed.","Neplatný typ argumentu funkce: {0}. Povoleny jsou pouze řetězce, čísla, seznamy a None.",
Invalid Group By,Neplatné seskupení (Group By),
Invalid Home Page,Neplatná domovská stránka,
Invalid input,Neplatný vstup,
Invalid Item,Neplatná položka,
Invalid Item Defaults,Neplatné výchozí hodnoty položky,
Invalid JSON,Neplatný JSON,
Invalid json added in the custom options: {0},Ve vlastních možnostech byl přidán neplatný JSON: {0},
Invalid JSON format: {0},Neplatný formát JSON: {0},
Invalid Leave Ledger Entry,Neplatný záznam knihy volna,
Invalid Ledger Entries,Neplatné záznamy v knize,
"Invalid line reference format: '{0}'. Must start with letter and contain only letters, numbers, underscores, and hyphens","Neplatný formát reference řádku: '{0}'. Musí začínat písmenem a obsahovat pouze písmena, číslice, podtržítka a pomlčky",
Invalid Link,Neplatný odkaz,
Invalid Login Token,Neplatný přihlašovací token,
"Invalid lost reason {0}, please create a new lost reason","Neplatný důvod ztráty {0}, vytvořte prosím nový důvod ztráty",
Invalid LWP Days Reversed,Neplatný počet stornovaných dnů neplaceného volna,
Invalid Mail Server. Please rectify and try again.,Neplatný poštovní server. Opravte to prosím a zkuste to znovu.,
Invalid name type (integer) for varchar name column,Neplatný typ názvu (integer) pro sloupec name typu varchar,
Invalid naming series (. missing) for {0},Neplatná číselná řada (chybí .) pro {0},
Invalid naming series {}: dot (.) missing,Neplatná číselná řada {}: chybí tečka (.),
Invalid naming series {}: dot (.) missing before the numeric placeholders. Kindly use a format like <b>ABCD.#####</b>.,Neplatná číselná řada {}: chybí tečka (.) před číselnými zástupnými znaky. Použijte prosím formát jako <b>ABCD.#####</b>.,
Invalid Naming Series: {},Neplatná číselná řada: {},
Invalid nested expression: dictionary must represent a function or operator,Neplatný vnořený výraz: slovník musí reprezentovat funkci nebo operátor,
Invalid Net Purchase Amount,Neplatná čistá nákupní částka,
Invalid Opening Entry,Neplatný počáteční zápis,
Invalid Operation,Neplatná operace,
Invalid operator '{0}',Neplatný operátor '{0}',
Invalid Option,Neplatná možnost,
Invalid or corrupted content for import,Neplatný nebo poškozený obsah pro import,
Invalid or expired key,Neplatný nebo expirovaný klíč,
Invalid Outgoing Mail Server or Port: {0},Neplatný odchozí poštovní server nebo port: {0},
Invalid Output Format,Neplatný výstupní formát,
Invalid Override,Neplatné přepsání,
Invalid Package Name,Neplatný název balíčku,
Invalid parameter. 'dn' should be of type str,Neplatný parametr. 'dn' musí být typu str,
Invalid parameters provided. Please pass the required arguments.,Zadány neplatné parametry. Zadejte prosím požadované argumenty.,
Invalid Parameters.,Neplatné parametry.,
Invalid Parent Account,Neplatný nadřazený účet,
Invalid Payroll Payable Account. The account currency must be {0} or {1},Neplatný účet mzdových závazků. Měna účtu musí být {0} nebo {1},
Invalid Phone Number,Neplatné telefonní číslo,
Invalid POS Field,Neplatné pole POS,
Invalid POS Fields,Neplatná pole POS,
Invalid POS Invoices,Neplatné faktury POS,
Invalid POS Search Field,Neplatné vyhledávací pole POS,
Invalid Posting Time,Neplatný čas zaúčtování,
Invalid Primary Role,Neplatná primární role,
Invalid Print Format,Neplatný tiskový formát,
Invalid Priority,Neplatná priorita,
Invalid Process Loss Configuration,Neplatná konfigurace ztráty procesu,
Invalid Purchase Invoice,Neplatná přijatá faktura,
Invalid Qty,Neplatné množství,
Invalid Quantity,Neplatné množství,
Invalid Query,Neplatný dotaz,
Invalid Reading,Neplatné čtení,
Invalid redirect regex in row #{}: {},Neplatný přesměrovací regulární výraz na řádku č. {}: {},
Invalid reference {0} {1},Neplatná reference {0} {1},
Invalid regex pattern.,Neplatný vzor regulárního výrazu.,
Invalid Request,Neplatný požadavek,
Invalid request arguments,Neplatné argumenty požadavku,
Invalid request body,Neplatné tělo požadavku,
Invalid result key. Response:,Neplatný klíč výsledku. Odpověď:,
Invalid Return,Neplatná vratka,
Invalid role,Neplatná role,
Invalid Sales Invoices,Neplatné vydané faktury,
Invalid Schedule,Neplatný plán,
Invalid Search Field {0},Neplatné vyhledávací pole {0},
Invalid search query,Neplatný vyhledávací dotaz,
Invalid Selling Price,Neplatná prodejní cena,
Invalid Serial and Batch Bundle,Neplatný balíček sériových čísel a šarží,
Invalid shift filter: {0},Neplatný filtr směny: {0},
Invalid Shift Times,Neplatné časy směny,
Invalid simple filter format: {0},Neplatný formát jednoduchého filtru: {0},
Invalid Source and Target Warehouse,Neplatný zdrojový a cílový sklad,
Invalid start for filter condition: {0}. Expected a list or tuple.,Neplatný počátek podmínky filtru: {0}. Očekáván seznam nebo tuple.,
Invalid Table Fieldname,Neplatný název pole tabulky,
Invalid template file for import,Neplatný soubor šablony pro import,
Invalid token state! Check if the token has been created by the OAuth user.,"Neplatný stav tokenu! Zkontrolujte, zda byl token vytvořen uživatelem OAuth.",
Invalid Tree Type {0},Neplatný typ stromu {0},
Invalid Upload,Neplatné nahrání,
Invalid URL,Neplatná URL,
Invalid User Name or Support Password. Please rectify and try again.,Neplatné uživatelské jméno nebo podpůrné heslo. Opravte to prosím a zkuste to znovu.,
Invalid username or password,Neplatné uživatelské jméno nebo heslo,
Invalid Value,Neplatná hodnota,
Invalid value specified for UUID: {},Zadána neplatná hodnota pro UUID: {},
Invalid value {0} for 'Based On',Neplatná hodnota {0} pro 'Based On',
Invalid value {0} for 'Doctype',Neplatná hodnota {0} pro 'Doctype',
Invalid value {0} for {1} against account {2},Neplatná hodnota {0} pro {1} u účtu {2},
Invalid Warehouse,Neplatný sklad,
Invalid Web Form Request,Neplatný požadavek webového formuláře,
Invalid Webhook Secret,Neplatný tajný klíč webhooku,
Invalid wkhtmltopdf version,Neplatná verze wkhtmltopdf,
Invalid {0},Neplatné {0},
Invalid {0} condition,Neplatná podmínka {0},
Invalid {0} dictionary format,Neplatný formát slovníku {0},
Invalid {0} for Inter Company Transaction.,Neplatné {0} pro mezifiremní transakci.,
Invalid {0}: {1},Neplatné {0}: {1},
Inventory,Zásoby,
Inventory Account Currency,Měna účtu zásob,
Inventory Dimension,Rozměr zásob,
Inventory Dimension key,Klíč rozměru zásob,
Inventory Dimension Negative Stock,Záporná zásoba rozměru zásob,
Inventory Settings,Nastavení zásob,
Inventory Turnover Ratio,Obrátkovost zásob,
Inventory Valuation,Ocenění zásob,
Investigation Details,Podrobnosti šetření,
Investments,Investice,
Invitation already accepted,Pozvánka již byla přijata,
Invitation already exists,Pozvánka již existuje,
Invitation cannot be cancelled,Pozvánku nelze zrušit,
Invitation is cancelled,Pozvánka je zrušena,
Invitation is expired,Platnost pozvánky vypršela,
Invitation not found,Pozvánka nenalezena,
Invitation resent,Pozvánka znovu odeslána,
Invitation to join {0} cancelled,Pozvánka k připojení do {0} byla zrušena,
Invitation to join {0} expired,Platnost pozvánky k připojení do {0} vypršela,
Invite as User,Pozvat jako uživatele,
Invited By,Pozval,
Invoice,Faktura,
Invoice already created for all billing hours,Faktura již byla vytvořena pro všechny fakturované hodiny,
Invoice and Billing,Fakturace,
Invoice can't be made for zero billing hour,Fakturu nelze vystavit pro nulový počet fakturovaných hodin,
Invoice Cancellation,Storno faktury,
Invoice Date,Datum faktury,
Invoice Discounting,Diskontování faktur,
Invoice Document Type Selection Error,Chyba výběru typu dokladu faktury,
Invoice Grand Total,Celková částka faktury,
Invoice is not blocked. Block the invoice to change the release date.,"Faktura není blokována. Chcete-li změnit datum uvolnění, zablokujte fakturu.",
Invoice Limit,Limit faktury,
Invoice Number,Číslo faktury,
Invoice Paid,Faktura zaplacena,
Invoice Portion,Podíl faktury,
Invoice Portion (%),Podíl faktury (%),
Invoice Posting Date,Datum zaúčtování faktury,
Invoice Ref,Reference faktury,
Invoice Series,Řada faktury,
Invoice Status,Stav faktury,
Invoice Type,Typ faktury,
Invoice Type Created via POS Screen,Typ faktury vytvořené přes obrazovku POS,
Invoiced Amount,Fakturovaná částka,
Invoiced Qty,Fakturované množství,
Invoices,Faktury,
Invoicing,Fakturace,
Invoicing Features,Funkce fakturace,
Inward Order,Příchozí objednávka,
IP Address,IP adresa,
IRS 1099,IRS 1099,
Is a Subscription,Je předplatné,
Is Account Payable,Je závazek,
Is Active,Je aktivní,
Is Additional Item,Je doplňková položka,
Is Additional Transfer Entry,Je doplňkový převodní zápis,
Is Adjustment Entry,Je opravný zápis,
Is Advance,Je záloha,
Is Allocated,Je přiděleno,
Is Alternative,Je alternativní,
Is Applicable for Referral Bonus,Platí pro doporučovací bonus,
Is Attachments Folder,Je složka příloh,
Is Billable,Je fakturovatelné,
Is Billing Contact,Je fakturační kontakt,
Is Calendar and Gantt,Je kalendář a Gantt,
Is Cancelled,Je stornováno,
Is Carry Forward,Je převod do dalšího období,
Is Cash or Non Trade Discount,Je hotovostní nebo neobchodní sleva,
Is Child Table,Je podřízená tabulka,
Is Company,Je firma,
Is Company Account,Je firemní účet,
Is Compensatory,Je náhradní,
Is Compensatory Leave,Je náhradní volno,
Is Complete,Je dokončeno,
Is Completed,Je dokončeno,
Is Consolidated,Je konsolidováno,
Is Container,Je kontejner,
Is Corrective Job Card,Je opravná výrobní karta,
Is Corrective Operation,Je opravná operace,
Is created using POS,Vytvořeno pomocí POS,
Is Credit Card,Je kreditní karta,
Is Cumulative,Je kumulativní,
Is Current,Je aktuální,
Is Custom,Je vlastní,
Is Custom Field,Je vlastní pole,
Is Customer Provided Item,Je položka dodaná klientem,
Is Default,Je výchozí,
Is Default Account,Je výchozí účet,
Is Default Language,Je výchozí jazyk,
Is Delivery Note required to create Sales Invoice?,Je dodací list vyžadován pro vytvoření vydané faktury?,
Is Discounted,Je zlevněno,
Is Dynamic URL?,Je dynamická URL?,
Is Earned Leave,Je nárokové volno,
Is Exchange Gain / Loss?,Je kurzový zisk / ztráta?,
Is Expandable,Je rozšiřitelné,
Is Expired,Je expirováno,
Is Final Finished Good,Je konečný hotový výrobek,
Is Finished Item,Je hotová položka,
Is Fixed Asset,Je dlouhodobý majetek,
Is Flexible Benefit,Je flexibilní benefit,
Is Folder,Je složka,
Is Free Item,Je bezplatná položka,
Is Frozen,Je zamčeno,
Is Fully Depreciated,Je plně odepsáno,
Is Group,Je skupina,
Is Group Warehouse,Je skupinový sklad,
Is Half Day,Je půl dne,
Is Hidden,Je skryté,
Is Home Folder,Je domovská složka,
Is Income Tax Component,Je složka daně z příjmu,
Is Internal Customer,Je interní klient,
Is Internal Supplier,Je interní dodavatel,
Is Leave Without Pay,Je neplacené volno,
Is Mandatory,Je povinné,
Is Mandatory Field,Je povinné pole,
Is Milestone,Je milník,
Is Old Subcontracting Flow,Je starý postup subdodávek,
Is Opening,Je počáteční,
Is Opening Entry,Je počáteční zápis,
Is Optional Leave,Je volitelné volno,
Is Optional State,Je volitelný stav,
Is Outward,Je odchozí,
Is Packed,Je zabaleno,
Is Paid,Je zaplaceno,
Is Partially Paid Leave,Je částečně placené volno,
Is Paused,Je pozastaveno,
Is Period Closing Voucher Entry,Je zápis dokladu uzávěrky období,
Is Phantom BOM,Je fantomový kusovník,
Is Phantom Item,Je fantomová položka,
Is Primary,Je primární,
Is Primary Address,Je primární adresa,
Is Primary Contact,Je primární kontakt,
Is Primary Mobile,Je primární mobil,
Is Primary Phone,Je primární telefon,
Is Private,Je soukromé,
Is Public,Je veřejné,
Is Published Field,Je publikované pole,
Is Published Field must be a valid fieldname,"Pole ""Je publikováno"" musí mít platný název pole",
Is Purchase Order required for Purchase Invoice & Receipt creation?,Je nákupní objednávka vyžadována pro vytvoření přijaté faktury a příjemky?,
Is Purchase Receipt required for Purchase Invoice creation?,Je příjemka vyžadována pro vytvoření přijaté faktury?,
Is Query Report,Je dotazovací report,
Is Rate Adjustment Entry (Debit Note),Je zápis úpravy ceny (vrubopis),
Is Recurring,Je opakující se,
Is Recurring Additional Salary,Je opakující se doplňková mzda,
Is Recursive,Je rekurzivní,
Is Rejected,Je zamítnuto,
Is Rejected Warehouse,Je sklad zamítnutých položek,
Is Remote Request?,Je vzdálený požadavek?,
Is Return,Je vratka,
Is Return (Credit Note),Je vratka (dobropis),
Is Return (Debit Note),Je vratka (vrubopis),
Is Rule Evaluated,Je pravidlo vyhodnoceno,
Is Salary Released,Je mzda uvolněna,
Is Salary Withheld,Je mzda zadržena,
Is Sales Order required to create Sales Invoice/Delivery Note?,Je prodejní objednávka vyžadována pro vytvoření vydané faktury/dodacího listu?,
Is Setup Complete?,Je nastavení dokončeno?,
Is Short/Long Year,Je krátký/dlouhý rok,
Is Single,Je typu Single,
Is Skipped,Je přeskočeno,
Is Spam,Je spam,
Is Standard,Je standardní,
Is standard,Je standardní,
Is Stock Item,Je skladová položka,
Is Sub Assembly Item,Je položka podsestavy,
Is Subcontracted,Je subdodávka,
Is Subcontracted Item,Je subdodavatelská položka,
Is Submittable,Je odeslatelný,
Is System Generated,Je vygenerováno systémem,
Is Table,Je tabulka,
Is Table Field,Je pole tabulky,
Is Tax Applicable,Platí daň,
Is Tax Withholding Account,Je účet srážkové daně,
Is Template,Je šablona,
Is this Tax included in Basic Rate?,Je tato daň zahrnuta v základní sazbě?,
Is Transporter,Je dopravce,
Is Tree,Je strom,
Is Unique,Je jedinečné,
Is Virtual,Je virtuální,
Is Your Company Address,Je adresa vaší firmy,
Issue,Případ,
Issue Analytics,Analýza případů,
Issue Credit Note,Vystavit dobropis,
Issue Date,Datum vystavení,
Issue Material,Výdej materiálu,
Issue Priority,Priorita případu,
Issue Split From,Rozděleno z případu,
Issue Summary,Souhrn případu,
Issue Type,Typ případu,
Issued,Vydáno,
Issued Items Against Work Order,Vydané položky k výrobnímu příkazu,
Issues,Případy,
Issuing Date,Datum vydání,
It can take upto few hours for accurate stock values to be visible after merging items.,Zobrazení přesných hodnot zásob po sloučení položek může trvat až několik hodin.,
It is risky to delete this file: {0}. Please contact your System Manager.,Smazání tohoto souboru je rizikové: {0}. Kontaktujte prosím správce systému.,
It is too late to undo this email. It is already being sent.,Je pozdě na zrušení tohoto e-mailu. Již se odesílá.,
"It's not possible to distribute charges equally when total amount is zero, please set 'Distribute Charges Based On' as 'Quantity'","Poplatky nelze rozdělit rovnoměrně, pokud je celková částka nulová. Nastavte prosím ""Rozdělit poplatky dle"" na ""Množství""",
Italic Text,Kurzíva,
Item,Položka,
item,Položka,
Item 1,Položka 1,
Item 2,Položka 2,
Item 3,Položka 3,
Item 4,Položka 4,
Item 5,Položka 5,
Item Alternative,Alternativní položka,
Item and Warehouse,Položka a sklad,
Item and Warranty Details,Podrobnosti položky a záruky,
Item Attribute,Atribut položky,
Item Attribute Value,Hodnota atributu položky,
Item Attribute Values,Hodnoty atributu položky,
Item Attributes,Atributy položky,
Item Balance (Simple),Zůstatek položky (jednoduchý),
Item Barcode,Čárový kód položky,
Item cannot be added to its own descendants,Položku nelze přidat k jejím vlastním potomkům,
Item Cart,Košík položek,
Item Code,Kód položky,
Item Code (Final Product),Kód položky (finální výrobek),
Item Code > Item Group > Brand,Kód položky > Skupina položek > Značka,
Item Code cannot be changed for Serial No.,Kód položky nelze u sériového čísla změnit,
Item Code required at Row No {0},Na řádku č. {0} je vyžadován kód položky,
Item Code: {0} is not available under warehouse {1}.,Kód položky: {0} není dostupný ve skladu {1}.,
Item Customer Detail,Detail klienta položky,
Item Default,Výchozí hodnota položky,
Item Defaults,Výchozí hodnoty položky,
Item Description,Popis položky,
Item Details,Podrobnosti položky,
Item for row {0} does not match Material Request,Položka na řádku {0} neodpovídá požadavku na materiál,
Item Group,Skupina položek,
Item Group Defaults,Výchozí hodnoty skupiny položek,
Item Group Name,Název skupiny položek,
Item Group not mentioned in item master for item {0},Ve skladové kartě položky {0} není uvedena skupina položek,
Item Group Tree,Strom skupin položek,
Item Groups,Skupiny položek,
Item has variants.,Položka má varianty.,
Item Information,Informace o položce,
Item is removed since no serial / batch no selected.,"Položka byla odebrána, protože nebylo vybráno sériové číslo / číslo šarže.",
Item Label,Popisek položky,
Item Lead Time,Dodací lhůta položky,
Item Locations,Umístění položek,
Item Manufacturer,Výrobce položky,
Item must be added using 'Get Items from Purchase Receipts' button,"Položku je nutné přidat pomocí tlačítka ""Získat položky z příjemek""",
Item Name,Název položky,
Item name,Název položky,
Item Naming By,Pojmenování položky podle,
Item operation,Operace položky,
Item Out of Stock,Položka není skladem,
Item Price,Cena položky,
Item Price added for {0} in Price List - {1},Cena položky přidána pro {0} v ceníku - {1},
"Item Price appears multiple times based on Price List, Supplier/Customer, Currency, Item, Batch, UOM, Qty, and Dates.","Cena položky se vyskytuje vícekrát na základě ceníku, dodavatele/klienta, měny, položky, šarže, měrné jednotky, množství a dat.",
Item Price created at rate {0},Cena položky vytvořena v sazbě {0},
Item Price Settings,Nastavení ceny položky,
Item Price Stock,Skladová cena položky,
Item Price updated for {0} in Price List {1},Cena položky aktualizována pro {0} v ceníku {1},
Item Prices,Ceny položek,
Item qty can not be updated as raw materials are already processed.,"Množství položky nelze aktualizovat, protože suroviny již byly zpracovány.",
Item Quality Inspection Parameter,Parametr kontroly kvality položky,
Item rate has been updated to zero as Allow Zero Valuation Rate is checked for item {0},"Cena položky byla aktualizována na nulu, protože je pro položku {0} zaškrtnuto ""Povolit nulovou oceňovací sazbu""",
Item rates have been updated based on the selected Buying Price List {0},Ceny položek byly aktualizovány na základě vybraného nákupního ceníku {0},
Item Reference,Reference položky,
Item Reorder,Doplnění položky,
Item Row,Řádek položky,
Item Row {0}: {1} {2} does not exist in above '{1}' table,Řádek položky {0}: {1} {2} neexistuje ve výše uvedené tabulce '{1}',
Item Serial No,Sériové číslo položky,
Item Shortage Report,Report nedostatku položek,
Item Supplier,Dodavatel položky,
Item Tax,Daň z položky,
Item Tax Amount Included in Value,Částka daně z položky zahrnuta v hodnotě,
Item Tax Rate,Sazba daně z položky,
Item Tax Row {0} must have account of type Tax or Income or Expense or Chargeable,"Řádek daně položky {0} musí mít účet typu Daň, Výnos, Náklad nebo Zpoplatnitelné",
Item Tax Row {0}: Account must belong to Company - {1},Řádek daně položky {0}: Účet musí patřit firmě - {1},
Item Tax Template,Šablona daně z položky,
Item Tax Template Detail,Detail šablony daně z položky,
Item To Manufacture,Položka k výrobě,
Item to Manufacture,Položka k výrobě,
Item Type,Typ položky,
Item valuation rate is recalculated considering landed cost voucher amount,Oceňovací sazba položky je přepočítána se zohledněním částky dokladu o vedlejších pořizovacích nákladech,
Item valuation reposting in progress. Report might show incorrect item valuation.,Probíhá přeúčtování ocenění položek. Report může zobrazovat nesprávné ocenění položek.,
Item Variant,Varianta položky,
Item Variant Attribute,Atribut varianty položky,
Item Variant Details,Podrobnosti varianty položky,
Item Variant Settings,Nastavení varianty položky,
Item Variant {0} already exists with same attributes,Varianta položky {0} se stejnými atributy již existuje,
Item variant {0} exists with same attributes,Varianta položky {0} se stejnými atributy existuje,
Item Variants updated,Varianty položky aktualizovány,
Item Warehouse based reposting has been enabled.,Přeúčtování na základě položky a skladu bylo povoleno.,
Item Website Specification,Specifikace položky pro web,
Item Weight Details,Podrobnosti hmotnosti položky,
Item Where Used,Kde je položka použita,
Item Wise Consumption,Spotřeba podle položek,
Item Wise Tax Detail,Detail daně dle položky,
Item Wise Tax Details,Podrobnosti daně podle položek,
Item Wise Tax Details do not match with Taxes and Charges at the following rows:,Podrobnosti daně podle položek neodpovídají daním a poplatkům na následujících řádcích:,
Item with name {0} not found in the Purchase Order,Položka s názvem {0} nebyla v nákupní objednávce nalezena,
Item {0} added multiple times under the same parent item {1} at rows {2} and {3},Položka {0} byla vícekrát přidána pod stejnou nadřazenou položku {1} na řádcích {2} a {3},
Item {0} cannot be added as a sub-assembly of itself,Položku {0} nelze přidat jako podsestavu sebe sama,
Item {0} cannot be ordered more than once,Položku {0} nelze objednat více než jednou,
Item {0} cannot be ordered more than {1} against Blanket Order {2}.,Položku {0} nelze objednat ve větším množství než {1} vůči rámcové objednávce {2}.,
Item {0} does not exist,Položka {0} neexistuje,
Item {0} does not exist in the system or has expired,Položka {0} v systému neexistuje nebo její platnost vypršela,
Item {0} does not exist.,Položka {0} neexistuje.,
Item {0} entered multiple times.,Položka {0} byla zadána vícekrát.,
Item {0} has already been returned,Položka {0} již byla vrácena,
Item {0} has been disabled,Položka {0} byla zakázána,
Item {0} has no changes in delivered quantity. Please unselect the row if you do not wish to update its quantity.,"Položka {0} nemá žádné změny v dodaném množství. Pokud nechcete aktualizovat její množství, zrušte výběr řádku.",
Item {0} has no Serial No. Only serialized items can have delivery based on Serial No,Položka {0} nemá sériové číslo. Dodání na základě sériového čísla je možné pouze u sériovaných položek,
Item {0} has reached its end of life on {1},Položce {0} skončila životnost dne {1},
Item {0} ignored since it is not a stock item,"Položka {0} byla ignorována, protože se nejedná o skladovou položku",
Item {0} is already reserved/delivered against Sales Order {1}.,Položka {0} je již rezervována/dodána k prodejní objednávce {1}.,
Item {0} is cancelled,Položka {0} je stornována,
Item {0} is disabled,Položka {0} je zakázána,
Item {0} is not a drop ship item. Only drop ship items can have Delivered Qty updated.,Položka {0} není položkou přímé dodávky (drop ship). Dodané množství lze aktualizovat pouze u položek přímé dodávky.,
Item {0} is not a serialized Item,Položka {0} není sériovaná položka,
Item {0} is not a stock Item,Položka {0} není skladová položka,
Item {0} is not a subcontracted item,Položka {0} není subdodavatelská položka,
Item {0} is not a template item.,Položka {0} není šablonová položka.,
Item {0} is not active or end of life has been reached,Položka {0} není aktivní nebo dosáhla konce životnosti,
Item {0} must be a Fixed Asset Item,Položka {0} musí být položkou dlouhodobého majetku,
Item {0} must be a Non-Stock Item,Položka {0} musí být neskladová položka,
Item {0} must be a non-stock item,Položka {0} musí být neskladová položka,
Item {0} must be a Sub-contracted Item,Položka {0} musí být subdodavatelská položka,
Item {0} not found in 'Raw Materials Supplied' table in {1} {2},"Položka {0} nebyla nalezena v tabulce ""Dodané suroviny"" v {1} {2}",
Item {0} not found.,Položka {0} nebyla nalezena.,
Item {0}: Ordered qty {1} cannot be less than minimum order qty {2} (defined in Item).,Položka {0}: Objednané množství {1} nemůže být menší než minimální objednací množství {2} (definované u položky).,
Item {0}: Ordered qty {1} {2} exceeds the minimum order qty {3} {2} by {4} {2} due to purchase UOM rounding.,Položka {0}: Objednané množství {1} {2} překračuje minimální objednací množství {3} {2} o {4} {2} kvůli zaokrouhlení nákupní měrné jednotky.,
Item {0}: {1} qty produced.,Položka {0}: vyrobeno množství {1}.,
Item {} does not exist.,Položka {} neexistuje.,
Item-wise Price List Rate,Sazba ceníku podle položek,
Item-wise Purchase History,Historie nákupů podle položek,
Item-wise Purchase Register,Nákupní registr podle položek,
Item-wise Sales History,Historie prodejů podle položek,
Item-wise Sales Register,Prodejní registr podle položek,
Item-wise sales Register,Prodejní registr podle položek,
Item/Item Code required to get Item Tax Template.,Pro získání šablony daně z položky je vyžadována položka/kód položky.,
Item: {0} does not exist in the system,Položka: {0} v systému neexistuje,
Items,Položky,
Items & Pricing,Položky a ceny,
Items and Pricing,Položky a ceny,
Items cannot be updated as Subcontracting Inward Order(s) exist against this Subcontracted Sales Order.,"Položky nelze aktualizovat, protože k této subdodavatelské prodejní objednávce existují objednávky příchozí subdodávky.",
Items cannot be updated as Subcontracting Order is created against the Purchase Order {0}.,"Položky nelze aktualizovat, protože k nákupní objednávce {0} byla vytvořena objednávka subdodávky.",
Items Catalogue,Katalog položek,
Items Filter,Filtr položek,
Items for Raw Material Request,Položky pro požadavek na suroviny,
Items not found.,Položky nebyly nalezeny.,
Items rate has been updated to zero as Allow Zero Valuation Rate is checked for the following items: {0},"Cena položek byla aktualizována na nulu, protože je pro následující položky zaškrtnuto ""Povolit nulovou oceňovací sazbu"": {0}",
Items Required,Vyžadované položky,
Items To Be Received,Položky k přijetí,
Items to Be Repost,Položky k přeúčtování,
Items To Be Requested,Položky k vyžádání,
Items to Manufacture are required to pull the Raw Materials associated with it.,Pro načtení souvisejících surovin jsou vyžadovány položky k výrobě.,
Items to Order and Receive,Položky k objednání a přijetí,
Items to Reserve,Položky k rezervaci,
Items {0} do not exist in the Item master.,Položky {0} neexistují ve skladové kartě položek.,
Itemwise Recommended Reorder Level,Doporučená úroveň doplnění podle položek,
Jan,Led,
JavaScript,JavaScript,
Javascript,Javascript,
Job Applicant,Uchazeč o zaměstnání,
Job Applicant Source,Zdroj uchazeče o zaměstnání,
Job Applicant {0} created successfully.,Uchazeč o zaměstnání {0} byl úspěšně vytvořen.,
Job Applicants are not allowed to appear twice for the same Interview Type. Interview {0} already scheduled for Job Applicant {1},Uchazeči o zaměstnání se nesmí objevit dvakrát pro stejný typ pohovoru. Pohovor {0} je již naplánován pro uchazeče {1},
Job Capacity,Kapacita pracovní pozice,
Job Card,Výrobní karta,
Job Card Analysis,Analýza výrobní karty,
Job Card and Capacity Planning,Výrobní karta a plánování kapacit,
Job Card Item,Položka výrobní karty,
Job Card On Hold,Výrobní karta pozastavena,
Job Card Operation,Operace výrobní karty,
Job Card Scheduled Time,Naplánovaný čas výrobní karty,
Job Card Secondary Item,Vedlejší položka výrobní karty,
Job Card Summary,Souhrn výrobní karty,
Job Card Time Log,Časový log výrobní karty,
Job card {0} created,Výrobní karta {0} byla vytvořena,
Job Card {0} has been completed,Výrobní karta {0} byla dokončena,
"Job Card {0}: As per the sequence of the operations in the work order {1}, submit the manufacturing entry for the operation {2} before the operation {3}.",Výrobní karta {0}: Podle pořadí operací ve výrobním příkazu {1} odešlete výrobní zápis pro operaci {2} před operací {3}.,
Job Cards,Výrobní karty,
Job Description,Popis pracovní pozice,
Job ID,ID úlohy,
Job Id,ID úlohy,
Job Info,Informace o úloze,
Job is in {0} state and can't be cancelled,Úloha je ve stavu {0} a nelze ji zrušit,
Job is not running.,Úloha neběží.,
Job Name,Název úlohy,
Job Offer,Nabídka zaměstnání,
Job Offer Acceptance Rate,Míra přijetí nabídky zaměstnání,
Job Offer status,Stav nabídky zaměstnání,
Job Offer Term,Podmínka nabídky zaměstnání,
Job Offer Term Template,Šablona podmínek nabídky zaměstnání,
Job Offer Terms,Podmínky nabídky zaměstnání,
Job Offer: {0} is already for Job Applicant: {1},Nabídka zaměstnání: {0} je již pro uchazeče o zaměstnání: {1},
Job Offers (This Month),Nabídky zaměstnání (tento měsíc),
Job Opening,Volná pozice,
Job Opening Associated,Přidružená volná pozice,
Job Opening Template,Šablona volné pozice,
Job Openings,Volné pozice,
Job Openings for the designation {0} are already open or the hiring is complete as per the Staffing Plan {1},Volné pozice pro pracovní pozici {0} jsou již otevřeny nebo je nábor podle plánu obsazení {1} dokončen,
Job Paused,Úloha pozastavena,
Job Portal,Portál pracovních pozic,
Job Requisition,Žádost o obsazení pozice,
Job Requisition {0} has been associated with Job Opening {1},Žádost o obsazení pozice {0} byla přidružena k volné pozici {1},
Job Started,Úloha zahájena,
Job Status,Stav úlohy,
Job Stopped Successfully,Úloha byla úspěšně zastavena,
Job stopped successfully,Úloha byla úspěšně zastavena,
Job Title,Název pracovní pozice,
Job Worker,Zpracovatel zakázky,
Job Worker Address,Adresa zpracovatele zakázky,
Job Worker Address Details,Podrobnosti adresy zpracovatele zakázky,
Job Worker Contact,Kontakt zpracovatele zakázky,
Job Worker Currency,Měna zpracovatele zakázky,
Job Worker Delivery Note,Dodací list zpracovateli zakázky,
Job Worker Name,Název zpracovatele zakázky,
Job Worker Warehouse,Sklad zpracovatele zakázky,
Job: {0} has been triggered for processing failed transactions,Úloha: {0} byla spuštěna pro zpracování neúspěšných transakcí,
Jobs,Úlohy,
Join video conference with {0},Připojit se k videokonferenci s {0},
Joining,Nástup,
Journal Entries,Účetní zápisy,
Journal entries have been created,Účetní zápisy byly vytvořeny,
Journal Entries {0} are un-linked,Účetní zápisy {0} byly odpojeny,
Journal Entry,Účetní zápis,
Journal Entry Account,Účet účetního zápisu,
Journal Entry for Asset scrapping cannot be cancelled. Please restore the Asset.,Účetní zápis pro vyřazení majetku nelze stornovat. Obnovte prosím majetek.,
Journal Entry for Scrap,Účetní zápis pro vyřazení,
Journal Entry Template,Šablona účetního zápisu,
Journal Entry Template Account,Účet šablony účetního zápisu,
Journal Entry Type,Typ účetního zápisu,
Journal Entry type should be set as Depreciation Entry for asset depreciation,Typ účetního zápisu by měl být nastaven jako Odpisový zápis pro odpisy majetku,
Journal Entry {0} does not have account {1} or already matched against other voucher,Účetní zápis {0} nemá účet {1} nebo již byl spárován s jiným dokladem,
Journals,Účetní zápisy,
JS Message,Zpráva JS,
JSON,JSON,
JSON Request Body,Tělo požadavku JSON,
JSON value must be an object,Hodnota JSON musí být objekt,
July,Červenec,
June,Červen,
Kanban Board,Kanban tabule,
Kanban Board Column,Sloupec kanban tabule,
Kanban Board Name,Název kanban tabule,
Keep Closed,Ponechat uzavřené,
Key,Klíč,
Key Reports,Klíčové reporty,
Key Required,Vyžadován klíč,
Key required,Vyžadován klíč,
Kindly cancel the Manufacturing Entries first against the work order {0}.,Nejprve prosím stornujte výrobní zápisy k výrobnímu příkazu {0}.,
Knowledge Base,Znalostní báze,
KRA,KRA,
KRA Evaluation Method,Metoda hodnocení KRA,
KRA updated for all child goals.,KRA aktualizováno pro všechny dílčí cíle.,
KRA vs Goals,KRA vs. cíle,
KRAs,KRA,
Label,Popisek,
Label and Type,Popisek a typ,
Label Help,Nápověda k popisku,
Label is mandatory,Popisek je povinný,
Landed Cost,Vedlejší pořizovací náklady,
Landed Cost Help,Nápověda k vedlejším pořizovacím nákladům,
Landed Cost Id,ID vedlejších pořizovacích nákladů,
Landed Cost Item,Položka vedlejších pořizovacích nákladů,
Landed Cost Purchase Receipt,Příjemka vedlejších pořizovacích nákladů,
Landed Cost Report,Report vedlejších pořizovacích nákladů,
Landed Cost Taxes and Charges,Daně a poplatky vedlejších pořizovacích nákladů,
Landed Cost Vendor Invoice,Faktura dodavatele vedlejších pořizovacích nákladů,
Landed Cost Voucher,Doklad o vedlejších pořizovacích nákladech,
Landed Cost Voucher Amount,Částka dokladu o vedlejších pořizovacích nákladech,
Landing Page,Vstupní stránka,
Language,Jazyk,
Language Code,Kód jazyka,
Language Name,Název jazyka,
Large,Velké,
Last 10 active users,Posledních 10 aktivních uživatelů,
Last Active,Naposledy aktivní,
Last Carbon Check,Poslední kontrola emisí,
Last carbon check date cannot be a future date,Datum poslední kontroly emisí nemůže být v budoucnosti,
Last Communication,Poslední komunikace,
Last Communication Date,Datum poslední komunikace,
Last Completion Date,Datum posledního dokončení,
Last Execution,Poslední spuštění,
Last GL Entry update was done {}. This operation is not allowed while system is actively being used. Please wait for 5 minutes before retrying.,"Poslední aktualizace záznamu hlavní knihy proběhla {}. Tato operace není povolena, pokud je systém aktivně používán. Počkejte prosím 5 minut a zkuste to znovu.",
Last Heartbeat,Poslední heartbeat,
Last Integration Date,Datum poslední integrace,
Last IP,Poslední IP,
Last Known Versions,Poslední známé verze,
Last Login,Poslední přihlášení,
Last Modified Date,Datum poslední úpravy,
Last Modified On,Naposledy upraveno,
Last Month Downtime Analysis,Analýza výpadků za poslední měsíc,
Last Name,Příjmení,
Last Odometer Value,Poslední hodnota tachometru,
Last Order Amount,Částka poslední objednávky,
Last Order Date,Datum poslední objednávky,
Last Password Reset Date,Datum posledního obnovení hesla,
Last Purchase Rate,Poslední nákupní cena,
Last Received At,Naposledy přijato,
Last Reset Password Key Generated On,Poslední klíč pro obnovení hesla vygenerován dne,
Last Run,Poslední spuštění,
Last Scanned Warehouse,Naposledy naskenovaný sklad,
Last Seen,Naposledy viděn,
Last Stock Transaction for item {0} under warehouse {1} was on {2}.,Poslední skladová transakce pro položku {0} ve skladu {1} byla dne {2}.,
Last Sync of Checkin,Poslední synchronizace příchodu/odchodu,
Last Sync On,Naposledy synchronizováno,
Last Synced On,Naposledy synchronizováno,
Last transacted,Naposledy obchodováno,
Last Updated,Naposledy aktualizováno,
Last User,Poslední uživatel,
Last {0} was at {1},Poslední {0} bylo v {1},
Late Entries,Pozdní příchody,
Late Entry,Pozdní příchod,
Late Entry & Early Exit Settings for Auto Attendance,Nastavení pozdních příchodů a předčasných odchodů pro automatickou docházku,
Late Entry (This Month),Pozdní příchod (tento měsíc),
Late Entry By,Pozdní příchod o,
Late Entry Grace Period,Tolerance pozdního příchodu,
Latest,Nejnovější,
Latest Age,Nejnovější stáří,
Latitude,Zeměpisná šířka,
Latitude and longitude values are required for checking in.,Pro záznam příchodu jsou vyžadovány hodnoty zeměpisné šířky a délky.,
Latitude: {0}°,Zeměpisná šířka: {0}°,
Layout,Rozvržení,
Layout Reset,Reset rozvržení,
"Layout will be reset to standard layout, are you sure you want to do this?",Rozvržení bude vráceno na standardní rozvržení. Opravdu to chcete provést?,
LDAP Auth,Ověřování LDAP,
LDAP Custom Settings,Vlastní nastavení LDAP,
LDAP Email Field,Pole e-mailu LDAP,
LDAP First Name Field,Pole jména LDAP,
LDAP Group,Skupina LDAP,
LDAP Group Field,Pole skupiny LDAP,
Ldap Group Mapping,Mapování skupiny LDAP,
LDAP Group Mappings,Mapování skupin LDAP,
LDAP Group Member attribute,Atribut člena skupiny LDAP,
LDAP is not enabled.,LDAP není povoleno.,
LDAP Last Name Field,Pole příjmení LDAP,
LDAP Middle Name Field,Pole druhého jména LDAP,
LDAP Mobile Field,Pole mobilu LDAP,
LDAP Not Installed,LDAP není nainstalováno,
LDAP Phone Field,Pole telefonu LDAP,
LDAP Search and Paths,Vyhledávání a cesty LDAP,
LDAP search path for Groups,Vyhledávací cesta LDAP pro skupiny,
LDAP search path for Users,Vyhledávací cesta LDAP pro uživatele,
LDAP Search String,Vyhledávací řetězec LDAP,
"LDAP Search String must be enclosed in '()' and needs to contian the user placeholder {0}, eg sAMAccountName={0}","Vyhledávací řetězec LDAP musí být uzavřen v '()' a musí obsahovat zástupný symbol uživatele {0}, např. sAMAccountName={0}",
LDAP Security,Zabezpečení LDAP,
LDAP Server Settings,Nastavení serveru LDAP,
LDAP Server Url,URL serveru LDAP,
LDAP Settings,Nastavení LDAP,
Ldap Settings,Nastavení LDAP,
LDAP settings incorrect. validation response was: {0},Nastavení LDAP je nesprávné. Odpověď ověření byla: {0},
LDAP User Creation and Mapping,Vytváření a mapování uživatelů LDAP,
LDAP Username Field,Pole uživatelského jména LDAP,
Lead,Potenciální zákazník,
Lead -> Prospect,Potenciální zákazník -> Prospekt,
Lead Conversion Time,Doba konverze potenciálního zákazníka,
Lead Count,Počet potenciálních zákazníků,
Lead Details,Podrobnosti potenciálního zákazníka,
Lead Name,Název potenciálního zákazníka,
Lead Owner,Vlastník potenciálního zákazníka,
Lead Owner cannot be same as the Lead Email Address,Vlastník potenciálního zákazníka nemůže být stejný jako e-mailová adresa potenciálního zákazníka,
Lead Owner Efficiency,Efektivita vlastníka potenciálního zákazníka,
Lead Source,Zdroj potenciálního zákazníka,
Lead Time,Dodací lhůta,
Lead Time (Days),Dodací lhůta (dny),
Lead Time (in mins),Dodací lhůta (v minutách),
Lead Time Date,Datum dodací lhůty,
Lead Time Days,Dny dodací lhůty,
Lead Time in days,Dodací lhůta ve dnech,
Lead Type,Typ potenciálního zákazníka,
Lead {0} has been added to prospect {1}.,Potenciální zákazník {0} byl přidán do prospektu {1}.,
Leads,Potenciální zákazníci,
"Leads help you get business, add all your contacts and more as your leads",Potenciální zákazníci vám pomáhají získávat obchod - přidejte všechny své kontakty a další jako své potenciální zákazníky,
Learn more,Zjistit více,
Leave,Volno,
Leave Adjustment,Úprava volna,
Leave Adjustment for this allocation already exists: {0}. Please amend existing adjustment.,Úprava volna pro toto přidělení již existuje: {0}. Opravte prosím existující úpravu.,
Leave Allocation,Přidělení volna,
Leave Allocation Exists,Přidělení volna existuje,
"Leave allocation is skipped for {0}, because number of leaves to be allocated is 0.","Přidělení volna pro {0} bylo přeskočeno, protože počet dnů volna k přidělení je 0.",
Leave allocation {0} is linked with the Leave Application {1},Přidělení volna {0} je propojeno se žádostí o volno {1},
Leave Allocations,Přidělení volna,
Leave already have been assigned for this Leave Policy Assignment,Volno již bylo přiřazeno pro toto přiřazení politiky volna,
Leave Application,Žádost o volno,
Leave application is linked with leave allocations {0}. Leave application cannot be set as leave without pay,Žádost o volno je propojena s přidělením volna {0}. Žádost o volno nelze nastavit jako neplacené volno,
Leave Application period cannot be across two non-consecutive leave allocations {0} and {1}.,Období žádosti o volno nemůže zasahovat do dvou nenavazujících přidělení volna {0} a {1}.,
Leave Approval Notification,Oznámení o schválení volna,
Leave Approval Notification Template,Šablona oznámení o schválení volna,
Leave Approver,Schvalovatel volna,
Leave Approver is mandatory,Schvalovatel volna je povinný,
Leave Approver Mandatory In Leave Application,Schvalovatel volna je v žádosti o volno povinný,
Leave Approver Name,Jméno schvalovatele volna,
Leave Balance,Zůstatek volna,
Leave Balance Before Application,Zůstatek volna před žádostí,
Leave Balance Summary,Souhrn zůstatku volna,
Leave Block List,Blokovaná období volna,
Leave Block List Allow,Povolení blokovaného období volna,
Leave Block List Allowed,Povoleno pro blokované období volna,
Leave Block List Date,Datum blokovaného období volna,
Leave Block List Dates,Data blokovaného období volna,
Leave Block List Name,Název blokovaného období volna,
Leave Blocked,Volno blokováno,
"Leave cannot be allocated before {0}, as leave balance has already been carry-forwarded in the future leave allocation record {1}","Volno nelze přidělit před {0}, protože zůstatek volna již byl převeden do budoucího záznamu o přidělení volna {1}",
"Leave cannot be applied/cancelled before {0}, as leave balance has already been carry-forwarded in the future leave allocation record {1}","Volno nelze zažádat/zrušit před {0}, protože zůstatek volna již byl převeden do budoucího záznamu o přidělení volna {1}",
Leave Control Panel,Ovládací panel volna,
Leave Details,Podrobnosti volna,
Leave Encashed?,Proplaceno volno?,
Leave Encashment,Proplacení volna,
Leave Encashment Amount Per Day,Částka proplacení volna za den,
Leave History,Historie volna,
Leave Ledger,Kniha volna,
Leave Ledger Entry,Záznam knihy volna,
"Leave Ledger Entry's To date needs to be after From date. Currently, From Date is {0} and To Date is {1}","Datum ""Do"" záznamu knihy volna musí být po datu ""Od"". Aktuálně je datum ""Od"" {0} a datum ""Do"" je {1}",
Leave of type {0} cannot be longer than {1}.,Volno typu {0} nemůže být delší než {1}.,
Leave Period,Období volna,
Leave Policy,Politika volna,
Leave Policy Assignment,Přiřazení politiky volna,
Leave Policy Assignment Overlap,Překrytí přiřazení politiky volna,
Leave Policy Detail,Detail politiky volna,
Leave Policy Details,Podrobnosti politiky volna,
Leave Policy: {0} already assigned for Employee {1} for period {2} to {3},Politika volna: {0} je již přiřazena zaměstnanci {1} pro období od {2} do {3},
Leave Settings,Nastavení volna,
Leave Status Notification,Oznámení o stavu volna,
Leave Status Notification Template,Šablona oznámení o stavu volna,
Leave this conversation,Opustit tuto konverzaci,
Leave Type,Typ volna,
Leave Type can either be compensatory or earned leave.,"Typ volna může být buď náhradní, nebo nárokové volno.",
Leave Type can either be without pay or partial pay,"Typ volna může být buď neplacený, nebo částečně placený",
Leave Type is mandatory,Typ volna je povinný,
Leave Type Name,Název typu volna,
Leave Type {0} cannot be allocated since it is leave without pay,"Typ volna {0} nelze přidělit, protože se jedná o neplacené volno",
Leave Type {0} cannot be carry-forwarded,Typ volna {0} nelze převést do dalšího období,
Leave Type {0} is not encashable,Typ volna {0} nelze proplatit,
Leave Without Pay,Neplacené volno,
Leave Without Pay does not match with approved {} records,Neplacené volno neodpovídá schváleným záznamům {},
Leave(s) Allocated,Přiděleno dnů volna,
Leave(s) Expired,Volno propadlo,
Leave(s) Pending Approval,Volno čeká na schválení,
Leave(s) Taken,Čerpáno dnů volna,
Leaves,Volno,
Leaves & Holidays,Volno a svátky,
Leaves After Adjustment,Volno po úpravě,
Leaves Allocated,Přiděleno volna,
Leaves Expired,Volno propadlo,
Leaves for the Leave Type {0} won't be carry-forwarded since carry-forwarding is disabled.,"Volno typu {0} nebude převedeno do dalšího období, protože převod je zakázán.",
Leaves Pending Approval,Volno čeká na schválení,
Leaves per Year,Volno za rok,
Leaves to Adjust,Volno k úpravě,
Leaves you can avail against a holiday you worked on. You can claim Compensatory Off Leave using Compensatory Leave Request. Click {0} to know more,"Volno, které můžete čerpat za svátek, ve kterém jste pracovali. Náhradní volno si můžete uplatnit pomocí žádosti o náhradní volno. Kliknutím na {0} zjistíte více",
Ledger,Kniha,
Ledger Health,Zdraví knihy,
Ledger Health Monitor,Monitor zdraví knihy,
Ledger Health Monitor Company,Firma monitoru zdraví knihy,
Ledger Merge,Sloučení knihy,
Ledger Merge Accounts,Sloučení účtů knihy,
Ledger Type,Typ knihy,
Ledgers,Knihy,
Ledgers Posted,Zaúčtované knihy,
Left,Vlevo,
Left Child,Levý potomek,
Left Index,Levý index,
Left this conversation,Opustil tuto konverzaci,
Legacy Fields,Zastaralá pole,
Legal,Právní,
Legal Expenses,Právní náklady,
Legend,Legenda,
Length,Délka,
Length (cm),Délka (cm),
Length of {0} should be between 1 and 1000,Délka {0} by měla být mezi 1 a 1000,
Less Than Amount,Méně než částka,
Let's avoid repeated words and characters,Vyhněte se opakujícím se slovům a znakům,
Let's set up your account,Nastavme si váš účet,
Letter Head,Hlavičkový papír,
Letter Head Based On,Hlavičkový papír založen na,
Letter Head cannot be both disabled and default,Hlavičkový papír nemůže být zároveň zakázaný a výchozí,
Letter Head Image,Obrázek hlavičkového papíru,
Letter Head Name,Název hlavičkového papíru,
Letter Head Scripts,Skripty hlavičkového papíru,
Level,Úroveň,
Level (BOM),Úroveň (kusovník),
"Level 0 is for document level permissions, higher levels for field level permissions.","Úroveň 0 je pro oprávnění na úrovni dokladu, vyšší úrovně pro oprávnění na úrovni pole.",
Liabilities,Cizí zdroje,
Liability,Závazek,
License,Licence,
License Details,Podrobnosti licence,
License Number,Číslo licence,
License Plate,SPZ,
License Type,Typ licence,
Lifecycle,Životní cyklus,
Light Color,Světlá barva,
Liked,Líbí se,
Likes,Líbí se mi,
Limit,Limit,
Limit Crossed,Limit překročen,
Limit must be a non-negative integer,Limit musí být nezáporné celé číslo,
Limit timeslot for Stock Reposting,Omezit časové okno pro přeúčtování zásob,
Limits don't apply on,Limity se nevztahují na,
Line Reference,Reference řádku,
Line references undefined in {0}: {1},Nedefinované reference řádků v {0}: {1},
Line spacing for amount in words,Řádkování pro částku slovy,
Link,Odkaz,
Link a new bank account,Propojit nový bankovní účet,
Link Cards,Propojit karty,
Link Count,Počet odkazů,
Link Details,Podrobnosti odkazu,
Link DocType,DocType odkazu,
Link Document Type,Typ dokladu odkazu,
Link Expired,Platnost odkazu vypršela,
Link Field Results Limit,Limit výsledků propojeného pole,
Link Fieldname,Název propojeného pole,
Link Filters,Filtry odkazu,
"Link for About Us Page is ""/about"".","Odkaz na stránku ""O nás"" je ""/about"".",
Link Label,Popisek odkazu,
Link Name,Název odkazu,
Link Options,Možnosti odkazu,
Link the cycle and tag KRA to your goal to update the appraisal's goal score based on the goal progress,"Propojte cyklus a označte KRA u svého cíle, aby se skóre cíle v hodnocení aktualizovalo na základě pokroku cíle",
Link Title,Název odkazu,
Link To,Odkaz na,
Link to Material Request,Odkaz na požadavek na materiál,
Link to Material Requests,Odkaz na požadavky na materiál,
Link Type,Typ odkazu,
Link URL,URL odkazu,
Link with Customer,Propojit s klientem,
Link with Supplier,Propojit s dodavatelem,
Linked Documents,Propojené doklady,
Linked Invoices,Propojené faktury,
Linked Location,Propojená lokalita,
Linked Project {} and Tasks deleted.,Propojený projekt {} a úkoly byly smazány.,
Linked with submitted documents,Propojeno s odeslanými doklady,
Linking Failed,Propojení se nezdařilo,
Linking to Customer Failed. Please try again.,Propojení s klientem se nezdařilo. Zkuste to prosím znovu.,
Linking to Supplier Failed. Please try again.,Propojení s dodavatelem se nezdařilo. Zkuste to prosím znovu.,
Links,Odkazy,
Liquidity Ratios,Ukazatele likvidity,
List / Search Settings,Nastavení seznamu / vyhledávání,
List Columns,Sloupce seznamu,
List Filter,Filtr seznamu,
List setting message,Zpráva nastavení seznamu,
List Settings,Nastavení seznamu,
List View Settings,Nastavení zobrazení seznamu,
Load All Criteria,Načíst všechna kritéria,
Load more,Načíst další,
Loading,Načítání,
Loading error stats...,Načítání statistik chyb...,
Loading import file...,Načítání importovaného souboru...,
Loading Invoices! Please Wait...,Načítání faktur! Čekejte prosím...,
Loading...,Načítání...,
Loan,Půjčka,
Loan Account,Účet půjčky,
Loan cannot be repayed from salary for Employee {0} because salary is processed in currency {1},"Půjčku nelze splácet ze mzdy zaměstnance {0}, protože mzda je zpracována v měně {1}",
Loan End Date,Datum konce půjčky,
Loan Period (Days),Doba trvání půjčky (dny),
Loan Product,Produkt půjčky,
Loan Repayment,Splátka půjčky,
Loan Repayment Entry,Zápis splátky půjčky,
Loan Start Date,Datum počátku půjčky,
Loan Start Date and Loan Period are mandatory to save the Invoice Discounting,Datum počátku a doba trvání půjčky jsou povinné pro uložení diskontování faktur,
Loans (Liabilities),Půjčky (závazky),
Loans and Advances (Assets),Půjčky a zálohy (aktiva),
Local,Místní,
Locating...,Vyhledávání polohy...,
Location,Lokalita,
Location / Device ID,Lokalita / ID zařízení,
Location Details,Podrobnosti lokality,
Location Name,Název lokality,
Locked,Uzamčeno,
Lodging Required,Vyžadováno ubytování,
Log,Log,
Log API Requests,Logovat API požadavky,
Log Data,Data logu,
Log DocType,DocType logu,
Log Entries,Záznamy logu,
Log in to access this page.,Pro přístup na tuto stránku se přihlaste.,
Log Index,Index logu,
Log Out,Odhlásit se,
Log out,Odhlásit se,
Log Setting User,Uživatel nastavení logu,
Log Settings,Nastavení logu,
Log Type,Typ logu,
Log Type is required for check-ins falling in the shift: {0}.,Typ logu je vyžadován pro příchody/odchody spadající do směny: {0}.,
Log Type: {0},Typ logu: {0},
Logged Out,Odhlášen,
Logical condition must have exactly one operator,Logická podmínka musí mít přesně jeden operátor,
Logical conditions need at least 1 sub-condition,Logické podmínky vyžadují alespoň 1 dílčí podmínku,
Logical operators must be 'and' or 'or',Logické operátory musí být 'and' nebo 'or',
Login,Přihlášení,
Login Activity,Aktivita přihlášení,
Login After,Přihlášení po,
Login Before,Přihlášení před,
Login Failed,Přihlášení se nezdařilo,
Login Id is required,Přihlašovací ID je vyžadováno,
Login Methods,Metody přihlášení,
Login not allowed at this time,Přihlášení v tuto dobu není povoleno,
Login or a request key is required to see web form list view. Enable {0} to see list settings,Pro zobrazení seznamu webového formuláře je vyžadováno přihlášení nebo klíč požadavku. Povolte {0} pro zobrazení nastavení seznamu,
Login Page,Přihlašovací stránka,
Login Required,Vyžadováno přihlášení,
Login required,Vyžadováno přihlášení,
"Login session expired, refresh page to retry","Platnost přihlašovací relace vypršela, obnovte stránku a zkuste to znovu",
Login to Frappe HR,Přihlásit se do Frappe HR,
Login to view,Pro zobrazení se přihlaste,
Login To {0},Přihlásit se do {0},
Login Verification Code from {},Ověřovací kód přihlášení od {},
Login with email link,Přihlásit se pomocí e-mailového odkazu,
Login with email link expiry (in minutes),Platnost přihlašovacího e-mailového odkazu (v minutách),
Login with username and password is not allowed.,Přihlášení pomocí uživatelského jména a hesla není povoleno.,
Logo,Logo,
Logo URI,URI loga,
Logo URL,URL loga,
Logout All Sessions,Odhlásit všechny relace,
Logout All Sessions on Password Reset,Odhlásit všechny relace při obnovení hesla,
Logout From All Devices After Changing Password,Odhlásit ze všech zařízení po změně hesla,
Logs,Logy,
Logs to Clear,Logy k vymazání,
Long-term Provisions,Dlouhodobé rezervy,
Longitude,Zeměpisná délka,
Longitude: {0}°,Zeměpisná délka: {0}°,
Lost,Ztraceno,
Lost Opportunity,Ztracená obchodní příležitost,
Lost Quotation,Ztracená nabídka,
Lost Quotations,Ztracené nabídky,
Lost Quotations %,Ztracené nabídky %,
Lost Reason,Důvod ztráty,
Lost Reason Detail,Detail důvodu ztráty,
Lost Reasons,Důvody ztráty,
Lost Reasons are required in case opportunity is Lost.,"Pokud je obchodní příležitost ztracena, jsou vyžadovány důvody ztráty.",
Lost Value,Ztracená hodnota,
Lost Value %,Ztracená hodnota %,
Low,Nízká,
Lower Deduction Certificate,Certifikát o nižší srážce,
Lower Income,Nižší příjem,
Lower Range,Dolní rozsah,
Loyalty Amount,Věrnostní částka,
Loyalty Point Entry,Zápis věrnostních bodů,
Loyalty Point Entry Redemption,Uplatnění zápisu věrnostních bodů,
Loyalty Points,Věrnostní body,
Loyalty Points Redemption,Uplatnění věrnostních bodů,
"Loyalty Points will be calculated from the spent done (via the Sales Invoice), based on collection factor mentioned.",Věrnostní body budou vypočítány z uskutečněné útraty (prostřednictvím vydané faktury) na základě uvedeného sběrného faktoru.,
Loyalty Program,Věrnostní program,
Loyalty Program Collection,Sběr věrnostního programu,
Loyalty Program Help,Nápověda k věrnostnímu programu,
Loyalty Program Name,Název věrnostního programu,
Loyalty Program Tier,Úroveň věrnostního programu,
Loyalty Program Type,Typ věrnostního programu,
LWP Days Reversed ({0}) does not match actual Payroll Corrections total ({1}) for employee {2} from {3} to {4},Počet stornovaných dnů neplaceného volna ({0}) neodpovídá skutečnému součtu mzdových oprav ({1}) pro zaměstnance {2} od {3} do {4},
Machine,Stroj,
Madam,Paní,
Main,Hlavní,
Main Cost Center,Hlavní nákladové středisko,
Main Cost Center {0} cannot be entered in the child table,Hlavní nákladové středisko {0} nelze zadat do podřízené tabulky,
Main Item Code,Hlavní kód položky,
Main Section,Hlavní sekce,
Main Section (HTML),Hlavní sekce (HTML),
Main Section (Markdown),Hlavní sekce (Markdown),
Maintain Asset,Spravovat majetek,
Maintain same rate throughout internal Transaction,Zachovat stejnou cenu v celé interní transakci,
Maintain same rate throughout sales cycle,Zachovat stejnou cenu v celém prodejním cyklu,
Maintain same rate throughout the purchase  cycle,Zachovat stejnou cenu v celém nákupním cyklu,
Maintain Stock,Vést skladovou evidenci,
Maintenance,Údržba,
Maintenance Date,Datum údržby,
Maintenance Details,Podrobnosti údržby,
Maintenance Log,Log údržby,
Maintenance Manager,Manažer údržby,
Maintenance Manager Name,Jméno manažera údržby,
Maintenance Required,Vyžadována údržba,
Maintenance Role,Role údržby,
Maintenance Schedule,Plán údržby,
Maintenance Schedule Detail,Detail plánu údržby,
Maintenance Schedule is not generated for all the items. Please click on 'Generate Schedule',"Plán údržby nebyl vygenerován pro všechny položky. Klikněte prosím na ""Vygenerovat plán""",
Maintenance Schedule Item,Položka plánu údržby,
Maintenance Schedule {0} exists against {1},Plán údržby {0} existuje pro {1},
Maintenance Schedules,Plány údržby,
Maintenance start date can not be before delivery date for Serial No {0},Datum zahájení údržby nemůže být před datem dodání sériového čísla {0},
Maintenance Status,Stav údržby,
Maintenance Status has to be Cancelled or Completed to Submit,Pro odeslání musí být stav údržby Stornováno nebo Dokončeno,
Maintenance Task,Úkol údržby,
Maintenance Tasks,Úkoly údržby,
Maintenance Team,Tým údržby,
Maintenance Team Member,Člen týmu údržby,
Maintenance Team Members,Členové týmu údržby,
Maintenance Team Name,Název týmu údržby,
Maintenance Time,Čas údržby,
Maintenance Type,Typ údržby,
Maintenance Visit,Servisní návštěva,
Maintenance Visit Purpose,Účel servisní návštěvy,
Major,Hlavní,
Major/Optional Subjects,Hlavní/volitelné předměty,
Make,Vytvořit,
"Make ""name"" searchable in Global Search","Umožnit vyhledávání ""name"" v globálním vyhledávání",
Make Asset Movement,Vytvořit pohyb majetku,
Make Attachment Public (by default),Zveřejnit přílohu (výchozí),
Make Attachments Public by Default,Zveřejňovat přílohy jako výchozí,
Make Bank Entry,Vytvořit bankovní zápis,
Make Depreciation Entry,Vytvořit odpisový zápis,
Make Difference Entry,Vytvořit rozdílový zápis,
Make Payment,Vytvořit platbu,
Make Payment via Journal Entry,Vytvořit platbu pomocí účetního zápisu,
Make project from a template.,Vytvořit projekt ze šablony.,
Make Purchase / Work Order,Vytvořit nákupní / výrobní příkaz,
Make Return Entry,Vytvořit vratkový zápis,
Make Sales Invoice,Vytvořit vydanou fakturu,
Make Serial No / Batch from Work Order,Vytvořit sériové číslo / šarži z výrobního příkazu,
Make Stock Entry,Vytvořit skladový pohyb,
Make Subcontracting PO,Vytvořit nákupní objednávku subdodávky,
Make Transfer Entry,Vytvořit převodní zápis,
Make use of longer keyboard patterns,Používejte delší klávesové vzory,
Make {0},Vytvořit {0},
Make {0} Variant,Vytvořit variantu {0},
Make {0} Variants,Vytvořit varianty {0},
Makes the page public,Zveřejní stránku,
Making Journal Entries against advance accounts: {0} is not recommended. These Journals won't be available for Reconciliation.,Vytváření účetních zápisů k zálohovým účtům: {0} se nedoporučuje. Tyto účetní zápisy nebudou k dispozici pro odsouhlasení.,
Male,Muž,
Malformed Address Header,Poškozená hlavička adresy,
Manage,Spravovat,
Manage your orders,Spravujte své objednávky,
Management,Management,
Mandatory,Povinné,
Mandatory Accounting Dimension,Povinný účetní rozměr,
Mandatory Benefit Application,Povinná žádost o benefit,
Mandatory Depends On,Povinné závisí na,
Mandatory Depends On (Backend),Povinné závisí na (backend),
Mandatory Depends On (JS),Povinné závisí na (JS),
Mandatory Field,Povinné pole,
Mandatory field: set role for,Povinné pole: nastavte roli pro,
Mandatory field: {0},Povinné pole: {0},
Mandatory fields required in {0},V {0} jsou vyžadována povinná pole,
Mandatory For Balance Sheet,Povinné pro rozvahu,
Mandatory For Profit and Loss Account,Povinné pro výkaz zisku a ztráty,
Mandatory Information missing:,Chybí povinné informace:,
Mandatory Missing,Chybí povinné údaje,
Mandatory Purchase Order,Povinná nákupní objednávka,
Mandatory Purchase Receipt,Povinná příjemka,
Mandatory Section,Povinná sekce,
Mandatory:,Povinné:,
Manual entry cannot be created! Disable automatic entry for deferred accounting in accounts settings and try again,Ruční zápis nelze vytvořit! V nastavení účtů zakažte automatický zápis pro časové rozlišení a zkuste to znovu,
Manual Inspection,Ruční kontrola,
Manufacture,Vyrobit,
Manufactured Items Value,Hodnota vyrobených položek,
Manufactured Qty,Vyrobené množství,
Manufactured Qty (including Process Loss),Vyrobené množství (včetně ztráty procesu),
Manufacturer,Výrobce,
Manufacturer Part Number,Katalogové číslo výrobce,
Manufacturing,Výroba,
Manufacturing BOM,Výrobní kusovník,
Manufacturing Date,Datum výroby,
Manufacturing Quantity is mandatory,Vyráběné množství je povinné,
Manufacturing Section,Sekce výroby,
Manufacturing Settings,Nastavení výroby,
Manufacturing Time,Doba výroby,
Manufacturing Type,Typ výroby,
Mapping column {0} to field {1},Mapování sloupce {0} na pole {1},
Mapping Subcontracting Inward Order ...,Mapování objednávky příchozí subdodávky...,
Mapping Subcontracting Order ...,Mapování objednávky subdodávky...,
Maps To,Mapuje na,
Mar,Bře,
Margin,Marže,
Margin Bottom,Okraj dole,
Margin Left,Okraj vlevo,
Margin Money,Marže (částka),
Margin Rate or Amount,Sazba nebo částka marže,
Margin Right,Okraj vpravo,
Margin Top,Okraj nahoře,
Margin Type,Typ marže,
Margin View,Zobrazení okrajů,
MariaDB Variables,Proměnné MariaDB,
Marital Status,Rodinný stav,
Mark all as read,Označit vše jako přečtené,
Mark as Completed,Označit jako dokončeno,
Mark as In Progress,Označit jako probíhá,
Mark as Read,Označit jako přečtené,
Mark as Spam,Označit jako spam,
Mark as Unread,Označit jako nepřečtené,
Mark as {0},Označit jako {0},
Mark Attendance,Zaznamenat docházku,
Mark attendance as {0} for {1} on selected dates?,Zaznamenat docházku jako {0} pro {1} ve vybraných datech?,
Mark attendance for existing check-in/out logs before changing shift settings,Před změnou nastavení směny zaznamenejte docházku pro existující záznamy příchodů/odchodů,
Mark Auto Attendance on Holidays,Automaticky zaznamenávat docházku o svátcích,
Mark {0} as Completed?,Označit {0} jako dokončeno?,
Mark {0} {1} as {2}?,Označit {0} {1} jako {2}?,
Markdown,Markdown,
Marked Attendance,Zaznamenaná docházka,
Marked Attendance HTML,Zaznamenaná docházka HTML,
Market Segment,Tržní segment,
Marketing,Marketing,
Marketing Expenses,Marketingové náklady,
Marking Attendance,Zaznamenávání docházky,
Mask,Maska,
Master,Kmenová data,
Master Production Schedule,Hlavní výrobní plán,
Master Production Schedule Item,Položka hlavního výrobního plánu,
Masters,Kmenová data,
Match transfers within 'N' days,Spárovat převody do 'N' dnů,
Matched Transaction Rule,Pravidlo spárované transakce,
Material,Materiál,
Material Consumption,Spotřeba materiálu,
Material Consumption for Manufacture,Spotřeba materiálu pro výrobu,
Material Consumption is not set in Manufacturing Settings.,Spotřeba materiálu není nastavena v nastavení výroby.,
Material from Customer,Materiál od klienta,
Material Issue,Výdej materiálu,
Material Planning,Plánování materiálu,
Material Receipt,Příjem materiálu,
Material Request,Požadavek na materiál,
Material Request already created for the ordered quantity,Požadavek na materiál pro objednané množství již byl vytvořen,
Material Request Date,Datum požadavku na materiál,
Material Request Detail,Detail požadavku na materiál,
Material Request Item,Položka požadavku na materiál,
Material Request No,Číslo požadavku na materiál,
"Material Request not created, as quantity for Raw Materials already available.","Požadavek na materiál nebyl vytvořen, protože množství surovin je již k dispozici.",
Material Request of maximum {0} can be made for Item {1} against Sales Order {2},Pro položku {1} lze k prodejní objednávce {2} vytvořit požadavek na materiál maximálně na {0},
Material Request Plan Item,Položka plánu požadavku na materiál,
Material Request Type,Typ požadavku na materiál,
Material Request {0} is cancelled or stopped,Požadavek na materiál {0} je stornován nebo zastaven,
Material Request {0} submitted.,Požadavek na materiál {0} byl odeslán.,
Material Requests,Požadavky na materiál,
Material Requests for which Supplier Quotations are not created,"Požadavky na materiál, pro které nebyly vytvořeny nabídky dodavatele",
Material Requests Required,Vyžadovány požadavky na materiál,
Material Requirements Planning,Plánování požadavků na materiál,
Material Requirements Planning Report,Report plánování požadavků na materiál,
Material Returned from WIP,Materiál vrácen z nedokončené výroby,
Material to Supplier,Materiál dodavateli,
Material Transfer,Převod materiálu,
Material Transfer (In Transit),Převod materiálu (na cestě),
Material Transfer for Manufacture,Převod materiálu pro výrobu,
Material Transferred for Manufacturing,Materiál převeden pro výrobu,
Materials are already received against the {0} {1},Materiály k {0} {1} již byly přijaty,
Materials needs to be transferred to the work in progress warehouse for the job card {0},Pro výrobní kartu {0} je nutné převést materiály do skladu nedokončené výroby,
Materials To Be Transferred,Materiály k převodu,
Max Amount,Max. částka,
Max Amount Eligible For Claim,Max. částka způsobilá k nároku,
Max Amt,Max. částka,
Max attachment size,Max. velikost přílohy,
Max Attachments,Max. počet příloh,
Max auto email report per user,Max. počet automatických e-mailových reportů na uživatele,
Max Benefit Amount,Max. částka benefitu,
Max Benefit Amount (Yearly),Max. částka benefitu (ročně),
Max Benefits (Amount),Max. benefity (částka),
Max Benefits (Yearly),Max. benefity (ročně),
Max Discount (%),Max. sleva (%),
Max discount allowed for item: {0} is {1}%,Maximální povolená sleva pro položku {0} je {1}%,
Max Exemption Amount,Max. výše osvobození,
Max Exemption Amount cannot be greater than maximum exemption amount {0} of Tax Exemption Category {1},Max. výše osvobození nemůže být vyšší než maximální výše osvobození {0} kategorie daňového osvobození {1},
Max File Size (MB),Max. velikost souboru (MB),
Max Grade,Max. stupeň,
Max Height,Max. výška,
Max Length,Max. délka,
Max Producible Qty,Max. vyrobitelné množství,
Max Qty,Max. množství,
Max Qty (As Per Stock UOM),Max. množství (dle skladové měrné jednotky),
Max Report Rows,Max. počet řádků reportu,
Max Sample Quantity,Max. množství vzorku,
Max Score,Max. skóre,
Max signups allowed per hour,Max. počet registrací povolený za hodinu,
Max Taxable Income,Max. zdanitelný příjem,
Max Value,Max. hodnota,
Max width for type Currency is 100px in row {0},Max. šířka pro typ Currency je 100px na řádku {0},
Max working hours against Timesheet,Max. pracovní doba na výkaz práce,
Max Zip Extract Size (MB),Max. velikost rozbaleného ZIP (MB),
Max: {0},Max.: {0},
Maximum Attachment Limit of {0} has been reached for {1} {2}.,Byl dosažen maximální limit příloh {0} pro {1} {2}.,
Maximum Benefit Amount,Maximální částka benefitu,
Maximum Carry Forwarded Leaves,Maximální počet dnů volna převedených do dalšího období,
Maximum Consecutive Leaves Allowed,Maximální počet povolených po sobě jdoucích dnů volna,
Maximum Consecutive Leaves Exceeded,Maximální počet po sobě jdoucích dnů volna byl překročen,
Maximum discount for Item {0} is {1}%,Maximální sleva pro položku {0} je {1}%,
Maximum Encashable Leaves,Maximální počet proplatitelných dnů volna,
Maximum encashable leaves for {0} are {1},Maximální počet proplatitelných dnů volna pro {0} je {1},
Maximum Exempted Amount,Maximální osvobozená částka,
Maximum Exemption Amount,Maximální výše osvobození,
Maximum Invoice Amount,Maximální částka faktury,
Maximum Leave Allocation Allowed per Leave Period,Maximální povolené přidělení volna za období volna,
Maximum leave allowed in the leave type {0} is {1},Maximální povolené volno u typu volna {0} je {1},
Maximum Net Rate,Maximální čistá sazba,
Maximum Overtime Hours Allowed,Maximální povolené hodiny přesčasu,
Maximum Overtime Hours Allowed Per Day,Maximální povolené hodiny přesčasu za den,
Maximum Payment Amount,Maximální částka platby,
Maximum Producible Items,Maximální počet vyrobitelných položek,
Maximum Samples - {0} can be retained for Batch {1} and Item {2}.,Lze ponechat maximálně {0} vzorků pro šarži {1} a položku {2}.,
Maximum Samples - {0} have already been retained for Batch {1} and Item {2} in Batch {3}.,Maximálně {0} vzorků již bylo ponecháno pro šarži {1} a položku {2} v šarži {3}.,
Maximum Use,Maximální použití,
Maximum Value,Maximální hodnota,
Maximum {0} rows allowed,Povoleno maximálně {0} řádků,
May,Květen,
Meal Preference,Preference jídla,
Meaning of Different Permission Types,Význam různých typů oprávnění,
Medical,Zdravotní,
Medium,Střední,
Meeting,Schůzka,
Meets Condition?,Splňuje podmínku?,
Memory Usage,Využití paměti,
Memory Usage in MB,Využití paměti v MB,
Mention Valuation Rate in the Item master.,Uveďte oceňovací sazbu ve skladové kartě položky.,
Mentions,Zmínky,
Menu,Nabídka,
Merge,Sloučit,
Merge Account,Sloučit účet,
Merge Invoices Based On,Sloučit faktury na základě,
Merge Progress,Průběh slučování,
Merge similar Account Heads,Sloučit podobné účty,
Merge with existing,Sloučit s existujícím,
Merge with Existing Account,Sloučit s existujícím účtem,
Merged,Sloučeno,
merged {0} into {1},sloučeno {0} do {1},
Merging is only possible between Group-to-Group or Leaf Node-to-Leaf Node,Slučování je možné pouze mezi skupinou a skupinou nebo koncovým uzlem a koncovým uzlem,
Merging {0} of {1},Slučování {0} z {1},
Message,Zpráva,
Message Examples,Příklady zpráv,
Message for Supplier,Zpráva pro dodavatele,
Message from server: {0},Zpráva ze serveru: {0},
Message ID,ID zprávy,
Message not setup,Zpráva není nastavena,
Message Parameter,Parametr zprávy,
Message Sent,Zpráva odeslána,
Message to show,Zpráva k zobrazení,
Message Type,Typ zprávy,
Message-id,ID zprávy,
Messages,Zprávy,
Messaging CRM Campaign,CRM kampaň zasílání zpráv,
Meta Description,Meta popis,
Meta description,Meta popis,
Meta Image,Meta obrázek,
Meta image,Meta obrázek,
Meta Tags,Meta tagy,
Meta Title,Meta titulek,
Meta title,Meta titulek,
Meta title for SEO,Meta titulek pro SEO,
Metadata,Metadata,
Method,Metoda,
Method '{0}' must be whitelisted and permit GET requests,Metoda '{0}' musí být na seznamu povolených a musí umožňovat požadavky GET,
Method is required to create a number card,Pro vytvoření číselné karty je vyžadována metoda,
Method Not Allowed,Metoda není povolena,
Method {0} is not allowed to be run on a Job Card.,Metodu {0} není povoleno spustit na výrobní kartě.,
Method {0} must permit GET requests,Metoda {0} musí umožňovat požadavky GET,
Middle Income,Střední příjem,
Middle Name,Prostřední jméno,
Middle Name (Optional),Prostřední jméno (volitelné),
Milestone,Milník,
Milestone Tracker,Sledování milníků,
Min Amount,Min. částka,
Min amount cannot be greater than max amount.,Min. částka nemůže být větší než max. částka.,
Min Amt,Min. částka,
Min Amt can not be greater than Max Amt,Min. částka nemůže být větší než max. částka,
Min Grade,Min. stupeň,
Min Order Qty,Min. objednací množství,
Min Qty,Min. množství,
Min Qty (As Per Stock UOM),Min. množství (dle skladové měrné jednotky),
Min Qty can not be greater than Max Qty,Min. množství nemůže být větší než max. množství,
Min Qty should be greater than Recurse Over Qty,Min. množství by mělo být větší než množství pro rekurzi,
Min Taxable Income,Min. zdanitelný příjem,
"Min Value: {0}, Max Value: {1}, in Increments of: {2}","Min. hodnota: {0}, max. hodnota: {1}, v krocích po: {2}",
Minimum Invoice Amount,Minimální částka faktury,
Minimum Lead Age (Days),Minimální stáří potenciálního zákazníka (dny),
Minimum Net Rate,Minimální čistá sazba,
Minimum Order Qty,Minimální objednací množství,
Minimum Order Quantity,Minimální objednací množství,
Minimum Password Score,Minimální skóre hesla,
Minimum Payment Amount,Minimální částka platby,
Minimum Qty,Minimální množství,
Minimum Total Spent,Minimální celková útrata,
Minimum Value,Minimální hodnota,
Minimum Year for Gratuity,Minimální počet let pro odchodné,
Minor,Vedlejší,
Minute,Minuta,
Minutes,Minuty,
Minutes Offset,Odchylka v minutách,
Miscellaneous,Různé,
Miscellaneous Expenses,Různé náklady,
Misconfigured,Nesprávně nakonfigurováno,
Mismatch,Neshoda,
Miss,Slečna,
Missing,Chybí,
Missing Account,Chybějící účet,
Missing Accounting Dimension,Chybějící účetní rozměr,
Missing Advance Account,Chybějící zálohový účet,
Missing Asset,Chybějící majetek,
Missing Company,Chybějící firma,
Missing Cost Center,Chybějící nákladové středisko,
Missing Default in Company,Chybějící výchozí hodnota ve firmě,
Missing Dependency,Chybějící závislost,
Missing DocType,Chybějící DocType,
Missing email template for dispatch. Please set one in Delivery Settings.,Chybí e-mailová šablona pro odeslání. Nastavte ji prosím v nastavení dodání.,
Missing Field,Chybějící pole,
Missing Fields,Chybějící pole,
Missing Filters,Chybějící filtry,
Missing Filters Required,Vyžadovány chybějící filtry,
Missing Finance Book,Chybějící finanční kniha,
Missing Finished Good,Chybějící hotový výrobek,
Missing Formula,Chybějící vzorec,
Missing Item,Chybějící položka,
Missing Mandatory Field,Chybějící povinné pole,
Missing Opening Entries,Chybějící počáteční zápisy,
Missing Parameter,Chybějící parametr,
Missing Payments App,Chybějící aplikace Payments,
Missing Permission,Chybějící oprávnění,
Missing Relieving Date,Chybějící datum ukončení,
Missing Required Filter,Chybějící povinný filtr,
Missing required filter: {0},Chybějící povinný filtr: {0},
Missing Salary Components,Chybějící mzdové složky,
Missing Serial No Bundle,Chybějící balíček sériových čísel,
Missing Tax Slab,Chybějící daňové pásmo,
Missing value,Chybějící hodnota,
Missing value for filters,Chybějící hodnota pro filtry,
Missing Values Required,Vyžadovány chybějící hodnoty,
Missing Warehouse,Chybějící sklad,
Mixed Conditions,Smíšené podmínky,
Mobile,Mobil,
Mobile No,Mobilní telefon,
Mobile Number,Číslo mobilu,
Modal Trigger,Spouštěč modálního okna,
Mode Of Payment,Způsob platby,
Mode of Payment,Způsob platby,
Mode of Payment Account,Účet způsobu platby,
Mode of payment is required to make a payment,Pro provedení platby je vyžadován způsob platby,
Mode of Travel,Způsob cestování,
Model,Model,
Modes of Payment,Způsoby platby,
Modified By,Upravil,
Module,Modul,
Module (for Export),Modul (pro export),
Module (for export),Modul (pro export),
"Module changed to {0}. Files in the previous module were not moved and remain at {1}, remove or relocate them manually.","Modul byl změněn na {0}. Soubory v předchozím modulu nebyly přesunuty a zůstávají v {1}, odstraňte je nebo přesuňte ručně.",
Module Def,Definice modulu,
Module HTML,Modul HTML,
Module Name,Název modulu,
Module Onboarding,Zaškolení k modulu,
Module onboarding progress reset,Průběh zaškolení k modulu byl resetován,
Module Profile,Profil modulu,
Module Profile Name,Název profilu modulu,
Module to Export,Modul k exportu,
Module {} not found,Modul {} nenalezen,
Modules HTML,Moduly HTML,
Monday,Pondělí,
Monitor for Last 'X' days,Sledovat posledních 'X' dní,
Monitoring Frequency,Frekvence sledování,
Month,Měsíc,
Month To Date,Od začátku měsíce,
Month To Date(Company Currency),Od začátku měsíce (měna firmy),
Monthly,Měsíčně,
Monthly Attendance Sheet,Měsíční přehled docházky,
Monthly Completed Work Orders,Měsíčně dokončené výrobní příkazy,
Monthly Distribution,Měsíční rozložení,
Monthly Distribution Percentage,Procento měsíčního rozložení,
Monthly Distribution Percentages,Procenta měsíčního rozložení,
Monthly Quality Inspections,Měsíční kontroly kvality,
Monthly Sales Target,Měsíční prodejní cíl,
Monthly Total Work Orders,Celkem výrobních příkazů za měsíc,
More,Více,
More Info,Více informací,
More Information,Více informací,
More than one selection for {0} not allowed,Pro {0} není povolen výběr více než jedné možnosti,
Most probably your password is too long.,Vaše heslo je pravděpodobně příliš dlouhé.,
Move,Přesunout,
Move Item,Přesunout položku,
Move Stock,Přesunout zásoby,
Move To Trash,Přesunout do koše,
Movement,Pohyb,
Moving up in tree ...,Posun nahoru ve stromu...,
MPS,MPS,
MPS Generated,MPS vygenerováno,
Mr,Pan,
MRP Log documents are being created in the background.,Dokumenty logu MRP se vytvářejí na pozadí.,
Mrs,Paní,
Ms,Pí,
MT940 file detected. Please enable 'Import MT940 Format' to proceed.,"Byl detekován soubor MT940. Pro pokračování povolte ""Import formátu MT940"".",
Multi Currency,Více měn,
Multi-level BOM Creator,Tvůrce vícestupňového kusovníku,
Multiple Additional Salaries with overwrite property exist for Salary Component {0} between {1} and {2}.,Pro mzdovou složku {0} existuje mezi {1} a {2} více doplňkových mezd s vlastností přepsání.,
Multiple company fields available: {0}. Please select manually.,K dispozici je více polí firmy: {0}. Vyberte prosím ručně.,
Multiple fiscal years exist for the date {0}. Please set company in Fiscal Year,Pro datum {0} existuje více fiskálních roků. Nastavte prosím firmu ve fiskálním roce,
Multiple items cannot be marked as finished item,Více položek nelze označit jako hotový výrobek,
Multiple Loyalty Programs found for Customer {}. Please select manually.,Pro klienta {} bylo nalezeno více věrnostních programů. Vyberte prosím ručně.,
Multiple POS Opening Entry,Více zahajovacích zápisů POS,
"Multiple Price Rules exists with same criteria, please resolve conflict by assigning priority. Price Rules: {0}","Se stejnými kritérii existuje více cenových pravidel, vyřešte prosím konflikt přiřazením priority. Cenová pravidla: {0}",
Multiple Shift Assignments,Více přiřazení směn,
Multiple Variants,Více variant,
must be between 0 and 100,musí být mezi 0 a 100,
Must be Whole Number,Musí být celé číslo,
Must have report permission to access this report.,Pro přístup k tomuto reportu musíte mít oprávnění k reportu.,
Must specify a Query to run,Je nutné zadat dotaz ke spuštění,
Mute Email,Ztlumit e-mail,
Mute Sounds,Ztlumit zvuky,
My Account,Můj účet,
My Advances,Moje zálohy,
My Claims,Moje vyúčtování,
My Filter,Můj filtr,
My Leaves,Moje volno,
My Requests,Moje požadavky,
My Workspaces,Moje pracovní plochy,
Name,Název,
Name (Doc Name),Název (název dokladu),
"Name already taken, please set a new name","Název je již obsazen, nastavte prosím nový název",
Name and Employee ID,Jméno a ID zaměstnance,
Name cannot contain special characters like {0},Název nesmí obsahovat speciální znaky jako {0},
Name error,Chyba názvu,
Name of Beneficiary,Jméno příjemce,
Name of new Account. Note: Please don't create accounts for Customers and Suppliers,Název nového účtu. Poznámka: Nevytvářejte prosím účty pro klienty a dodavatele,
Name of Organizer,Jméno organizátora,
Name of the Document Type (DocType) you want this field to be linked to. e.g. Customer,"Název DocTypu, ke kterému má být toto pole propojeno, např. Klient",
Name of the new Print Format,Název nového tiskového formátu,
Name of {0} cannot be {1},Název {0} nemůže být {1},
Named Place,Pojmenované místo,
Names and surnames by themselves are easy to guess.,Samotná jména a příjmení lze snadno uhodnout.,
Naming,Pojmenování,
Naming Rule,Pravidlo pojmenování,
Naming Series,Číselná řada,
Naming series '{0}' for DocType '{1}' does not contain standard '.' or '{{' separator. Using fallback extraction.,Číselná řada '{0}' pro DocType '{1}' neobsahuje standardní oddělovač '.' nebo '{{'. Používá se záložní extrakce.,
Naming Series is mandatory,Číselná řada je povinná,
Naming Series mandatory,Číselná řada je povinná,
Naming Series options,Možnosti číselné řady,
Naming Series Prefix,Prefix číselné řady,
Navbar,Navigační lišta,
Navbar Item,Položka navigační lišty,
Navbar Settings,Nastavení navigační lišty,
Navbar Template,Šablona navigační lišty,
Navbar Template Values,Hodnoty šablony navigační lišty,
Navigation Buttons,Navigační tlačítka,
Navigation Settings,Nastavení navigace,
Need Workspace Manager role to edit private workspace of other users.,Pro úpravu soukromé pracovní plochy jiných uživatelů je nutná role Workspace Manager.,
Need Workspace Manager role to edit public workspaces.,Pro úpravu veřejných pracovních ploch je nutná role Workspace Manager.,
Needs Analysis,Analýza potřeb,
Negative Batch Report,Report záporných šarží,
Negative Quantity is not allowed,Záporné množství není povoleno,
Negative Stock,Záporná zásoba,
Negative Stock Error,Chyba záporné zásoby,
Negative Valuation Rate is not allowed,Záporná oceňovací sazba není povolena,
Negative Value,Záporná hodnota,
Negotiation/Review,Vyjednávání/kontrola,
Nested filters must be provided as a list or tuple.,Vnořené filtry musí být zadány jako seznam nebo tuple.,
Nested set error. Please contact the Administrator.,Chyba vnořené množiny. Kontaktujte prosím administrátora.,
Net Amount,Čistá částka,
Net Amount (Company Currency),Čistá částka (měna firmy),
Net Asset value as on,Čistá hodnota majetku k,
Net Cash from Financing,Čistý peněžní tok z financování,
Net Cash from Investing,Čistý peněžní tok z investic,
Net Cash from Operations,Čistý peněžní tok z provozu,
Net Change in Accounts Payable,Čistá změna závazků,
Net Change in Accounts Receivable,Čistá změna pohledávek,
Net Change in Cash,Čistá změna hotovosti,
Net Change in Equity,Čistá změna vlastního kapitálu,
Net Change in Fixed Asset,Čistá změna dlouhodobého majetku,
Net Change in Inventory,Čistá změna zásob,
Net Hour Rate,Čistá hodinová sazba,
Net Pay,Čistá mzda,
Net Pay (Company Currency),Čistá mzda (měna firmy),
Net Pay cannot be less than 0,Čistá mzda nemůže být nižší než 0,
Net pay cannot be negative,Čistá mzda nemůže být záporná,
Net Pay Info,Informace o čisté mzdě,
Net Profit,Čistý zisk,
Net Profit Ratio,Poměr čistého zisku,
Net Profit/Loss,Čistý zisk/ztráta,
Net Purchase Amount,Čistá nákupní částka,
Net Purchase Amount is mandatory,Čistá nákupní částka je povinná,
Net Purchase Amount should be <b>equal</b> to purchase amount of one single Asset.,Čistá nákupní částka by měla být <b>rovna</b> nákupní částce jednoho konkrétního majetku.,
Net Purchase Amount {0} cannot be depreciated over {1} cycles.,Čistou nákupní částku {0} nelze odepisovat po dobu {1} cyklů.,
Net Rate,Čistá sazba,
Net Rate (Company Currency),Čistá sazba (měna firmy),
Net Salary Amount,Čistá mzda,
Net Total,Čistá částka,
Net Total (Company Currency),Čistá částka celkem (měna firmy),
Net total calculation precision loss,Ztráta přesnosti při výpočtu čisté částky celkem,
Net Weight,Čistá hmotnost,
Net Weight UOM,Měrná jednotka čisté hmotnosti,
Network Printer Settings,Nastavení síťové tiskárny,
New,Nový,
New Account Name,Název nového účtu,
New Asset Value,Nová hodnota majetku,
New Assets (This Year),Nový majetek (tento rok),
New Balance In Account Currency,Nový zůstatek v měně účtu,
New Balance In Base Currency,Nový zůstatek v základní měně,
New Batch ID (Optional),ID nové šarže (volitelné),
New Batch Qty,Množství nové šarže,
New BOM,Nový kusovník,
New Company,Nová firma,
New Cost Center Name,Název nového nákladového střediska,
New Custom Print Format,Nový vlastní tiskový formát,
New Customer Revenue,Tržby od nových klientů,
New Customers,Noví klienti,
New Department,Nové oddělení,
New Document Form,Formulář nového dokumentu,
New Document Shared {0},Nový dokument sdílen {0},
New Employee,Nový zaměstnanec,
New Employee ID,ID nového zaměstnance,
New Exchange Rate,Nový směnný kurz,
New Expense Item,Nová položka výdaje,
New Expense Tax,Nová daň z výdaje,
New Expenses,Nové výdaje,
New Hires (This Month),Noví zaměstnanci (tento měsíc),
New Hires (This Year),Noví zaměstnanci (tento rok),
New Income,Nový příjem,
New Invoice,Nová faktura,
New Journal Entry will be posted for the difference amount. The Posting Date can be modified.,Pro rozdílovou částku bude zaúčtován nový účetní zápis. Datum zaúčtování lze upravit.,
New Lead (Last 1 Month),Nový potenciální zákazník (poslední 1 měsíc),
New Leaves Allocated,Nově přidělené volno,
New Leaves Allocated (In Days),Nově přidělené volno (ve dnech),
New Location,Nové místo,
New Mention on {0},Nová zmínka u {0},
New Message from Website Contact Page,Nová zpráva z kontaktní stránky webu,
New Name,Nový název,
New Notification,Nové oznámení,
New Opportunity (Last 1 Month),Nová obchodní příležitost (poslední 1 měsíc),
New Password,Nové heslo,
New passwords do not match,Nová hesla se neshodují,
New Print Format Name,Název nového tiskového formátu,
New Purchase Invoice,Nová přijatá faktura,
New Purchase Orders,Nové nákupní objednávky,
New Quality Procedure,Nový postup kontroly kvality,
New Quotations,Nové nabídky,
New release date should be in the future,Nové datum vydání by mělo být v budoucnosti,
New revised budget created successfully,Nový revidovaný rozpočet byl úspěšně vytvořen,
New role created successfully.,Nová role byla úspěšně vytvořena.,
New Role Name,Název nové role,
New Sales Invoice,Nová vydaná faktura,
New Sales Orders,Nové prodejní objednávky,
New Sales Person Name,Jméno nového obchodního zástupce,
New Serial No cannot have Warehouse. Warehouse must be set by Stock Entry or Purchase Receipt,Nové sériové číslo nemůže mít sklad. Sklad musí být nastaven pomocí skladového pohybu nebo příjemky,
New updates are available,Jsou k dispozici nové aktualizace,
New Users (Last 30 days),Noví uživatelé (posledních 30 dní),
New Value,Nová hodnota,
New Version,Nová verze,
New Warehouse Name,Název nového skladu,
New Workflow Name,Název nového workflow,
New Workplace,Nové pracoviště,
New {0},Nový {0},
New {0} pricing rules are created,Byla vytvořena nová cenová pravidla {0},
New {0}: {1},Nový {0}: {1},
New {} releases for the following apps are available,K dispozici je {} nových vydání pro následující aplikace,
Newly created user {0} has no roles enabled.,Nově vytvořený uživatel {0} nemá povolenou žádnou roli.,
Next,Další,
Next Action Email Template,Šablona e-mailu pro další akci,
Next Actions,Další akce,
Next Actions HTML,HTML dalších akcí,
Next Depreciation Date,Datum dalšího odpisu,
Next Due Date,Datum další splatnosti,
Next email will be sent on:,Další e-mail bude odeslán dne:,
Next Execution,Další spuštění,
Next Form Tour,Další prohlídka formuláře,
Next on Click,Další po kliknutí,
Next Schedule Date,Datum dalšího plánu,
Next Scheduled Date,Datum dalšího naplánování,
Next State,Další stav,
Next Step Condition,Podmínka dalšího kroku,
Next Sync Token,Token další synchronizace,
No,Ne,
No <strong>Account Data</strong> row found,Nebyl nalezen žádný řádek s <strong>údaji o účtu</strong>,
No Account matched these filters: {},Těmto filtrům neodpovídá žádný účet: {},
No account set,Není nastaven žádný účet,
No accounting entries for the following warehouses,Žádné účetní zápisy pro následující sklady,
No Action,Žádná akce,
No active BOM found for item {0}. Delivery by Serial No cannot be ensured,Pro položku {0} nebyl nalezen žádný aktivní kusovník. Dodání dle sériového čísla nelze zajistit,
No active employee found associated with the email ID {0}. Try logging in with your employee email ID or contact your HR manager for access.,Nebyl nalezen žádný aktivní zaměstnanec spojený s e-mailovou adresou {0}. Zkuste se přihlásit pomocí e-mailu svého zaměstnaneckého účtu nebo kontaktujte svého HR manažera.,
No active item prices found.,Nebyly nalezeny žádné aktivní ceny položek.,
No active or default Salary Structure found for employee {0} for the given dates,Pro zaměstnance {0} nebyla pro zadaná data nalezena žádná aktivní ani výchozí mzdová struktura,
No active Salary Structure Assignment found for employee {0} with salary structure {1} on or after arrear start date {2},Pro zaměstnance {0} nebylo nalezeno žádné aktivní přiřazení mzdové struktury {1} k datu nebo po datu začátku nedoplatku {2},
No additional expenses has been added,Nebyly přidány žádné dodatečné výdaje,
No additional fields available,Nejsou k dispozici žádná další pole,
No advances found,Nebyly nalezeny žádné zálohy,
No alerts for today,Pro dnešek nejsou žádná upozornění,
No applicable Earning component found in last salary slip for Gratuity Rule: {0},V poslední výplatní pásce nebyla nalezena žádná odpovídající příjmová složka pro pravidlo odstupného: {0},
No applicable Earning components found for Gratuity Rule: {0},Nebyly nalezeny žádné odpovídající příjmové složky pro pravidlo odstupného: {0},
No applicable slab found for the calculation of gratuity amount as per the Gratuity Rule: {0},Nebylo nalezeno žádné odpovídající pásmo pro výpočet výše odstupného podle pravidla odstupného: {0},
No arrear components found in the existing salary slips.,V existujících výplatních páskách nebyly nalezeny žádné složky nedoplatku.,
No arrear components found in the salary slip. Ensure Arrear Component is checked in the Salary Component master.,"Ve výplatní pásce nebyly nalezeny žádné složky nedoplatku. Zkontrolujte, zda je u mzdové složky zaškrtnuta volba Nedoplatková složka.",
No arrear details found,Nebyly nalezeny žádné podrobnosti o nedoplatku,
No attachment found for the prepared report,K připravenému reportu nebyla nalezena žádná příloha,
No attendance records found for employee {0} between {1} and {2},Pro zaměstnance {0} nebyly nalezeny žádné záznamy docházky mezi {1} a {2},
No attendance records found for this criteria.,Pro tato kritéria nebyly nalezeny žádné záznamy docházky.,
No attendance records found.,Nebyly nalezeny žádné záznamy docházky.,
No attendance records to create due to following reasons,Kvůli následujícím důvodům nelze vytvořit žádné záznamy docházky,
No automatic optimization suggestions available.,Nejsou k dispozici žádné návrhy automatické optimalizace.,
No availability of slots are found. Please add on Appointment Booking Settings.,Nebyla nalezena žádná dostupnost termínů. Přidejte ji v nastavení rezervace schůzek.,
No available quantity to reserve for item {0} in warehouse {1},Pro položku {0} ve skladu {1} není k dispozici žádné množství k rezervaci,
No Bank/Cash Account found for currency {0}. Please create one under company {1}.,Pro měnu {0} nebyl nalezen žádný bankovní/pokladní účet. Vytvořte jej ve firmě {1}.,
No billing email found for customer: {0},Pro klienta {0} nebyl nalezen žádný fakturační e-mail,
No changes found in timings.,V časových údajích nebyly nalezeny žádné změny.,
No changes made because old and new name are the same.,"Nebyly provedeny žádné změny, protože starý a nový název jsou stejné.",
No changes to sync,Žádné změny k synchronizaci,
No changes to update,Žádné změny k aktualizaci,
No contacts linked to document,K dokumentu nejsou přiřazeny žádné kontakty,
No contacts with email IDs found.,Nebyly nalezeny žádné kontakty s e-mailovou adresou.,
No Copy,Bez kopie,
No currency fields in {0},V {0} nejsou žádná pole s měnou,
No Customer found for Inter Company Transactions which represents company {0},"Nebyl nalezen žádný klient pro mezifiremní transakce, který zastupuje firmu {0}",
No Customers found with selected options.,S vybranými možnostmi nebyli nalezeni žádní klienti.,
No Data,Žádná data,
No data for this period,Za toto období nejsou žádná data,
No data found. Seems like you uploaded a blank file,"Nebyla nalezena žádná data. Zdá se, že jste nahráli prázdný soubor",
No data to export,Žádná data k exportu,
No default Address Template found. Please create a new one from Setup > Printing and Branding > Address Template.,Nebyla nalezena žádná výchozí šablona adresy. Vytvořte novou v Nastavení > Tisk a branding > Šablona adresy.,
No Delivery Note selected for Customer {},Pro klienta {} nebyl vybrán žádný dodací list,
No difference found for stock account {0},Pro skladový účet {0} nebyl nalezen žádný rozdíl,
No DocTypes in To Delete list. Please generate or import the list before submitting.,V seznamu k odstranění nejsou žádné DocTypy. Před odesláním seznam vygenerujte nebo importujte.,
No email addresses to invite,Žádné e-mailové adresy k pozvání,
No Email field found in {0},V {0} nebylo nalezeno žádné pole E-mail,
No email found for {0} {1},Pro {0} {1} nebyl nalezen žádný e-mail,
No Employee Found,Nebyl nalezen žádný zaměstnanec,
No Employee found for the given employee field value. '{}': {},Pro zadanou hodnotu pole zaměstnance nebyl nalezen žádný zaměstnanec. '{}': {},
No employee was scheduled for call popup,Pro vyskakovací okno hovoru nebyl naplánován žádný zaměstnanec,
No employees found,Nebyli nalezeni žádní zaměstnanci,
No employees found for the mentioned criteria:<br>Company: {0}<br> Currency: {1}<br>Payroll Payable Account: {2},Pro uvedená kritéria nebyli nalezeni žádní zaměstnanci:<br>Firma: {0}<br> Měna: {1}<br>Účet mzdových závazků: {2},
No employees found for the selected criteria,Pro vybraná kritéria nebyli nalezeni žádní zaměstnanci,
No employees found with selected filters and active salary structure,S vybranými filtry a aktivní mzdovou strukturou nebyli nalezeni žádní zaměstnanci,
No Employees Selected,Nebyli vybráni žádní zaměstnanci,
No Entry for the User {0} found within LDAP!,Pro uživatele {0} nebyl v LDAP nalezen žádný záznam!,
No expenses added,Nebyly přidány žádné výdaje,
no failed attempts,žádné neúspěšné pokusy,
No failed logs,Žádné neúspěšné záznamy,
No file attached,Není přiložen žádný soubor,
No file uploaded or URL provided.,Nebyl nahrán žádný soubor ani zadána žádná URL adresa.,
No further records,Žádné další záznamy,
No Google Calendar Event to sync.,Žádná událost Google Kalendáře k synchronizaci.,
No Holiday List was found for Employee {0} or their company {1} for date {2}. Please assign through {3},Pro zaměstnance {0} nebo jeho firmu {1} nebyl k datu {2} nalezen žádný seznam svátků. Přiřaďte jej prostřednictvím {3},
No IMAP folders were found on the server. Please verify the email account settings and ensure the mailbox contains folders.,"Na serveru nebyly nalezeny žádné složky IMAP. Zkontrolujte nastavení e-mailového účtu a ujistěte se, že schránka obsahuje složky.",
No Interview has been scheduled.,Nebyl naplánován žádný pohovor.,
No item available for transfer.,K přesunu není k dispozici žádná položka.,
No Item with Barcode {0},Žádná položka s čárovým kódem {0},
No Item with Serial No {0},Žádná položka se sériovým číslem {0},
No items are available in sales orders {0} for production,V prodejních objednávkách {0} nejsou k dispozici žádné položky pro výrobu,
No items are available in the sales order {0} for production,V prodejní objednávce {0} nejsou k dispozici žádné položky pro výrobu,
No items found. Scan barcode again.,Nebyly nalezeny žádné položky. Naskenujte čárový kód znovu.,
No items in cart,V košíku nejsou žádné položky,
No items selected,Nejsou vybrány žádné položky,
No Items selected for transfer.,K přesunu nebyly vybrány žádné položky.,
No Items with Bill of Materials to Manufacture or all items already manufactured,"Nejsou žádné položky s kusovníkem k výrobě, nebo jsou všechny položky již vyrobeny",
No Items with Bill of Materials.,Žádné položky s kusovníkem.,
No LDAP User found for email: {0},Pro e-mail {0} nebyl nalezen žádný uživatel LDAP,
No leave allocation found for {0} for {1} on given date.,Pro {0} nebylo k danému datu nalezeno žádné přidělení volna {1}.,
No Leave Period Found,Nebylo nalezeno žádné období volna,
No leave record found for employee {0} on {1},Pro zaměstnance {0} nebyl k datu {1} nalezen žádný záznam volna,
No Leaves Allocated to Employee: {0} for Leave Type: {1},Zaměstnanci {0} nebylo přiděleno žádné volno typu: {1},
No leaves have been allocated.,Nebylo přiděleno žádné volno.,
No Letterhead,Bez hlavičkového papíru,
No login methods are available. Please contact your administrator.,Nejsou k dispozici žádné metody přihlášení. Kontaktujte svého administrátora.,
No matches occurred via auto reconciliation,Automatickým odsouhlasením nebyly nalezeny žádné shody,
No Matching Bank Transactions Found,Nebyly nalezeny žádné odpovídající bankovní transakce,
No material request created,Nebyl vytvořen žádný požadavek na materiál,
No more children on Left,Vlevo již nejsou žádné podřízené položky,
No more children on Right,Vpravo již nejsou žádné podřízené položky,
No more updates,Žádné další aktualizace,
No Name Specified for {0},Pro {0} nebyl zadán žádný název,
No new Google Contacts synced.,Nebyly synchronizovány žádné nové kontakty Google.,
No of Columns,Počet sloupců,
No of Deliveries,Počet dodávek,
No of Docs,Počet dokumentů,
No of Employees,Počet zaměstnanců,
No of Interactions,Počet interakcí,
No of Items to Repost,Počet položek k přeúčtování,
No of Months (Expense),Počet měsíců (výdaj),
No of Months (Revenue),Počet měsíců (tržby),
No of Parallel Reposting (Per Item),Počet paralelních přeúčtování (na položku),
No of Requested SMS,Počet požadovaných SMS,
No of Rows (Max 500),Počet řádků (max. 500),
No of Sent SMS,Počet odeslaných SMS,
No of Shares,Počet akcií,
No of Shift,Počet směn,
No of Units Produced,Počet vyrobených jednotek,
No of Visits,Počet návštěv,
No of Workstations,Počet pracovišť,
No of. Positions,Počet pozic,
No open Material Requests found for the given criteria.,Pro zadaná kritéria nebyly nalezeny žádné otevřené požadavky na materiál.,
No open POS Opening Entry found for POS Profile {0}.,Pro profil POS {0} nebyl nalezen žádný otevřený zahajovací záznam POS.,
No outstanding invoices found,Nebyly nalezeny žádné neuhrazené faktury,
No Outstanding Invoices found for this party,Pro tuto stranu nebyly nalezeny žádné neuhrazené faktury,
No outstanding invoices require exchange rate revaluation,Žádné neuhrazené faktury nevyžadují přecenění směnného kurzu,
No outstanding {0} found for the {1} {2} which qualify the filters you have specified.,"Nebyly nalezeny žádné neuhrazené {0} pro {1} {2}, které odpovídají zadaným filtrům.",
No Permission,Bez oprávnění,
No permission for {0},Nedostatečné oprávnění pro {0},
No permission to read {0},Nedostatečné oprávnění ke čtení {0},
No permission to {0} {1} {2},Nedostatečné oprávnění k {0} {1} {2},
No Permissions set for this criteria.,Pro tato kritéria nejsou nastavena žádná oprávnění.,
No Permissions Specified,Nebyla zadána žádná oprávnění,
No POS Profile found. Please create a New POS Profile first,Nebyl nalezen žádný profil POS. Nejprve vytvořte nový profil POS,
No Preview,Bez náhledu,
No Preview Available,Náhled není k dispozici,
No primary email found for customer: {0},Pro klienta {0} nebyl nalezen žádný primární e-mail,
No Printer is Available.,Není k dispozici žádná tiskárna.,
No products found.,Nebyly nalezeny žádné produkty.,
No Purchase Orders were created,Nebyly vytvořeny žádné nákupní objednávky,
No recent transactions found,Nebyly nalezeny žádné nedávné transakce,
No recipients found for campaign {0},Pro kampaň {0} nebyli nalezeni žádní příjemci,
No record found,Nebyl nalezen žádný záznam,
No records deleted,Nebyly smazány žádné záznamy,
No Records for these settings.,Pro toto nastavení nejsou žádné záznamy.,
No records found in Allocation table,V tabulce přidělení nebyly nalezeny žádné záznamy,
No records found in the Invoices table,V tabulce faktur nebyly nalezeny žádné záznamy,
No records found in the Payments table,V tabulce plateb nebyly nalezeny žádné záznamy,
No records present in {0},V {0} nejsou žádné záznamy,
No replies from,Žádné odpovědi od,
No Roles Specified,Nebyly zadány žádné role,
No rows selected,Nejsou vybrány žádné řádky,
No rows with zero document count found,Nebyly nalezeny žádné řádky s nulovým počtem dokumentů,
No RQ Workers connected. Try restarting the bench.,Není připojen žádný RQ worker. Zkuste restartovat bench.,
No Salary Slip found for Employee: {0},Pro zaměstnance {0} nebyla nalezena žádná výplatní páska,
No salary slip found to submit for the above selected criteria OR salary slip already submitted,"Pro výše vybraná kritéria nebyla nalezena žádná výplatní páska k odeslání, nebo je výplatní páska již odeslána",
No salary slips found,Nebyly nalezeny žádné výplatní pásky,
No salary slips found for the selected employee from {0},Pro vybraného zaměstnance nebyly od {0} nalezeny žádné výplatní pásky,
No Salary Slips with {0} found for employee {1} for payroll period {2}.,Pro zaměstnance {1} nebyly za mzdové období {2} nalezeny žádné výplatní pásky s {0}.,
No Salary Structure assigned to Employee {0} on the given date {1},Zaměstnanci {0} nebyla k zadanému datu {1} přiřazena žádná mzdová struktura,
No Salary Structure Assignment found for employee {0} on date {1},Pro zaměstnance {0} nebylo k datu {1} nalezeno žádné přiřazení mzdové struktury,
No Salary Structure Assignment found for employee {0} on or before {1},Pro zaměstnance {0} nebylo nalezeno žádné přiřazení mzdové struktury k datu {1} nebo dříve,
No Salary Structures,Žádné mzdové struktury,
No Serial / Batches are available for return,K vrácení nejsou k dispozici žádná sériová čísla ani šarže,
No Shift Requests Selected,Nebyly vybrány žádné žádosti o směnu,
No Staffing Plans found for this Designation,Pro tuto pracovní pozici nebyly nalezeny žádné personální plány,
No Stock Available Currently,Momentálně není k dispozici žádná zásoba,
No stock available for this batch.,Pro tuto šarži není k dispozici žádná zásoba.,
No stock ledger entries were created. Please set the quantity or valuation rate for the items properly and try again.,Nebyly vytvořeny žádné záznamy skladové knihy. Nastavte správně množství nebo oceňovací sazbu položek a zkuste to znovu.,
No subject,Bez předmětu,
No Suggestions,Žádné návrhy,
No Supplier found for Inter Company Transactions which represents company {0},"Nebyl nalezen žádný dodavatel pro mezifiremní transakce, který zastupuje firmu {0}",
No Tables Detected,Nebyly zjištěny žádné tabulky,
No Tags,Žádné štítky,
No Tax withholding account set for Company {0} in Tax Withholding Category {1}.,Pro firmu {0} není v kategorii srážkové daně {1} nastaven žádný účet srážkové daně.,
No Tax Withholding data found for the current posting date.,Pro aktuální datum zaúčtování nebyla nalezena žádná data o srážkové dani.,
No taxes added,Nebyly přidány žádné daně,
No template found at path: {0},Na cestě {0} nebyla nalezena žádná šablona,
No Terms,Žádné podmínky,
No Unreconciled Invoices and Payments found for this party and account,Pro tuto stranu a účet nebyly nalezeny žádné neodsouhlasené faktury a platby,
No Unreconciled Payments found for this party,Pro tuto stranu nebyly nalezeny žádné neodsouhlasené platby,
No user has the role <strong>{0}</strong>,Žádný uživatel nemá roli <strong>{0}</strong>,
No valid shift found for log time,Pro čas záznamu nebyla nalezena žádná platná směna,
No Work Orders were created,Nebyly vytvořeny žádné výrobní příkazy,
No {0} added,Nebyl přidán žádný {0},
No {0} found,Nebyl nalezen žádný {0},
No {0} found for Inter Company Transactions.,Pro mezifiremní transakce nebyl nalezen žádný {0}.,
No.,Č.,
No. of Employees,Počet zaměstnanců,
No. of parallel job cards which can be allowed on this workstation. Example: 2 would mean this workstation can process production for two Work Orders at a time.,"Počet paralelních výrobních karet povolených na tomto pracovišti. Příklad: 2 znamená, že toto pracoviště může zpracovávat výrobu pro dva výrobní příkazy současně.",
Non Completed Tasks,Nedokončené úkoly,
Non Conformance,Neshoda,
Non Depreciable Category,Neodepisovatelná kategorie,
Non Negative,Nezáporné,
Non Profit,Nezisková organizace,
Non stock items,Neskladové položky,
Non Taxable Earnings,Nezdanitelné příjmy,
Non-Billed Hours,Nefakturované hodiny,
Non-Billed Hours (NB),Nefakturované hodiny (NB),
Non-Conforming,Neshodné,
Non-Current Liabilities,Dlouhodobé závazky,
Non-Encashable Leaves,Nepropadající volno,
Non-phantom BOM cannot be created for non-stock item {0}.,Pro neskladovou položku {0} nelze vytvořit reálný (nefantomový) kusovník.,
Non-Zeros,Nenulové,
None,Žádné,
None of the items have any change in quantity or value.,U žádné z položek nedošlo ke změně množství ani hodnoty.,
Normal Balances,Normální zůstatky,
Normalized Copies,Normalizované kopie,
Normalized Query,Normalizovaný dotaz,
Nos,Ks,
Not a valid Comma Separated Value (CSV File),Neplatný soubor s hodnotami oddělenými čárkou (CSV),
Not a valid User Image.,Neplatný obrázek uživatele.,
Not a valid Workflow Action,Neplatná akce workflow,
Not able to find the earliest Fiscal Year for the given company.,Pro danou firmu se nepodařilo najít nejstarší fiskální rok.,
Not active,Neaktivní,
Not allow to set alternative item for the item {0},U položky {0} není povoleno nastavit alternativní položku,
Not Allowed,Nepovoleno,
Not allowed for {0}: {1},Nepovoleno pro {0}: {1},
Not allowed to create accounting dimension for {0},Není povoleno vytvořit účetní dimenzi pro {0},
Not allowed to create custom Virtual DocType.,Není povoleno vytvořit vlastní virtuální DocType.,
Not allowed to print cancelled documents,Není povoleno tisknout stornované dokumenty,
Not allowed to print draft documents,Není povoleno tisknout dokumenty v konceptu,
Not allowed to update stock transactions older than {0},Není povoleno upravovat skladové transakce starší než {0},
Not allowed via controller permission check,Nepovoleno kontrolou oprávnění na úrovni controlleru,
Not Applicable,Nepoužije se,
Not authorized since {0} exceeds limits,"Neautorizováno, protože {0} překračuje limity",
Not authorized to edit frozen Account {0},Nemáte oprávnění upravovat zamčený účet {0},
Not Available,Není k dispozici,
Not Found,Nenalezeno,
Not found,Nenalezeno,
Not Helpful,Nepomohlo,
Not in Developer Mode,Není v režimu vývojáře,
Not in Developer Mode! Set in site_config.json or make 'Custom' DocType.,"Není v režimu vývojáře! Nastavte v site_config.json, nebo vytvořte DocType jako 'Custom'.",
Not in Stock,Není skladem,
Not Nullable,Nesmí být prázdné,
Not Permitted,Nepovoleno,
Not permitted,Nepovoleno,
Not permitted to make Purchase Orders,Není povoleno vytvářet nákupní objednávky,
Not Permitted to read {0},Nemáte oprávnění číst {0},
Not permitted to update Serial No,Není povoleno upravovat sériové číslo,
Not Published,Nezveřejněno,
Not Seen,Nezobrazeno,
Not Set,Nenastaveno,
Not Specified,Nezadáno,
Not Started,Nezahájeno,
Not Used,Nepoužito,
Note,Poznámka,
Note Seen By,Poznámku zobrazil(a),
Note: Automatic log deletion only applies to logs of type <i>Update Cost</i>,Poznámka: Automatické mazání záznamů se týká pouze záznamů typu <i>Update Cost</i>,
Note: Due Date exceeds allowed {0} credit days by {1} day(s),Poznámka: Datum splatnosti překračuje povolených {0} dnů splatnosti o {1} den/dnů,
Note: Etc timezones have their signs reversed.,Poznámka: Časová pásma Etc mají obrácené znaménko.,
"NOTE: If you add states or transitions in the table, it will be reflected in the Workflow Builder but you will have to position them manually. Also Workflow Builder is currently in <b>BETA</b>.","Poznámka: Pokud v tabulce přidáte stavy nebo přechody, projeví se to v tvůrci workflow, ale budete je muset ručně umístit. Tvůrce workflow je navíc aktuálně ve verzi <b>BETA</b>.",
"Note: If you want to use the finished good {0} as a raw material, then enable the 'Do Not Explode' checkbox in the Items table against the same raw material.","Poznámka: Pokud chcete použít hotový výrobek {0} jako surovinu, zaškrtněte v tabulce položek u stejné suroviny volbu 'Nerozkládat'.",
Note: Item {0} added multiple times,Poznámka: Položka {0} byla přidána vícekrát,
Note: On checking Is Mandatory the accounting dimension will become mandatory against that specific account for all accounting transactions,Poznámka: Zaškrtnutím volby Je povinné se účetní dimenze stane povinnou pro daný účet u všech účetních transakcí,
Note: Payment Entry will not be created since 'Cash or Bank Account' was not specified,"Poznámka: Platba nebude vytvořena, protože nebyl zadán 'Pokladní nebo bankovní účet'",
Note: System will not check over-delivery and over-booking for Item {0} as quantity or amount is 0,"Poznámka: Systém nebude kontrolovat nadměrné dodání a nadměrné zaúčtování u položky {0}, protože množství nebo částka je 0",
Note: This Cost Center is a Group. Cannot make accounting entries against groups.,Poznámka: Toto nákladové středisko je skupina. Proti skupinám nelze vytvářet účetní zápisy.,
Note: This will be shared with user.,Poznámka: Toto bude sdíleno s uživatelem.,
"Note: To merge the items, create a separate Stock Reconciliation for the old item {0}","Poznámka: Chcete-li položky sloučit, vytvořte samostatnou skladovou inventuru pro starou položku {0}",
Note: Total allocated leaves {0} shouldn't be less than already approved leaves {1} for the period,Poznámka: Celkem přidělené volno {0} by nemělo být za dané období menší než již schválené volno {1},
Note: Your request for account deletion will be fulfilled within {0} hours.,Poznámka: Vaše žádost o smazání účtu bude vyřízena do {0} hodin.,
"Note: Your salary slip is password protected, the password to unlock the PDF is of the format {0}.","Poznámka: Vaše výplatní páska je chráněna heslem, heslo pro odemknutí PDF má formát {0}.",
Notes,Poznámky,
Notes HTML,HTML poznámek,
Notes:,Poznámky:,
Nothing is included in gross,V hrubé částce není zahrnuto nic,
Nothing more to show.,Není co dalšího zobrazit.,
Nothing to change,Není co měnit,
Nothing to order from the selected rows,Z vybraných řádků není co objednat,
"Nothing to order, the selected rows are already covered by stock or existing orders","Není co objednat, vybrané řádky jsou již pokryty skladem nebo existujícími objednávkami",
Nothing to update,Není co aktualizovat,
Notice (days),Výpovědní lhůta (dny),
Notice Period,Výpovědní lhůta,
Notification,Oznámení,
Notification Log,Log oznámení,
Notification Message,Text oznámení,
Notification Recipient,Příjemce oznámení,
Notification Settings,Nastavení oznámení,
Notification Subscribed Document,Dokument odebíraný oznámením,
Notification Template,Šablona oznámení,
Notification Title,Název oznámení,
Notification Type,Typ oznámení,
Notification Type Preference,Preference typu oznámení,
Notification: customer {0} has no Mobile number set,Oznámení: klient {0} nemá nastaveno mobilní telefonní číslo,
Notification: document {0} has no {1} number set (field: {2}),Oznámení: dokument {0} nemá nastaveno číslo {1} (pole: {2}),
Notification: user {0} has no Mobile number set,Oznámení: uživatel {0} nemá nastaveno mobilní telefonní číslo,
Notifications,Oznámení,
notified,Oznámeno,
Notify by Email,Upozornit e-mailem,
Notify by email,Upozornit e-mailem,
Notify by email on creation of automatic Material Request,Upozornit e-mailem při vytvoření automatického požadavku na materiál,
Notify Customers via Email,Upozornit klienty e-mailem,
Notify Employee,Upozornit zaměstnance,
Notify if unreplied,"Upozornit, pokud nedošlo k odpovědi",
Notify if unreplied for (in mins),"Upozornit, pokud nedošlo k odpovědi po (v minutách)",
Notify Other,Upozornit jiného,
Notify Reposting Error to Role,Upozornit na chybu přeúčtování roli,
Notify Supplier,Upozornit dodavatele,
Notify users by email,Upozornit uživatele e-mailem,
Notify Users On Every Login,Upozornit uživatele při každém přihlášení,
Notify users with a popup when they log in,Upozornit uživatele vyskakovacím oknem při přihlášení,
Notify Via Email,Upozornit e-mailem,
Nov,Lis,
Number,Číslo,
Number Card,Číselná karta,
Number Card Link,Odkaz na číselnou kartu,
Number Card Name,Název číselné karty,
Number Cards,Číselné karty,
Number Format,Formát čísla,
"Number of attachment fields are more than {}, limit updated to {}.","Počet polí příloh je vyšší než {}, limit byl aktualizován na {}.",
Number of Backups,Počet záloh,
Number of backups must be greater than zero.,Počet záloh musí být větší než nula.,
Number of Concurrent Appointments,Počet souběžných schůzek,
Number of Days,Počet dní,
Number of days appointments can be booked in advance,"Počet dní, o které lze schůzku rezervovat předem",
Number Of Employees,Počet zaměstnanců,
Number of Employees on Leave (This Month),Počet zaměstnanců na volnu (tento měsíc),
Number of Employees on Leave (Today),Počet zaměstnanců na volnu (dnes),
Number of Events,Počet událostí,
Number of Groups,Počet skupin,
Number of Interaction,Počet interakcí,
Number of keys,Počet klíčů,
Number of Leaves,Počet dnů volna,
"Number of new Account, it will be included in the account name as a prefix","Počet nových účtů, bude zahrnut v názvu účtu jako předpona",
"Number of new Cost Center, it will be included in the cost center name as a prefix","Počet nových nákladových středisek, bude zahrnut v názvu nákladového střediska jako předpona",
Number of onsite backups,Počet lokálních záloh,
Number of Order,Počet objednávek,
Number Of Positions,Počet pozic,
Number of Queries,Počet dotazů,
Number of Transactions,Počet transakcí,
Number of Weeks / Months,Počet týdnů / měsíců,
Number of Withholding Cycles,Počet srážkových cyklů,
Numeric,Číselné,
Numeric Inspection,Číselná kontrola,
Numeric Values,Číselné hodnoty,
Numero has not set in the XML file,V souboru XML není nastaveno Numero,
Oauth Authorization Code,Autorizační kód OAuth,
Oauth Bearer Token,Bearer token OAuth,
OAuth Client,Klient OAuth,
Oauth Client,Klient OAuth,
OAuth Client ID,ID klienta OAuth,
Oauth Client Role,Role klienta OAuth,
OAuth Error,Chyba OAuth,
"OAuth has been enabled but not authorised. Please use ""Authorise API Access"" button to do the same.","OAuth bylo povoleno, ale není autorizováno. Použijte k autorizaci tlačítko ""Authorise API Access"".",
OAuth Provider,Poskytovatel OAuth,
OAuth Provider Settings,Nastavení poskytovatele OAuth,
Oauth Provider Settings,Nastavení poskytovatele OAuth,
Oauth Scope,Rozsah OAuth,
Oauth Settings,Nastavení OAuth,
Objective,Cíl,
Objectives,Cíle,
Obtained Average Rating,Dosažené průměrné hodnocení,
Occurrences,Výskyty,
Occurrences (last 30 days),Výskyty (posledních 30 dní),
Oct,Říj,
Odometer Reading,Stav tachometru,
Odometer Value,Hodnota tachometru,
Odometer Value (Last),Hodnota tachometru (poslední),
Off-Shift,Mimo směnu,
Off-shift,Mimo směnu,
Offer Date,Datum nabídky,
Offer Term,Podmínka nabídky,
Offer Terms,Podmínky nabídky,
Office Equipment,Kancelářské vybavení,
Office Maintenance Expenses,Výdaje na údržbu kanceláře,
Office Rent,Nájem kanceláře,
Official Documentation,Oficiální dokumentace,
Offset must be a non-negative integer,Offset musí být nezáporné celé číslo,
Offset X,Posun X,
Offset Y,Posun Y,
Offsetting Account,Kompenzační účet,
Offsetting for Accounting Dimension,Kompenzace pro účetní dimenzi,
Old and new fieldnames are same.,Starý a nový název pole jsou stejné.,
Old Parent,Starý nadřazený záznam,
Oldest Unscheduled Job,Nejstarší nenaplánovaná úloha,
On Date,K datu,
"On expanding a row in the Items to Manufacture table, you'll see an option to 'Include Exploded Items'. Ticking this includes raw materials of the sub-assembly items in the production process.",Po rozbalení řádku v tabulce Položky k výrobě se zobrazí možnost 'Zahrnout rozložené položky'. Zaškrtnutím se do výrobního procesu zahrnou suroviny podsestav.,
On Hand,Na skladě,
On Hold,Pozastaveno,
On hold,Pozastaveno,
On Hold Since,Pozastaveno od,
On Leave,Na volnu,
On This Date,K tomuto datu,
On Track,Podle plánu,
Onboard,Nastoupit,
Onboarding,Nástup,
Onboarding Activities,Aktivity nástupu,
Onboarding Begins On,Nástup začíná dne,
Onboarding Permission,Oprávnění pro nástup,
Onboarding Status,Stav nástupu,
Onboarding Step,Krok nástupu,
Onboarding Step Map,Mapa kroků nástupu,
Onboardings (This Month),Nástupy (tento měsíc),
"Once submitted, submittable documents cannot be changed. They can only be Cancelled and Amended.",Po odeslání již nelze odesílatelné dokumenty měnit. Lze je pouze stornovat a opravit.,
Once the Work Order is Closed. It can't be resumed.,Po uzavření výrobního příkazu jej již nelze obnovit.,
"Once you have set this, the users will only be able access documents (eg. Blog Post) where the link exists (eg. Blogger).","Po nastavení budou mít uživatelé přístup pouze k dokumentům (např. Blog Post), u nichž existuje odkaz (např. Blogger).",
One customer can be part of only single Loyalty Program.,Jeden klient může být součástí pouze jednoho věrnostního programu.,
One of,Jedno z,
One Time Password (OTP) Registration Code from {},Registrační kód jednorázového hesla (OTP) od {},
Ongoing Job Cards,Probíhající výrobní karty,
Only 200 inserts allowed in one request,V jednom požadavku je povoleno maximálně 200 vložení,
Only Administrator can delete Email Queue,Frontu e-mailů může smazat pouze administrátor,
Only Administrator can edit,Upravovat může pouze administrátor,
Only Administrator can save a standard report. Please rename and save.,Standardní report může uložit pouze administrátor. Přejmenujte jej a uložte.,
Only Administrator is allowed to use Recorder,Recorder smí používat pouze administrátor,
Only Allow Edit For,Povolit úpravy pouze pro,
Only allow System Managers to upload public files,Nahrávat veřejné soubory povolit pouze správcům systému,
Only allowed to export customizations in developer mode,Export úprav je povolen pouze v režimu vývojáře,
Only Approvers can Approve this Request.,Tuto žádost mohou schválit pouze schvalovatelé.,
Only Completed documents can be submitted,Odeslat lze pouze dokončené dokumenty,
Only CSV and Excel files can be used to for importing data. Please check the file format you are trying to upload,"K importu dat lze použít pouze soubory CSV a Excel. Zkontrolujte formát souboru, který se pokoušíte nahrát",
Only CSV and Excel formats are supported for export,Pro export jsou podporovány pouze formáty CSV a Excel,
Only CSV files are allowed,Povoleny jsou pouze soubory CSV,
Only Custom Modules can be renamed.,Přejmenovat lze pouze vlastní moduly.,
Only Deduct Tax On Excess Amount,Srazit daň pouze z přebytečné částky,
Only draft documents can be discarded,Zahodit lze pouze dokumenty v konceptu,
Only Employee Grievance with status {0} or {1} can be submitted,Odeslat lze pouze stížnost zaměstnance se stavem {0} nebo {1},
Only existing assets,Pouze existující majetek,
Only expired allocation can be cancelled,Stornovat lze pouze expirované přidělení,
Only for,Pouze pro,
Only Include Allocated Payments,Zahrnout pouze přidělené platby,
Only Interviewer Are allowed to submit Interview Feedback,Zpětnou vazbu z pohovoru smí odeslat pouze tazatel,
Only interviewers can submit feedback,Zpětnou vazbu mohou odeslat pouze tazatelé,
Only Interviews with Cleared or Rejected status can be submitted.,Odeslat lze pouze pohovory se stavem Úspěšný nebo Zamítnutý.,
Only Leave Applications with status 'Approved' and 'Rejected' can be submitted,Odeslat lze pouze žádosti o volno se stavem 'Schváleno' a 'Zamítnuto',
Only mandatory fields are necessary for new records. You can delete non-mandatory columns if you wish.,U nových záznamů jsou nutná pouze povinná pole. Nepovinné sloupce můžete v případě potřeby smazat.,
Only one of Deposit or Withdrawal should be non-zero when applying an Excluded Fee.,Při uplatnění vyloučeného poplatku by mělo být nenulové pouze jedno z polí Vklad nebo Výběr.,
Only one operation can have 'Is Final Finished Good' checked when 'Track Semi Finished Goods' is enabled.,"Pokud je povoleno 'Sledovat polotovary', může mít volbu 'Je finální hotový výrobek' zaškrtnutu pouze jedna operace.",
Only one {0} can be set as primary.,Jako primární lze nastavit pouze jeden {0}.,
Only one {0} entry can be created against the Work Order {1},Proti výrobnímu příkazu {1} lze vytvořit pouze jeden záznam {0},
Only Options allowed for Data field are:,Pro pole typu Data jsou povoleny pouze tyto možnosti:,
Only Parent can be of type {0},Typu {0} může být pouze nadřazený záznam,
Only pending invitations can be resent,Znovu odeslat lze pouze čekající pozvánky,
Only records belonging to {0} will be deleted,Smazány budou pouze záznamy náležející k {0},
Only reports of type Report Builder can be deleted,Smazat lze pouze reporty typu Report Builder,
Only reports of type Report Builder can be edited,Upravit lze pouze reporty typu Report Builder,
Only Send Records Updated in Last X Hours,Odeslat pouze záznamy aktualizované za posledních X hodin,
Only Shift Request with status 'Approved' and 'Rejected' can be submitted,Odeslat lze pouze žádost o směnu se stavem 'Schváleno' a 'Zamítnuto',
Only standard DocTypes are allowed to be customized from Customize Form.,Ve formuláři Customize Form lze upravovat pouze standardní DocTypy.,
Only System Managers can make this file public.,Tento soubor mohou zveřejnit pouze správci systému.,
Only the Administrator can delete a standard DocType.,Standardní DocType může smazat pouze administrátor.,
Only the assignee can complete this to-do.,"Tento úkol může dokončit pouze osoba, které byl přiřazen.",
Only users with the {0} role can create backdated leave applications,Zpětně datované žádosti o volno mohou vytvářet pouze uživatelé s rolí {0},
Only Value available for Payment Entry,Pro platbu je k dispozici pouze hodnota,
Only Workspace Manager can edit public workspaces,Veřejné pracovní plochy může upravovat pouze správce pracovní plochy,
Only {0} are supported,Podporováno je pouze {0},
Only {0} emailed reports are allowed per user.,Na uživatele je povoleno pouze {0} e-mailem odeslaných reportů.,
Only {0} Goals can be {1},Pouze cíle {0} mohou být {1},
Open,Otevřeno,
Open Activities HTML,HTML otevřených aktivit,
Open BOM {0},Otevřít kusovník {0},
Open Documents,Otevřené dokumenty,
Open Form View,Otevřít zobrazení formuláře,
Open Issues,Otevřené problémy,
Open Item {0},Otevřít položku {0},
Open Notifications,Otevřená oznámení,
Open Opportunity,Otevřená obchodní příležitost,
Open Orders,Otevřené objednávky,
Open Projects,Otevřené projekty,
Open Quotations,Otevřené nabídky,
Open Reference Document,Otevřít referenční dokument,
Open reference document,Otevřít referenční dokument,
Open Resume in New Tab,Otevřít životopis na nové kartě,
Open Sales Orders,Otevřené prodejní objednávky,
Open To Do,Otevřít úkol,
Open URL in a New Tab,Otevřít URL na nové kartě,
Open Work Order {0},Otevřít výrobní příkaz {0},
Open Work Orders,Otevřené výrobní příkazy,
Open {0},Otevřít {0},
OpenID Configuration,Konfigurace OpenID,
OpenID Configuration fetched successfully!,Konfigurace OpenID byla úspěšně načtena!,
Opening,Počáteční stav,
Opening & Closing,Počáteční a konečný stav,
Opening (Cr),Počáteční stav (Dal),
Opening (Dr),Počáteční stav (Má dáti),
Opening Accumulated Depreciation,Počáteční oprávky,
Opening Amount,Počáteční částka,
Opening and Closing,Počáteční a konečný stav,
Opening Balance,Počáteční zůstatek,
Opening Balance Details,Podrobnosti počátečního zůstatku,
Opening Balance Equity,Počáteční vlastní kapitál,
Opening Balances,Počáteční zůstatky,
Opening Date,Datum zahájení,
Opening Invoice Creation In Progress,Probíhá vytváření počátečních faktur,
Opening Invoice Creation Tool,Nástroj pro vytváření počátečních faktur,
Opening Invoice Creation Tool Item,Položka nástroje pro vytváření počátečních faktur,
"Opening Invoice has rounding adjustment of {0}.<br><br> '{1}' account is required to post these values. Please set it in Company: {2}.<br><br> Or, '{3}' can be enabled to not post any rounding adjustment.","Počáteční faktura obsahuje zaokrouhlovací úpravu {0}.<br><br> K zaúčtování těchto hodnot je vyžadován účet '{1}'. Nastavte jej ve firmě: {2}.<br><br> Nebo lze povolit '{3}', aby se žádná zaokrouhlovací úprava nezaúčtovávala.",
Opening Invoice Item,Položka počáteční faktury,
Opening Invoice Tool,Nástroj pro počáteční faktury,
Opening Invoices,Počáteční faktury,
Opening Invoices Summary,Souhrn počátečních faktur,
Opening Number of Booked Depreciations,Počáteční počet zaúčtovaných odpisů,
Opening Purchase Invoice(s) have been created.,Byly vytvořeny počáteční přijaté faktury.,
Opening Qty,Počáteční množství,
Opening Sales Invoice(s) have been created.,Byly vytvořeny počáteční vydané faktury.,
Opening Stock,Počáteční zásoba,
Opening Stock entry created with zero valuation rate: {0},Byl vytvořen počáteční skladový pohyb s nulovou oceňovací sazbou: {0},
Opening Stock entry created: {0},Byl vytvořen počáteční skladový pohyb: {0},
Opening Time,Čas otevření,
Opening Value,Počáteční hodnota,
Operating Component,Provozní složka,
Operating Components Cost,Náklady na provozní složky,
Operating Cost,Provozní náklady,
Operating Cost (Company Currency),Provozní náklady (měna firmy),
Operating Cost as per Work Order / BOM,Provozní náklady dle výrobního příkazu / kusovníku,
Operating Cost Per BOM Quantity,Provozní náklady na jednotku množství kusovníku,
Operating Cost(Company Currency),Provozní náklady (měna firmy),
Operating Costs,Provozní náklady,
Operating Costs (Per Hour),Provozní náklady (za hodinu),
Operation,Operace,
Operation & Materials,Operace a materiál,
Operation Cost,Náklady na operaci,
Operation Description,Popis operace,
Operation ID,ID operace,
Operation Row ID,ID řádku operace,
Operation Row Id,ID řádku operace,
Operation Row Number,Číslo řádku operace,
Operation Time,Čas operace,
Operation Time must be greater than 0 for Operation {0},Čas operace musí být pro operaci {0} větší než 0,
Operation {0} added multiple times in the work order {1},Operace {0} byla ve výrobním příkazu {1} přidána vícekrát,
Operation {0} does not belong to the work order {1},Operace {0} nepatří k výrobnímu příkazu {1},
"Operation {0} longer than any available working hours in workstation {1}, break down the operation into multiple operations","Operace {0} je delší než jakákoli dostupná pracovní doba na pracovišti {1}, rozdělte operaci na více operací",
Operations,Operace,
Operations cannot be left blank,Operace nesmí zůstat prázdné,
Operations Routing,Postup operací,
Operator,Operátor,
Operator '{0}' requires a list value,Operátor '{0}' vyžaduje hodnotu typu seznam,
Operator must be one of {0},Operátor musí být jeden z {0},
Operator {0} requires exactly 2 arguments (left and right operands),Operátor {0} vyžaduje přesně 2 argumenty (levý a pravý operand),
Opp Count,Počet příležitostí,
Opp/Lead %,Příležitost/potenciální zákazník %,
Opportunities,Obchodní příležitosti,
Opportunities by Campaign,Obchodní příležitosti dle kampaně,
Opportunities by Medium,Obchodní příležitosti dle média,
Opportunities by Source,Obchodní příležitosti dle zdroje,
Opportunity,Obchodní příležitost,
Opportunity Amount,Částka obchodní příležitosti,
Opportunity Amount (Company Currency),Částka obchodní příležitosti (měna firmy),
Opportunity Date,Datum obchodní příležitosti,
Opportunity From,Zdroj obchodní příležitosti,
Opportunity Item,Položka obchodní příležitosti,
Opportunity Lost Reason,Důvod ztráty obchodní příležitosti,
Opportunity Lost Reason Detail,Detail důvodu ztráty obchodní příležitosti,
Opportunity Owner,Vlastník obchodní příležitosti,
Opportunity Source,Zdroj obchodní příležitosti,
Opportunity Summary by Sales Stage,Souhrn obchodních příležitostí dle fáze prodeje,
Opportunity Type,Typ obchodní příležitosti,
Opportunity Value,Hodnota obchodní příležitosti,
Optimize,Optimalizovat,
Optimize Route,Optimalizovat trasu,
Optimizing image...,Optimalizace obrázku...,
Option 1,Možnost 1,
Option 2,Možnost 2,
Option 3,Možnost 3,
Option {0} for field {1} is not a child table,Možnost {0} pro pole {1} není podřízená tabulka,
Optional Holiday List not set for leave period {0},Pro období volna {0} není nastaven volitelný seznam svátků,
Optional Leaves are holidays that Employees can choose to avail from a list of holidays published by the company.,"Volitelné volno jsou svátky, které si zaměstnanci mohou vybrat ze seznamu svátků zveřejněného firmou.",
Optional. Select a specific manufacture entry to reverse.,Volitelné. Vyberte konkrétní výrobní záznam ke stornování.,
"Optional. Sets company's default currency, if not specified.","Volitelné. Nastaví výchozí měnu firmy, pokud není zadána.",
Optional. This setting will be used to filter in various transactions.,Volitelné. Toto nastavení bude použito k filtrování v různých transakcích.,
Optional. Used with Financial Report Template,Volitelné. Používá se se šablonou finančního reportu,
Options,Možnosti,
Options 'Dynamic Link' type of field must point to another Link Field with options as 'DocType',Možnosti pole typu 'Dynamic Link' musí odkazovat na jiné pole typu Link s možnostmi nastavenými jako 'DocType',
Options for Rating field can range from 3 to 10,Možnosti pro pole typu hodnocení mohou být v rozsahu 3 až 10,
Options for select. Each option on a new line.,Možnosti pro výběr. Každá možnost na novém řádku.,
Options for {0} must be set before setting the default value.,Možnosti pro {0} musí být nastaveny před nastavením výchozí hodnoty.,
Options Help,Nápověda k možnostem,
Options not set for link field {0},Pro pole typu Link {0} nejsou nastaveny možnosti,
or,nebo,
or for the Employee's Department: {0},nebo pro oddělení zaměstnance: {0},
or its descendants,nebo jeho podřízené záznamy,
Order,Objednávka,
Order Amount,Částka objednávky,
Order By,Seřadit podle,
Order By must be a string,Seřadit podle musí být řetězec,
Order Confirmation Date,Datum potvrzení objednávky,
Order Confirmation No,Číslo potvrzení objednávky,
Order Count,Počet objednávek,
Order Date,Datum objednávky,
Order Information,Informace o objednávce,
Order No,Číslo objednávky,
Order Qty,Množství objednávky,
Order Status,Stav objednávky,
Order Type,Typ objednávky,
Order Value,Hodnota objednávky,
Order/Quot %,Objednávka/nabídka %,
Ordered,Objednáno,
Ordered Qty,Objednané množství,
"Ordered Qty: Quantity ordered for purchase, but not received.","Objednané množství: Množství objednané k nákupu, ale dosud nepřijaté.",
Ordered Quantity,Objednané množství,
Orders,Objednávky,
Org History,Historie organizace,
Org History Heading,Nadpis historie organizace,
Organization,Organizace,
Organization Name,Název organizace,
Organizational Chart,Organizační schéma,
Orientation,Orientace,
Original,Původní,
Original Item,Původní položka,
Original Value,Původní hodnota,
Other,Jiné,
Other Details,Další podrobnosti,
Other Info,Další informace,
Other Reports,Další reporty,
Other Settings,Další nastavení,
Other Taxes and Charges,Další daně a poplatky,
Others,Ostatní,
OTP Code,Kód OTP,
OTP Issuer Name,Název vydavatele OTP,
OTP Secret has been reset. Re-registration will be required on next login.,Tajný klíč OTP byl resetován. Při dalším přihlášení bude vyžadována nová registrace.,
OTP Secret Reset - {0},Reset tajného klíče OTP - {0},
OTP SMS Template,Šablona SMS s OTP,
OTP SMS Template must contain <code>{0}</code> placeholder to insert the OTP.,Šablona SMS s OTP musí obsahovat zástupný symbol <code>{0}</code> pro vložení OTP.,
OTP Verification,Ověření OTP,
Out of Order,Mimo provoz,
Out of Stock,Není skladem,
Out Qty,Výstupní množství,
Out Time,Odchod,
Out Value,Výstupní hodnota,
Outdated POS Opening Entry,Zastaralý zahajovací záznam POS,
Outgoing,Odchozí,
Outgoing (SMTP) Settings,Nastavení odchozí pošty (SMTP),
Outgoing Bills,Odchozí faktury,
Outgoing email account not correct,Účet odchozí pošty není správný,
Outgoing Emails (Last 7 days),Odchozí e-maily (posledních 7 dní),
Outgoing Payment,Odchozí platba,
Outgoing Rate,Výstupní sazba,
Outgoing Salary,Odchozí mzda,
Outgoing Server,Server odchozí pošty,
Outgoing Settings,Nastavení odchozí pošty,
Output,Výstup,
Outstanding,Neuhrazeno,
Outstanding (Company Currency),Nesplacená částka (měna firmy),
Outstanding Amount,Nesplacená částka,
Outstanding Amt,Nesplacená částka,
Outstanding Cheques and Deposits to clear,Nesplacené šeky a vklady k vyrovnání,
Outstanding for {0} cannot be less than zero ({1}),Nesplacená částka pro {0} nemůže být záporná ({1}),
Outward Order,Odchozí objednávka,
Over Allocation,Nadměrné přidělení,
Over Billing Allowance (%),Povolená odchylka přefakturace (%),
Over Billing Allowance exceeded for Purchase Receipt Item {0} ({1}) by {2}%,Povolená odchylka přefakturace byla u položky příjemky {0} ({1}) překročena o {2}%,
Over Delivery/Receipt Allowance (%),Povolená odchylka nadměrného dodání/příjmu (%),
Over Order Allowance (%),Povolená odchylka nadměrné objednávky (%),
Over Picking Allowance (%),Povolená odchylka nadměrného vychystání (%),
Over Receipt,Nadměrný příjem,
Over Receipt/Delivery of {0} {1} ignored for item {2} because you have {3} role.,"Nadměrný příjem/dodání {0} {1} byl u položky {2} ignorován, protože máte roli {3}.",
Over Transfer Allowance (%),Povolená odchylka nadměrného přesunu (%),
Overbilling of {0} {1} ignored for item {2} because you have {3} role.,"Přefakturace {0} {1} byla u položky {2} ignorována, protože máte roli {3}.",
Overbilling of {} ignored because you have {} role.,"Přefakturace {} byla ignorována, protože máte roli {}.",
Overdue,Po splatnosti,
Overdue Days,Dny po splatnosti,
Overdue Limit,Limit po splatnosti,
Overdue Limit Crossed,Limit po splatnosti překročen,
Overdue Limit crossed for customer {0}. Overdue amount {1} exceeds the allowed limit {2}.,Limit po splatnosti byl u klienta {0} překročen. Částka po splatnosti {1} přesahuje povolený limit {2}.,
Overdue Payment,Platba po splatnosti,
Overdue Payments,Platby po splatnosti,
Overdue Tasks,Úkoly po termínu,
Overlap in scoring between {0} and {1},Překryv v bodování mezi {0} a {1},
Overlapping Attendance Request,Překrývající se žádost o docházku,
Overlapping conditions found between:,Byly nalezeny překrývající se podmínky mezi:,
Overlapping Shift Attendance,Překrývající se docházka na směně,
Overlapping Shift Requests,Překrývající se žádosti o směnu,
Overlapping Shifts,Překrývající se směny,
Overproduction for Sales and Work Order,Nadvýroba pro prodejní objednávku a výrobní příkaz,
Overproduction Percentage For Sales Order,Procento nadvýroby pro prodejní objednávku,
Overproduction Percentage For Work Order,Procento nadvýroby pro výrobní příkaz,
Overtime,Přesčas,
Overtime Amount Calculation,Výpočet částky za přesčas,
Overtime Details,Podrobnosti o přesčasu,
Overtime Duration,Doba trvání přesčasu,
Overtime Duration for {0} is greater than Maximum Overtime Hours Allowed,Doba trvání přesčasu pro {0} je vyšší než maximální povolený počet přesčasových hodin,
Overtime Salary Component,Mzdová složka přesčasu,
Overtime Slip,Výkaz přesčasů,
Overtime Slip created for {0} employee(s),Výkaz přesčasů byl vytvořen pro {0} zaměstnance/zaměstnanců,
Overtime Slip Creation Error for {0},Chyba při vytváření výkazu přesčasů pro {0},
Overtime Slip Creation Failed,Vytvoření výkazu přesčasů se nezdařilo,
Overtime Slip creation is queued. It may take a few minutes,Vytvoření výkazu přesčasů je zařazeno do fronty. Může to trvat několik minut,
Overtime Slip Step,Krok výkazu přesčasů,
Overtime Slip Submission Error for {0},Chyba při odesílání výkazu přesčasů pro {0},
Overtime Slip Submission Failed,Odeslání výkazu přesčasů se nezdařilo,
Overtime Slip submission is queued. It may take a few minutes,Odeslání výkazu přesčasů je zařazeno do fronty. Může to trvat několik minut,
Overtime Slip Submitted,Výkaz přesčasů odeslán,
Overtime Slip:{0} has been created between {1} and {2},Výkaz přesčasů: {0} byl vytvořen mezi {1} a {2},
Overtime Slips Created,Výkazy přesčasů vytvořeny,
Overtime Slips submitted for {0} employee(s),Výkazy přesčasů odeslány pro {0} zaměstnance/zaměstnanců,
Overtime Type,Typ přesčasu,
Overview,Přehled,
Overwrite Salary Structure Amount,Přepsat částku mzdové struktury,
Overwrite Salary Structure Amount is disabled as the Salary Component: {0} not part of the Salary Structure: {1},"Přepsání částky mzdové struktury je zakázáno, protože mzdová složka {0} není součástí mzdové struktury {1}",
Owner,Vlastník,
Ownership,Vlastnictví,
P&L Closing Balance,Konečný zůstatek výsledovky,
Package,Balíček,
Package contains disallowed link entry: {member.name},Balíček obsahuje nepovolený odkazovaný záznam: {member.name},
Package contains disallowed path entry,Balíček obsahuje nepovolenou cestu,
Package Import,Import balíčku,
Package Name,Název balíčku,
Package Release,Vydání balíčku,
Package Weight Details,Podrobnosti hmotnosti balíčku,
Packaging Slip From Delivery Note,Balicí list z dodacího listu,
Packed Item,Zabalená položka,
Packed Items,Zabalené položky,
Packed Items cannot be transferred internally,Zabalené položky nelze interně přesouvat,
Packed Qty,Zabalené množství,
Packing List,Balicí seznam,
Packing Slip,Balicí list,
Packing Slip Item,Položka balicího listu,
Packing Slip(s) cancelled,Balicí list(y) stornován(y),
Packing Unit,Balicí jednotka,
Page,Stránka,
Page Break,Zalomení stránky,
Page Break After Each SoA,Zalomení stránky za každým výpisem účtu,
Page Builder,Tvůrce stránek,
Page Building Blocks,Stavební bloky stránky,
Page has expired!,Platnost stránky vypršela!,
Page height and width cannot be zero,Výška a šířka stránky nemohou být nulové,
Page HTML,HTML stránky,
Page Name,Název stránky,
Page Number,Číslo stránky,
Page Route,Cesta stránky,
Page Settings,Nastavení stránky,
Page Title,Název stránky,
Paid,Zaplaceno,
Paid Amount,Zaplacená částka,
Paid Amount (Company Currency),Zaplacená částka (měna firmy),
Paid amount + Write Off Amount can not be greater than Grand Total,Zaplacená částka + odepsaná částka nemůže být vyšší než celková částka,
Paid Amount After Tax,Zaplacená částka po zdanění,
Paid Amount After Tax (Company Currency),Zaplacená částka po zdanění (měna firmy),
Paid Amount cannot be greater than total negative outstanding amount {0},Zaplacená částka nemůže být vyšší než celková záporná nesplacená částka {0},
Paid From Account Type,"Typ účtu, ze kterého bylo zaplaceno",
Paid From and Paid To accounts must be different for an Internal Transfer.,U interního převodu se účty Placeno z a Placeno na musí lišit.,
Paid To Account Type,"Typ účtu, na který bylo zaplaceno",
Paid via Salary Slip,Zaplaceno prostřednictvím výplatní pásky,
Pallets,Palety,
PAN No,Číslo PAN,
PAN Number,Číslo PAN,
Parameter,Parametr,
Parameter Group,Skupina parametrů,
Parameter Group Name,Název skupiny parametrů,
Parameter Name,Název parametru,
Parameters,Parametry,
Parcel Template,Šablona zásilky,
Parcel Template Name,Název šablony zásilky,
Parcel weight cannot be 0,Hmotnost zásilky nemůže být 0,
Parcels,Zásilky,
Parent,Nadřazený,
Parent Account,Nadřazený účet,
Parent Account Missing,Chybí nadřazený účet,
Parent Batch,Nadřazená šarže,
Parent Company,Mateřská firma,
Parent Company must be a group company,Mateřská firma musí být skupinovou firmou,
Parent Cost Center,Nadřazené nákladové středisko,
Parent Customer Group,Nadřazená skupina klientů,
Parent Department,Nadřazené oddělení,
Parent Detail docname,Název dokumentu nadřazeného detailu,
Parent DocType,Nadřazený DocType,
Parent Document,Nadřazený dokument,
Parent Document Type,Nadřazený typ dokumentu,
Parent document type is required to create a dashboard chart,Pro vytvoření grafu dashboardu je vyžadován nadřazený typ dokumentu,
Parent Document Type is required to create a number card,Pro vytvoření číselné karty je vyžadován nadřazený typ dokumentu,
Parent Element Selector,Selektor nadřazeného prvku,
Parent Field,Nadřazené pole,
Parent Field (Tree),Nadřazené pole (strom),
Parent Field must be a valid fieldname,Nadřazené pole musí být platný název pole,
Parent Goal,Nadřazený cíl,
Parent Icon,Ikona nadřazeného prvku,
Parent is the name of the document to which the data will get added to.,"Nadřazený je název dokumentu, do kterého budou data přidána.",
Parent Item,Nadřazená položka,
Parent Item Group,Nadřazená skupina položek,
Parent Item {0} must not be a Fixed Asset,Nadřazená položka {0} nesmí být dlouhodobým majetkem,
Parent Item {0} must not be a Stock Item,Nadřazená položka {0} nesmí být skladovou položkou,
Parent Label,Nadřazený popisek,
Parent Location,Nadřazené místo,
Parent Missing,Chybí nadřazený záznam,
Parent Page,Nadřazená stránka,
Parent Procedure,Nadřazený postup,
Parent Row No,Číslo nadřazeného řádku,
Parent Row No not found for {0},Nebylo nalezeno číslo nadřazeného řádku pro {0},
Parent Sales Person,Nadřazený obchodní zástupce,
Parent Supplier Group,Nadřazená skupina dodavatelů,
Parent Table,Nadřazená tabulka,
Parent Task,Nadřazený úkol,
Parent Task {0} is not a Template Task,Nadřazený úkol {0} není šablonovým úkolem,
Parent Task {0} must be a Group Task,Nadřazený úkol {0} musí být skupinovým úkolem,
Parent Territory,Nadřazené území,
Parent Warehouse,Nadřazený sklad,
Parentfield not specified in {0}: {1},Nebylo zadáno nadřazené pole (parentfield) v {0}: {1},
"Parenttype, Parent and Parentfield are required to insert a child record","Pro vložení podřízeného záznamu jsou vyžadovány hodnoty Parenttype, Parent a Parentfield",
Parsed file is not in valid MT940 format or contains no transactions.,Zpracovaný soubor není v platném formátu MT940 nebo neobsahuje žádné transakce.,
Parsing Error,Chyba zpracování,
Part-time,Částečný úvazek,
Partial,Částečné,
Partial Payment in POS Transactions are not allowed.,Částečné platby u transakcí POS nejsou povoleny.,
Partial Stock Reservation,Částečná rezervace skladu,
Partial Success,Částečný úspěch,
Partially Billed,Částečně vyfakturováno,
Partially Depreciated,Částečně odepsáno,
Partially Ordered,Částečně objednáno,
Partially Paid,Částečně zaplaceno,
Partially Received,Částečně přijato,
Participants,Účastníci,
Partly Billed,Částečně vyfakturováno,
Partly Claimed and Returned,Částečně uplatněno a vráceno,
Partner Type,Typ partnera,
Partner website,Web partnera,
Party,Strana,
Party Account,Účet strany,
Party Account Currency,Měna účtu strany,
Party account is required to create a payment entry.,Pro vytvoření platby je vyžadován účet strany.,
Party Account No. (Bank Statement),Číslo účtu strany (bankovní výpis),
Party Account {0} currency ({1}) and document currency ({2}) should be same,Měna účtu strany {0} ({1}) a měna dokladu ({2}) by měly být stejné,
Party Bank Account,Bankovní účet strany,
Party can only be one of {0},Strana může být pouze jedna z {0},
Party Details,Podrobnosti o straně,
Party Full Name,Celé jméno strany,
Party IBAN (Bank Statement),IBAN strany (bankovní výpis),
Party ID,ID strany,
Party Information,Informace o straně,
Party is mandatory,Strana je povinná,
Party is required create a payment entry.,Pro vytvoření platby je vyžadována strana.,
Party Item Code,Kód položky strany,
Party Link,Odkaz na stranu,
Party Mismatch,Neshoda strany,
Party Name,Název strany,
Party Name/Account Holder (Bank Statement),Název strany / majitel účtu (bankovní výpis),
Party Not Required,Strana není vyžadována,
Party Specific Item,Položka specifická pro stranu,
Party Type,Typ strany,
Party Type and Party can only be set for Receivable / Payable account<br><br>{0},Typ strany a stranu lze nastavit pouze u účtu pohledávek / závazků<br><br>{0},
Party Type and Party is mandatory for {0} account,Typ strany a strana jsou povinné pro účet {0},
Party Type and Party is required for Receivable / Payable account {0},Typ strany a strana jsou vyžadovány pro účet pohledávek / závazků {0},
Party Type is mandatory,Typ strany je povinný,
Party type is required to create a payment entry.,Pro vytvoření platby je vyžadován typ strany.,
Party User,Uživatel strany,
Passport Details,Údaje o cestovním pasu,
Passport Number,Číslo cestovního pasu,
Password,Heslo,
Password changed successfully.,Heslo bylo úspěšně změněno.,
Password for Base DN,Heslo pro Base DN,
Password is required or select Awaiting Password,"Je vyžadováno heslo, nebo vyberte možnost Čeká na heslo",
Password not found for {0} {1} {2},Heslo nebylo nalezeno pro {0} {1} {2},
Password Policy,Zásady hesla,
Password policy cannot contain spaces or simultaneous hyphens. The format will be restructured automatically,Zásady hesla nesmí obsahovat mezery ani po sobě jdoucí pomlčky. Formát bude automaticky upraven,
Password policy for Salary Slips is not set,Nejsou nastaveny zásady hesla pro výplatní pásky,
Password Required,Vyžadováno heslo,
Password requirements not met,Požadavky na heslo nebyly splněny,
Password Reset,Reset hesla,
Password Reset Link Generation Limit,Limit generování odkazu pro reset hesla,
Password reset link has been sent to your email.,Odkaz pro reset hesla byl odeslán na váš e-mail.,
Password size exceeded the maximum allowed size,Velikost hesla přesáhla maximální povolenou velikost,
Password size exceeded the maximum allowed size.,Velikost hesla přesáhla maximální povolenou velikost.,
Passwords do not match!,Hesla se neshodují!,
Past Due Date,Datum po splatnosti,
Patch,Patch,
Patch Log,Log patche,
Patch type {} not found in patches.txt,Typ patche {} nebyl v patches.txt nalezen,
Path,Cesta,
Path to CA Certs File,Cesta k souboru certifikátů CA,
Path to private Key File,Cesta k souboru soukromého klíče,
Path to Server Certificate,Cesta k certifikátu serveru,
Path {0} is not within module {1},Cesta {0} se nenachází v modulu {1},
Path {0} it not a valid path,Cesta {0} není platná cesta,
Pause,Pozastavit,
Pause Job,Pozastavit úlohu,
Pause Sla on Status,Pozastavit SLA při stavu,
Pay Details,Podrobnosti platby,
Pay Rate Multipliers,Násobitele mzdové sazby,
Pay To / Recd From,Komu zaplaceno / Od koho přijato,
Pay Via Payment Entry,Zaplatit prostřednictvím platby,
Pay via Salary Slip,Zaplatit prostřednictvím výplatní pásky,
Payable,Závazek,
Payable Account,Účet závazků,
Payables,Závazky,
Payer Settings,Nastavení plátce,
Payload Count,Počet payloadů,
Payment,Platba,
Payment Account,Platební účet,
Payment Account is mandatory,Platební účet je povinný,
Payment against {0} {1} cannot be greater than Outstanding Amount {2},Platba proti {0} {1} nemůže být vyšší než nesplacená částka {2},
Payment Amount,Výše platby,
Payment Amount (Company Currency),Výše platby (měna firmy),
Payment amount cannot be less than or equal to 0,Výše platby nemůže být nižší nebo rovna 0,
Payment and Accounting,Platby a účetnictví,
Payment Channel,Platební kanál,
Payment Date,Datum platby,
Payment Days,Dny placení,
Payment Days Calculation Help,Nápověda k výpočtu dnů placení,
Payment Days calculations are based on these Payroll Settings,Výpočty dnů placení vycházejí z tohoto nastavení mezd,
Payment Days Dependency,Závislost dnů placení,
Payment Deductions or Loss,Srážky nebo ztráty z platby,
Payment Document,Platební doklad,
Payment Document Type,Typ platebního dokladu,
Payment Due Date,Datum splatnosti platby,
Payment Entries,Platby,
Payment Entries {0} are un-linked,Platby {0} byly odpojeny,
Payment Entry,Platba,
Payment Entry already exists,Platba již existuje,
Payment Entry Deduction,Srážka platby,
Payment Entry is already created,Platba je již vytvořena,
Payment Entry Reference,Reference platby,
"Payment Entry {0} is linked against Order {1}, check if it should be pulled as advance in this invoice.","Platba {0} je propojena s objednávkou {1}, zkontrolujte, zda by měla být do této faktury načtena jako záloha.",
Payment Failed,Platba se nezdařila,
Payment From / To,Platba od / do,
Payment Gateway,Platební brána,
Payment Gateway Account,Účet platební brány,
"Payment Gateway Account not created, please create one manually.","Účet platební brány nebyl vytvořen, vytvořte jej ručně.",
Payment Gateway Details,Podrobnosti platební brány,
Payment Ledger,Kniha plateb,
Payment Ledger Balance,Zůstatek knihy plateb,
Payment Ledger Entry,Záznam knihy plateb,
Payment Limit,Limit platby,
Payment Link couldn't be sent.,Odkaz na platbu se nepodařilo odeslat.,
Payment Method,Způsob platby,
Payment Methods,Způsoby platby,
Payment methods are mandatory. Please add at least one payment method.,Způsoby platby jsou povinné. Přidejte alespoň jeden způsob platby.,
Payment methods refreshed. Please review before proceeding.,Způsoby platby byly obnoveny. Před pokračováním je zkontrolujte.,
Payment Mode,Způsob platby,
Payment of {0} from {1} to {2},Platba {0} od {1} do {2},
Payment of {0} received successfully.,Platba {0} byla úspěšně přijata.,
Payment of {0} received successfully. Waiting for other requests to complete...,Platba {0} byla úspěšně přijata. Čeká se na dokončení dalších požadavků...,
Payment Options,Možnosti platby,
Payment Order,Platební příkaz,
Payment Order Reference,Reference platebního příkazu,
Payment Order Status,Stav platebního příkazu,
Payment Order Type,Typ platebního příkazu,
Payment Period Based On Invoice Date,Platební období na základě data faktury,
Payment Plan,Platební plán,
Payment Received,Platba přijata,
Payment Reconciliation,Odsouhlasení plateb,
Payment Reconciliation Allocation,Přidělení odsouhlasení plateb,
Payment Reconciliation Invoice,Faktura odsouhlasení plateb,
Payment Reconciliation Job: {0} is running for this party. Can't reconcile now.,Pro tuto stranu běží úloha odsouhlasení plateb: {0}. Nyní nelze provést odsouhlasení.,
Payment Reconciliation Payment,Platba odsouhlasení plateb,
Payment Reconciliation Settings,Nastavení odsouhlasení plateb,
Payment Reference,Reference platby,
Payment References,Reference plateb,
Payment related to {0} is not completed,Platba související s {0} není dokončena,
Payment Request,Žádost o platbu,
Payment request failed,Žádost o platbu se nezdařila,
Payment Request for {0},Žádost o platbu pro {0},
Payment Request is already created,Žádost o platbu je již vytvořena,
Payment Request Outstanding,Nesplacená žádost o platbu,
Payment Request took too long to respond. Please try requesting for payment again.,Odpověď na žádost o platbu trvala příliš dlouho. Zkuste o platbu požádat znovu.,
Payment Request Type,Typ žádosti o platbu,
Payment Requests cannot be created against: {0},Proti {0} nelze vytvořit žádosti o platbu,
Payment Schedule,Platební harmonogram,
Payment Schedule based Payment Requests cannot be created because a Payment Entry already exists for this document.,"Žádosti o platbu založené na platebním harmonogramu nelze vytvořit, protože k tomuto dokumentu již existuje platba.",
Payment Term,Platební podmínka,
Payment Term Name,Název platební podmínky,
Payment Term Outstanding,Nesplacená částka platební podmínky,
Payment term {0} not used in {1},Platební podmínka {0} není použita v {1},
Payment Terms,Platební podmínky,
Payment Terms Status for Sales Order,Stav platebních podmínek pro prodejní objednávku,
Payment Terms Template,Šablona platebních podmínek,
Payment Terms Template Detail,Detail šablony platebních podmínek,
Payment Type,Typ platby,
"Payment Type must be one of Receive, Pay and Internal Transfer","Typ platby musí být jeden z: Přijmout, Zaplatit nebo Interní převod",
Payment Unlink Error,Chyba odpojení platby,
Payment URL,URL adresa platby,
Payments,Platby,
payments app is not installed. Please install it from {} or {},Aplikace payments není nainstalována. Nainstalujte ji z {} nebo {},
Payments could not be updated.,Platby se nepodařilo aktualizovat.,
Payments updated.,Platby byly aktualizovány.,
Payout Method,Způsob výplaty,
Payout Unclaimed Amount in Final Payroll Cycle,Vyplatit neuplatněnou částku v posledním mzdovém cyklu,
Payroll,Mzdy,
Payroll Based On,Mzdy založené na,
Payroll Correction,Oprava mezd,
Payroll Correction Child,Podřízený záznam opravy mezd,
Payroll Cost Center,Nákladové středisko mezd,
Payroll Cost Centers,Nákladová střediska mezd,
Payroll Date,Datum zpracování mezd,
Payroll date can not be greater than employee's relieving date.,Datum zpracování mezd nemůže být pozdější než datum ukončení zaměstnance.,
Payroll date can not be less than employee's joining date.,Datum zpracování mezd nemůže být dřívější než datum nástupu zaměstnance.,
Payroll date cannot be in the past. This is to ensure that claims are made for the current or future payroll cycles.,"Datum zpracování mezd nemůže být v minulosti. Tím se zajistí, že nároky jsou uplatňovány pro aktuální nebo budoucí mzdové cykly.",
Payroll date is mandatory for non-recurring type additional salaries.,Datum zpracování mezd je povinné u jednorázových dodatečných mezd.,
Payroll Employee Detail,Detail zaměstnance pro mzdy,
Payroll Entry,Zpracování mezd,
Payroll Entry cancellation is queued. It may take a few minutes,Storno zpracování mezd je zařazeno do fronty. Může to trvat několik minut,
Payroll Frequency,Frekvence zpracování mezd,
Payroll Info,Informace o mzdách,
Payroll Number,Číslo mzdového zpracování,
Payroll Payable,Mzdový závazek,
Payroll Payable Account,Účet mzdových závazků,
Payroll Period,Mzdové období,
Payroll Period Date,Datum mzdového období,
Payroll Periods,Mzdová období,
Payroll Reports,Mzdové reporty,
Payroll Settings,Nastavení mezd,
Payslip,Výplatní páska,
PCV Job Timeout (seconds),Časový limit úlohy PCV (s),
PCV Paused,PCV pozastaveno,
PCV Resumed,PCV obnoveno,
PDF,PDF,
PDF generation failed,Generování PDF se nezdařilo,
PDF generation failed because of broken image links,Generování PDF se nezdařilo kvůli nefunkčním odkazům na obrázky,
PDF Generation in Progress,Probíhá generování PDF,
PDF generation may not work as expected.,Generování PDF nemusí fungovat podle očekávání.,
PDF Generator,Generátor PDF,
PDF Name,Název PDF,
PDF Page Height (in mm),Výška stránky PDF (v mm),
PDF Page Size,Velikost stránky PDF,
PDF Page Width (in mm),Šířka stránky PDF (v mm),
"PDF printing via ""Raw Print"" is not supported.","Tisk PDF přes ""Raw Print"" není podporován.",
PDF Settings,Nastavení PDF,
PDF statement support requires the 'pdfplumber' library to be installed.,Podpora výpisů PDF vyžaduje nainstalovanou knihovnu 'pdfplumber'.,
PDF Tables,Tabulky PDF,
Peak Memory Usage,Špičkové využití paměti,
Pegged Against,Vázáno na,
Pegged Currencies,Fixované měny,
Pegged Currency Details,Podrobnosti fixované měny,
Pending,Čeká na vyřízení,
Pending activities for today,Dnešní čekající aktivity,
Pending Amount,Čekající částka,
Pending Asset Returns,Čekající vrácení majetku,
Pending Emails,Čekající e-maily,
Pending FnF,Čekající závěrečné vyrovnání,
Pending Interviews,Čekající pohovory,
Pending Jobs,Čekající úlohy,
Pending processing,Čeká na zpracování,
Pending Qty,Čekající množství,
Pending Quantity,Čekající množství,
Pending quantity cannot be greater than the for quantity.,Čekající množství nemůže být vyšší než požadované množství.,
Pending Quantity cannot be greater than {0},Čekající množství nemůže být vyšší než {0},
Pending Quantity cannot be less than 0,Čekající množství nemůže být nižší než 0,
Pending quantity cannot be negative.,Čekající množství nemůže být záporné.,
Pending Questionnaires,Čekající dotazníky,
Pending SO Items For Purchase Request,Čekající položky prodejní objednávky pro požadavek na nákup,
Pending Work Order,Čekající výrobní příkaz,
Per Received,% přijato,
Per Transferred,% přesunuto,
Per-Company Accounts,Účty dle firmy,
Percent,Procento,
Percent Deduction,Procentuální srážka,
Percent of CTC (%),Procento z CTC (%),
Percentage (%),Procento (%),
Percentage Allocation,Procentuální přidělení,
Percentage Allocation should be equal to 100%,Procentuální přidělení by mělo být rovno 100 %,
Perception Analysis,Analýza vnímání,
Performance,Výkon,
Period,Období,
Period Based On,Období založeno na,
Period Closed,Období uzavřeno,
Period Closing Entry For Current Period,Uzávěrkový zápis za aktuální období,
Period Closing Voucher,Uzávěrkový doklad,
Period Closing Voucher {0} GL Entry Cancellation Failed,Storno účetního zápisu uzávěrkového dokladu {0} se nezdařilo,
Period Closing Voucher {0} GL Entry Processing Failed,Zpracování účetního zápisu uzávěrkového dokladu {0} se nezdařilo,
Period Details,Podrobnosti období,
Period End Date,Datum konce období,
Period End Date cannot be greater than Fiscal Year End Date,Datum konce období nemůže být pozdější než datum konce fiskálního roku,
Period Name,Název období,
Period Score,Skóre období,
Period Settings,Nastavení období,
Period Start Date,Datum začátku období,
Period Start Date cannot be greater than Period End Date,Datum začátku období nemůže být pozdější než datum konce období,
Period Start Date must be {0},Datum začátku období musí být {0},
Period To Date,Období do data,
Periodic Accounting,Periodické účtování,
Periodic Accounting Entry is not allowed for company {0} with perpetual inventory enabled,Periodický účetní zápis není u firmy {0} s povoleným průběžným skladovým účtováním povolen,
Periodic Entry Difference Account,Účet rozdílu periodického zápisu,
Periodicity,Periodicita,
Perm Level,Úroveň oprávnění,
Permanent Address,Trvalá adresa,
Permanent Address Is,Trvalá adresa je,
Permanently cancel {0},Trvale stornovat {0},
Permanently submit {0},Trvale odeslat {0},
Permission,Oprávnění,
Permission Denied,Oprávnění odepřeno,
Permission Error,Chyba oprávnění,
Permission Inspector,Inspektor oprávnění,
Permission Level,Úroveň oprávnění,
Permission Levels,Úrovně oprávnění,
Permission Log,Log oprávnění,
Permission Manager,Správce oprávnění,
Permission Rules,Pravidla oprávnění,
Permission Type,Typ oprávnění,
Permission Type '{0}' is reserved. Please choose another name.,Typ oprávnění '{0}' je rezervovaný. Zvolte jiný název.,
Permissions,Oprávnění,
Permissions are automatically applied to Standard Reports and searches.,Oprávnění se automaticky uplatňují na standardní reporty a vyhledávání.,
"Permissions are set on Roles and Document Types (called DocTypes) by setting rights like Read, Write, Create, Delete, Submit, Cancel, Amend, Report, Import, Export, Print, Email and Set User Permissions.","Oprávnění se nastavují na rolích a typech dokumentů (nazývaných DocTypy) nastavením práv jako Číst, Zapisovat, Vytvořit, Smazat, Odeslat, Stornovat, Opravit, Report, Import, Export, Tisk, E-mail a Nastavit uživatelská oprávnění.",
Permissions at higher levels are Field Level permissions. All Fields have a Permission Level set against them and the rules defined at that permissions apply to the field. This is useful in case you want to hide or make certain field read-only for certain Roles.,"Oprávnění na vyšších úrovních jsou oprávnění na úrovni pole. Každé pole má nastavenou úroveň oprávnění a pravidla definovaná pro tuto úroveň se na dané pole vztahují. To je užitečné, pokud chcete některá pole pro určité role skrýt nebo je nastavit jen pro čtení.",
"Permissions at level 0 are Document Level permissions, i.e. they are primary for access to the document.","Oprávnění na úrovni 0 jsou oprávnění na úrovni dokumentu, tj. jsou zásadní pro přístup k dokumentu.",
Permissions Error,Chyba oprávnění,
Permissions get applied on Users based on what Roles they are assigned.,"Oprávnění se na uživatele uplatňují na základě rolí, které mají přiřazené.",
Permitted Documents For User,Povolené dokumenty pro uživatele,
Permitted Roles,Povolené role,
Perpetual inventory required for the company {0} to view this report.,Pro zobrazení tohoto reportu je u firmy {0} vyžadováno průběžné skladové účtování.,
Personal Data Deletion Request,Žádost o smazání osobních údajů,
Personal Data Deletion Step,Krok smazání osobních údajů,
Personal Data Download Request,Žádost o stažení osobních údajů,
Personal Details,Osobní údaje,
Personal Email,Osobní e-mail,
Personalizing your setup,Přizpůsobování vašeho nastavení,
PF Account,Účet PF,
PF Amount,Částka PF,
PF Loan,Půjčka PF,
Phantom BOM cannot be created for stock item {0}.,Pro skladovou položku {0} nelze vytvořit fantomový kusovník.,
Phantom Item,Fantomová položka,
Pharmaceutical,Farmaceutický,
Phone,Telefon,
Phone Ext.,Linka telefonu,
Phone No,Telefonní číslo,
Phone No.,Telefonní číslo,
Phone Number,Telefonní číslo,
Phone Number {0} set in field {1} is not valid.,Telefonní číslo {0} zadané v poli {1} není platné.,
Pick List,Vychystávací seznam,
Pick List Incomplete,Vychystávací seznam neúplný,
Pick List Item,Položka vychystávacího seznamu,
Pick Manually,Vybrat ručně,
Pick Serial / Batch,Vybrat sériové číslo / šarži,
Pick Serial / Batch Based On,Výběr sériového čísla / šarže založen na,
Pick Serial / Batch No,Vybrat sériové číslo / číslo šarže,
Picked Qty,Vychystané množství,
Picked Qty (in Stock UOM),Vychystané množství (ve skladové měrné jednotce),
Pickup Contact Person,Kontaktní osoba pro vyzvednutí,
Pickup Date,Datum vyzvednutí,
Pickup Date cannot be before this day,Datum vyzvednutí nemůže být před dnešním dnem,
Pickup From,Vyzvednutí od,
Pickup from,Vyzvednutí od,
Pickup to,Vyzvednutí do,
Pickup To time should be greater than Pickup From time,Čas Vyzvednutí do by měl být pozdější než čas Vyzvednutí od,
Pickup Type,Typ vyzvednutí,
Piecework,Úkolová práce,
PIN,PIN,
Pincode,PSČ,
Pipeline By,Pipeline podle,
Place of Issue,Místo vydání,
Placeholder,Zástupný symbol,
Plaid Access Token,Přístupový token Plaid,
Plaid Client ID,ID klienta Plaid,
Plaid Environment,Prostředí Plaid,
Plaid Link Failed,Propojení Plaid se nezdařilo,
Plaid Link Refresh Required,Je vyžadováno obnovení propojení Plaid,
Plaid Link Updated,Propojení Plaid bylo aktualizováno,
Plaid Secret,Tajný klíč Plaid,
Plaid Settings,Nastavení Plaid,
Plaid transactions sync error,Chyba synchronizace transakcí Plaid,
Plan,Plán,
Plan Name,Název plánu,
Planned,Plánováno,
Planned End Date,Plánované datum konce,
Planned End Date cannot be before Planned Start Date,Plánované datum konce nemůže být před plánovaným datem začátku,
Planned End Time,Plánovaný čas konce,
Planned number of Positions,Plánovaný počet pozic,
Planned Operating Cost,Plánované provozní náklady,
Planned Purchase Order,Plánovaná nákupní objednávka,
Planned Qty,Plánované množství,
"Planned Qty: Quantity, for which, Work Order has been raised, but is pending to be manufactured.","Plánované množství: Množství, pro které byl vytvořen výrobní příkaz, ale dosud nebylo vyrobeno.",
Planned Quantity,Plánované množství,
Planned Start Date,Plánované datum začátku,
Planned Start Time,Plánovaný čas začátku,
Planned Work Order,Plánovaný výrobní příkaz,
Planning,Plánování,
Plans,Plány,
Plant Dashboard,Dashboard provozu,
Plant Floor,Výrobní hala,
Plants and Machineries,Provozy a stroje,
Please add 'Supplier' role to user {0}.,Přidejte uživateli {0} roli 'Dodavatel'.,
Please add a subject to your email,Zadejte předmět e-mailu,
Please add a Temporary Opening account in Chart of Accounts,Přidejte účet Dočasný počáteční stav do účtové osnovy,
Please add a valid Holiday List on Appointment Booking Settings.,Přidejte platný seznam svátků v nastavení rezervace schůzek.,
Please add an account for the Bank Entry rule.,Přidejte účet pro pravidlo bankovního zápisu.,
Please add atleast one user on Allowed Users to allow Data Synchronization from Frappe CRM site.,"Přidejte alespoň jednoho uživatele do povolených uživatelů, aby bylo možné povolit synchronizaci dat z webu Frappe CRM.",
Please add Mode of payments and opening balance details.,Přidejte způsoby platby a podrobnosti počátečního zůstatku.,
Please add Operations first.,Nejprve přidejte operace.,
Please add Request for Quotation to the sidebar in Portal Settings.,Přidejte Žádost o nabídku do postranního panelu v nastavení portálu.,
Please add Root Account for - {0},Přidejte kořenový účet pro - {0},
Please add the account to root level Company - {0},Přidejte účet na úroveň kořenové firmy - {0},
Please add the account to root level Company - {},Přidejte účet na úroveň kořenové firmy - {},
Please add the Bank Account column,Přidejte sloupec Bankovní účet,
Please add {1} role to user {0}.,Přidejte uživateli {0} roli {1}.,
Please adjust the qty or edit {0} to proceed.,Pro pokračování upravte množství nebo upravte {0}.,
Please ask your administrator to verify your sign-up,Požádejte administrátora o ověření vaší registrace,
Please assign a Salary Structure for Employee {0} applicable from or before {1} first,Nejprve přiřaďte zaměstnanci {0} mzdovou strukturu platnou od data {1} nebo dříve,
Please attach an image file to set HTML for Footer.,Přiložte obrázek pro nastavení HTML patičky.,
Please attach an image file to set HTML for Letter Head.,Přiložte obrázek pro nastavení HTML hlavičkového papíru.,
Please attach CSV file,Přiložte soubor CSV,
Please attach the package,Přiložte balíček,
Please Authorize OAuth for Email Account {0},Autorizujte OAuth pro e-mailový účet {0},
Please Authorize OAuth for Email Account {},Autorizujte OAuth pro e-mailový účet {},
Please cancel and amend the Payment Entry,Stornujte a opravte platbu,
Please cancel payment entry manually first,Nejprve ručně stornujte platbu,
Please cancel related transaction.,Stornujte související transakci.,
Please capitalize this asset before submitting.,Před odesláním tento majetek aktivujte.,
Please check either with operations or FG Based Operating Cost.,"Zkontrolujte buď operace, nebo provozní náklady založené na hotovém výrobku.",
Please check Multi Currency option to allow accounts with other currency,"Zaškrtněte volbu Vícemenové účty, aby bylo povoleno používat účty v jiné měně",
Please check Process Deferred Accounting {0} and submit manually after resolving errors.,Zkontrolujte zpracování časového rozlišení {0} a po vyřešení chyb jej ručně odešlete.,
Please check the 'Activate Serial and Batch No for Item' checkbox in the {0} to make Serial and Batch Bundle for the item.,"Chcete-li vytvořit balíček sériových čísel a šarží pro položku, zaškrtněte v {0} políčko 'Aktivovat sériové číslo a šarži pro položku'.",
Please check the error message and take necessary actions to fix the error and then restart the reposting again.,"Zkontrolujte chybovou zprávu, proveďte potřebné kroky k opravě chyby a poté znovu spusťte přeúčtování.",
Please check the filter values set for Dashboard Chart: {},Zkontrolujte hodnoty filtrů nastavené pro graf dashboardu: {},
"Please check the value of ""Fetch From"" set for field {0}","Zkontrolujte hodnotu ""Fetch From"" nastavenou pro pole {0}",
Please check your email for verification,Zkontrolujte svůj e-mail kvůli ověření,
Please check your email login credentials.,Zkontrolujte své přihlašovací údaje k e-mailu.,
Please check your email to confirm the appointment,Zkontrolujte svůj e-mail a potvrďte schůzku,
Please check your email to confirm the appointment.,Zkontrolujte svůj e-mail a potvrďte schůzku.,
Please check your Plaid client ID and secret values,Zkontrolujte hodnoty ID klienta a tajného klíče Plaid,
Please check your registered email address for instructions on how to proceed. Do not close this window as you will have to return to it.,"Zkontrolujte svou registrovanou e-mailovou adresu, kde najdete pokyny, jak postupovat. Nezavírejte toto okno, budete se k němu muset vrátit.",
Please click Edit on the Workspace for best results,Pro nejlepší výsledek klikněte na pracovní ploše na Upravit,
"Please click on 'Export Errored Rows', fix the errors and import again.","Klikněte na 'Exportovat chybné řádky', opravte chyby a proveďte import znovu.",
Please click on 'Generate Schedule',Klikněte na 'Generovat plán',
Please click on 'Generate Schedule' to fetch Serial No added for Item {0},Klikněte na 'Generovat plán' pro načtení sériových čísel přidaných u položky {0},
Please click on 'Generate Schedule' to get schedule,Klikněte na 'Generovat plán' pro získání plánu,
Please click on the following link and follow the instructions on the page. {0},Klikněte na následující odkaz a postupujte podle pokynů na stránce. {0},
Please complete the job first before entering Pending Quantity,Před zadáním čekajícího množství nejprve dokončete úlohu,
Please configure accounts for the Bank Entry rule.,Nakonfigurujte účty pro pravidlo bankovního zápisu.,
Please contact any of the following users to extend the credit limits for {0}: {1},Kontaktujte některého z následujících uživatelů kvůli navýšení úvěrového limitu pro {0}: {1},
Please contact any of the following users to {} this transaction.,Kontaktujte některého z následujících uživatelů kvůli {} této transakce.,
Please contact your administrator to extend the credit limits for {0}.,Kontaktujte svého administrátora kvůli navýšení úvěrového limitu pro {0}.,
Please contact your system manager to install correct version.,Kontaktujte svého správce systému kvůli instalaci správné verze.,
Please convert the parent account in corresponding child company to a group account.,Převeďte nadřazený účet v odpovídající dceřiné firmě na skupinový účet.,
Please create a new Accounting Dimension if required.,V případě potřeby vytvořte novou účetní dimenzi.,
Please create a new {0} for the date {1} first.,Nejprve vytvořte nový {0} pro datum {1}.,
Please create Card first,Nejprve vytvořte kartu,
Please create chart first,Nejprve vytvořte graf,
Please create Customer from Lead {0}.,Vytvořte klienta z potenciálního zákazníka {0}.,
Please create Landed Cost Vouchers against Invoices that have 'Update Stock' enabled.,"Vytvořte doklady vedlejších pořizovacích nákladů k fakturám, které mají povoleno 'Aktualizovat sklad'.",
Please create purchase from internal sale or delivery document itself,Vytvořte nákup přímo z interního prodejního nebo dodacího dokladu,
Please create purchase receipt or purchase invoice for the item {0},Vytvořte příjemku nebo přijatou fakturu pro položku {0},
"Please delete Product Bundle {0}, before merging {1} into {2}",Před sloučením {1} do {2} smažte sadu produktů {0},
Please delete the Employee {0} to cancel this document,"Chcete-li tento dokument stornovat, smažte zaměstnance {0}",
Please delete the field from {0} or add the required doctype.,"Smažte pole z {0}, nebo přidejte požadovaný DocType.",
Please disable workflow temporarily for Journal Entry {0},Dočasně zakažte workflow pro účetní zápis {0},
Please do not book expense of multiple assets against one single Asset.,Nezaúčtovávejte výdaj za více kusů majetku proti jedinému majetku.,
Please do not change the template headings.,Neměňte nadpisy šablony.,
Please do not create more than 500 items at a time,Nevytvářejte více než 500 položek najednou,
Please duplicate this to make changes,"Chcete-li provést změny, vytvořte duplikát",
Please Duplicate this Website Theme to customize.,"Chcete-li tento motiv webu přizpůsobit, vytvořte jeho duplikát.",
Please enable Applicable on Booking Actual Expenses,Povolte volbu Platí pro zaúčtování skutečných výdajů,
Please enable Applicable on Purchase Order and Applicable on Booking Actual Expenses,Povolte volby Platí pro nákupní objednávku a Platí pro zaúčtování skutečných výdajů,
Please enable atleast one Social Login Key or LDAP or Login With Email Link before disabling username/password based login.,"Před zakázáním přihlášení pomocí uživatelského jména a hesla povolte alespoň jeden klíč sociálního přihlášení, LDAP nebo přihlášení pomocí e-mailového odkazu.",
Please Enable Auto Attendance and complete the setup first.,Nejprve povolte automatickou docházku a dokončete nastavení.,
Please enable default incoming account before creating Daily Work Summary Group,Před vytvořením skupiny denního souhrnu práce povolte výchozí příchozí účet,
Please enable only if the understand the effects of enabling this.,"Povolte pouze v případě, že rozumíte důsledkům tohoto nastavení.",
Please enable pop-ups,Povolte vyskakovací okna,
Please enable Use Old Serial / Batch Fields to make_bundle,Povolte volbu Použít stará pole sériových čísel / šarží pro vytvoření balíčku,
Please enable {0} in the {1}.,Povolte {0} v {1}.,
Please enable {} before continuing.,Před pokračováním povolte {}.,
Please enable {} in {} to allow same item in multiple rows,"Povolte {} v {}, aby bylo možné použít stejnou položku ve více řádcích",
Please ensure that the {0} account is a Balance Sheet account. You can change the parent account to a Balance Sheet account or select a different account.,"Ujistěte se, že účet {0} je rozvahovým účtem. Můžete změnit nadřazený účet na rozvahový účet, nebo vybrat jiný účet.",
Please ensure that the {0} account {1} is a Payable account. You can change the account type to Payable or select a different account.,"Ujistěte se, že účet {0} {1} je účtem závazků. Můžete změnit typ účtu na Závazek, nebo vybrat jiný účet.",
Please ensure that your profile has an email address,"Ujistěte se, že váš profil obsahuje e-mailovou adresu",
Please ensure {} account is a Balance Sheet account.,"Ujistěte se, že účet {} je rozvahovým účtem.",
Please ensure {} account {} is a Receivable account.,"Ujistěte se, že účet {} {} je účtem pohledávek.",
Please enter <b>Difference Account</b> or set default <b>Stock Adjustment Account</b> for company {0},"Zadejte <b>Rozdílový účet</b>, nebo nastavte výchozí <b>Účet úpravy skladu</b> pro firmu {0}",
Please enter a valid email address,Zadejte platnou e-mailovou adresu,
Please enter a valid number of deliveries,Zadejte platný počet dodávek,
Please enter a valid quantity,Zadejte platné množství,
Please enter a valid Write Off Account,Zadejte platný odpisový účet,
Please enter a valid Write Off Cost Center,Zadejte platné odpisové nákladové středisko,
Please enter Access Token URL,Zadejte URL adresu přístupového tokenu,
Please enter Account for Change Amount,Zadejte účet pro částku nazpět,
Please enter Approving Role or Approving User,Zadejte schvalovací roli nebo schvalujícího uživatele,
Please enter at least one delivery date and quantity,Zadejte alespoň jedno datum dodání a množství,
Please enter Authorize URL,Zadejte autorizační URL adresu,
Please enter Base URL,Zadejte základní URL adresu,
Please enter Batch No,Zadejte číslo šarže,
Please enter Client ID before social login is enabled,Před povolením sociálního přihlášení zadejte ID klienta,
Please enter Client Secret before social login is enabled,Před povolením sociálního přihlášení zadejte tajný klíč klienta,
Please enter company name first,Nejprve zadejte název firmy,
Please enter Cost Center,Zadejte nákladové středisko,
Please enter default currency in Company Master,Zadejte výchozí měnu v nastavení firmy,
Please enter Delivery Date,Zadejte datum dodání,
Please enter Employee Id of this sales person,Zadejte ID zaměstnance tohoto obchodního zástupce,
Please enter Expense Account,Zadejte nákladový účet,
Please enter Item Code to get Batch Number,Zadejte kód položky pro získání čísla šarže,
Please enter Item first,Nejprve zadejte položku,
Please enter Maintenance Details first,Nejprve zadejte podrobnosti údržby,
Please enter message before sending,Před odesláním zadejte zprávu,
Please enter mobile number first.,Nejprve zadejte mobilní telefonní číslo.,
Please enter OpenID Configuration URL,Zadejte URL adresu konfigurace OpenID,
Please enter parent cost center,Zadejte nadřazené nákladové středisko,
Please enter Planned Qty for Item {0} at row {1},Zadejte plánované množství pro položku {0} na řádku {1},
Please enter Production Item first,Nejprve zadejte výrobní položku,
Please enter Purchase Receipt first,Nejprve zadejte příjemku,
Please enter Receipt Document,Zadejte doklad o příjmu,
Please enter Redirect URL,Zadejte přesměrovací URL adresu,
Please enter Reference date,Zadejte referenční datum,
Please enter relieving date.,Zadejte datum ukončení.,
Please enter Root Type for account- {0},Zadejte kořenový typ pro účet - {0},
Please enter Serial No,Zadejte sériové číslo,
Please enter serial nos,Zadejte sériová čísla,
Please enter Shipment Parcel information,Zadejte informace o zásilce,
Please enter the company name to confirm,Pro potvrzení zadejte název firmy,
Please enter the designation,Zadejte pracovní pozici,
Please enter the first delivery date,Zadejte datum prvního dodání,
Please enter the phone number first,Nejprve zadejte telefonní číslo,
Please enter the {schedule_date}.,Zadejte {schedule_date}.,
Please enter valid mobile nos,Zadejte platná mobilní telefonní čísla,
Please enter Warehouse and Date,Zadejte sklad a datum,
Please enter Write Off Account,Zadejte odpisový účet,
Please enter your email address,Zadejte svou e-mailovou adresu,
Please enter {0},Zadejte {0},
Please fill all fields,Vyplňte všechna pole,
"Please fill in Employee, Posting Date, and Company before fetching overtime details.","Před načtením podrobností o přesčasu vyplňte zaměstnance, datum zaúčtování a firmu.",
Please fill the Material Requests table,Vyplňte tabulku požadavků na materiál,
Please fill the Sales Orders table,Vyplňte tabulku prodejních objednávek,
Please fill up the Availability of Slots table to enable Appointment Scheduling.,"Vyplňte tabulku dostupnosti termínů, aby bylo možné povolit plánování schůzek.",
Please find attached {0}: {1},V příloze naleznete {0}: {1},
"Please first set Full Name, Email and Phone for the user","Nejprve nastavte uživateli celé jméno, e-mail a telefon",
Please fix overlapping time slots for {0},Opravte překrývající se časové intervaly pro {0},
Please fix overlapping time slots for {0}.,Opravte překrývající se časové intervaly pro {0}.,
Please generate the To Delete list before submitting,Před odesláním vygenerujte seznam k odstranění,
Please generate To Delete list before submitting,Před odesláním vygenerujte seznam k odstranění,
Please import accounts against parent company or enable {} in company master.,"Importujte účty proti mateřské firmě, nebo povolte {} v nastavení firmy.",
Please Install the ldap3 library via pip to use ldap functionality.,Pro použití funkcí LDAP nainstalujte pomocí pip knihovnu ldap3.,
Please login to post a comment.,Pro přidání komentáře se přihlaste.,
Please make sure the employees above report to another Active employee.,"Ujistěte se, že výše uvedení zaměstnanci mají jako nadřízeného jiného aktivního zaměstnance.",
Please make sure the file you are using has 'Parent Account' column present in the header.,"Ujistěte se, že soubor, který používáte, má v záhlaví sloupec 'Nadřazený účet'.",
Please make sure the Reference Communication Docs are not circularly linked.,"Ujistěte se, že referenční komunikační dokumenty nejsou propojeny kruhovým odkazem.",
Please make sure you really want to delete all the transactions for {0}. Your master data will remain as it is. This action cannot be undone.,"Ujistěte se, že opravdu chcete smazat všechny transakce pro {0}. Kmenová data zůstanou zachována. Tuto akci nelze vrátit zpět.",
Please mention 'Weight UOM' along with Weight.,Spolu s hmotností uveďte i 'Měrnou jednotku hmotnosti'.,
Please mention '{0}' in Company: {1},Uveďte '{0}' ve firmě: {1},
Please mention no of visits required,Uveďte požadovaný počet návštěv,
Please mention the Current and New BOM for replacement.,Uveďte aktuální a nový kusovník pro nahrazení.,
Please pull items from Delivery Note,Načtěte položky z dodacího listu,
Please rectify and try again.,Opravte to a zkuste to znovu.,
Please reduce {0} to avoid shift time overlapping with itself,"Snižte {0}, aby nedocházelo k překrývání času směny sama se sebou",
Please refresh or reset the Plaid linking of the Bank {}.,Obnovte nebo resetujte propojení Plaid pro banku {}.,
Please refresh to get the latest document.,"Obnovte stránku, abyste získali nejnovější verzi dokumentu.",
Please remove the printer mapping in Printer Settings and try again.,Odeberte mapování tiskárny v nastavení tiskárny a zkuste to znovu.,
"Please Restock Items and Update the Pick List to continue. To discontinue, cancel the Pick List.","Pro pokračování doplňte zásoby položek a aktualizujte vychystávací seznam. Chcete-li skončit, stornujte vychystávací seznam.",
Please save before proceeding.,Před pokračováním uložte.,
Please save first,Nejprve uložte,
Please save the form before previewing the message,Před náhledem zprávy formulář uložte,
Please save the Sales Order before adding a delivery schedule.,Před přidáním harmonogramu dodání uložte prodejní objednávku.,
Please save to edit the template.,Pro úpravu šablony ji nejprve uložte.,
Please see attachment,Viz příloha,
Please select <b>Template Type</b> to download template,Pro stažení šablony vyberte <b>Typ šablony</b>,
Please select a BOM,Vyberte kusovník,
Please Select a Company,Vyberte firmu,
Please select a Company,Vyberte firmu,
Please select a Company first.,Nejprve vyberte firmu.,
Please Select a Company.,Vyberte firmu.,
Please select a company.,Vyberte firmu.,
Please select a country,Vyberte zemi,
Please select a country code for field {1}.,Vyberte kód země pro pole {1}.,
Please Select a Customer,Vyberte klienta,
Please select a Customer,Vyberte klienta,
Please select a customer for fetching payments.,Pro načtení plateb vyberte klienta.,
Please select a date,Vyberte datum,
Please select a date and time,Vyberte datum a čas,
Please select a date.,Vyberte datum.,
Please select a default mode of payment,Vyberte výchozí způsob platby,
Please select a Delivery Note,Vyberte dodací list,
Please select a field to edit from numpad,Vyberte pole k úpravě z numerické klávesnice,
Please select a file or url,Vyberte soubor nebo URL adresu,
Please select a frequency for delivery schedule,Vyberte frekvenci harmonogramu dodání,
Please select a Holiday List to enable Appointment Scheduling.,"Vyberte seznam svátků, aby bylo možné povolit plánování schůzek.",
Please select a row to create a Reposting Entry,Vyberte řádek pro vytvoření záznamu přeúčtování,
Please select a Subcontracting Purchase Order.,Vyberte nákupní objednávku subdodávky.,
Please Select a Supplier,Vyberte dodavatele,
Please select a Supplier,Vyberte dodavatele,
Please select a supplier for fetching payments.,Pro načtení plateb vyberte dodavatele.,
Please select a valid csv file with data,Vyberte platný soubor CSV s daty,
Please select a valid date filter,Vyberte platný filtr data,
Please select a valid Purchase Order that has Service Items.,"Vyberte platnou nákupní objednávku, která obsahuje servisní položky.",
Please select a valid Purchase Order that is configured for Subcontracting.,Vyberte platnou nákupní objednávku nakonfigurovanou pro subdodávky.,
Please select a valid {0},Vyberte platný {0},
Please select a warehouse first.,Nejprve vyberte sklad.,
Please select a Work Order first.,Nejprve vyberte výrobní příkaz.,
Please select an Applicant,Vyberte uchazeče,
Please select an item code before setting the warehouse.,Před nastavením skladu vyberte kód položky.,
Please select applicable Doctypes,Vyberte příslušné DocTypy,
Please select Apply Discount On,"Vyberte, na co se má uplatnit sleva",
Please select at least one attribute value,Vyberte alespoň jednu hodnotu atributu,
Please select at least one employee to perform this action.,Pro provedení této akce vyberte alespoň jednoho zaměstnance.,
"Please select at least one filter: Item Code, Batch, or Serial No.","Vyberte alespoň jeden filtr: Kód položky, Šarže nebo Sériové číslo.",
Please select at least one item to update delivered quantity.,Vyberte alespoň jednu položku pro aktualizaci dodaného množství.,
Please select at least one row to fix,Vyberte alespoň jeden řádek k opravě,
Please select at least one row with difference value,Vyberte alespoň jeden řádek s rozdílovou hodnotou,
Please select at least one Shift Request to perform this action.,Pro provedení této akce vyberte alespoň jednu žádost o směnu.,
Please select atleast 1 column from {0} to sort/group,Vyberte alespoň 1 sloupec z {0} pro řazení/seskupení,
Please select atleast one item to continue,Pro pokračování vyberte alespoň jednu položku,
Please select atleast one operation to create Job Card,Pro vytvoření výrobní karty vyberte alespoň jednu operaci,
Please select Bank Account,Vyberte bankovní účet,
Please select BOM against item {0},Vyberte kusovník pro položku {0},
Please select BOM for Item in Row {0},Vyberte kusovník pro položku na řádku {0},
Please select BOM in BOM field for Item {item_code}.,Vyberte kusovník v poli Kusovník pro položku {item_code}.,
Please select Category first,Nejprve vyberte kategorii,
Please select Charge Type first,Nejprve vyberte typ poplatku,
Please select Company,Vyberte firmu,
Please select Company and Designation,Vyberte firmu a pracovní pozici,
Please select Company and Posting Date to getting entries,Vyberte firmu a datum zaúčtování pro načtení záznamů,
Please Select Company First,Nejprve vyberte firmu,
Please select Company first,Nejprve vyberte firmu,
Please select company.,Vyberte firmu.,
Please select Completion Date for Completed Asset Maintenance Log,Vyberte datum dokončení pro dokončený záznam údržby majetku,
Please select correct account,Vyberte správný účet,
Please select Customer first,Nejprve vyberte klienta,
Please select date,Vyberte datum,
Please select DocType first,Nejprve vyberte DocType,
Please select Document Type first.,Nejprve vyberte typ dokumentu.,
Please select either the Item or Warehouse or Warehouse Type filter to generate the report.,"Pro vygenerování reportu vyberte filtr Položka, Sklad nebo Typ skladu.",
Please select Employee,Vyberte zaměstnance,
Please select employee first,Nejprve vyberte zaměstnance,
Please select Employee first.,Nejprve vyberte zaměstnance.,
Please select employees to create appraisals for,"Vyberte zaměstnance, pro které se mají vytvořit hodnocení",
Please select Entity Type first,Nejprve vyberte typ entity,
Please select Existing Company for creating Chart of Accounts,Vyberte existující firmu pro vytvoření účtové osnovy,
Please select Filter Based On,"Vyberte, na čem má být filtr založen",
Please select Finished Good Item for Service Item {0},Vyberte hotový výrobek pro servisní položku {0},
Please select From Date and Payroll Frequency first,Nejprve vyberte datum od a frekvenci zpracování mezd,
Please select half day attendance status.,Vyberte stav docházky pro půl dne.,
Please select item code,Vyberte kód položky,
Please select Item Code first,Nejprve vyberte kód položky,
Please select items to reserve.,Vyberte položky k rezervaci.,
Please select items to unreserve.,Vyberte položky ke zrušení rezervace.,
Please select Maintenance Status as Completed or remove Completion Date,"Vyberte stav údržby Dokončeno, nebo odeberte datum dokončení",
Please select Minimum Password Score,Vyberte minimální skóre hesla,
Please select month and year.,Vyberte měsíc a rok.,
Please select only one row to create a Reposting Entry,Pro vytvoření záznamu přeúčtování vyberte pouze jeden řádek,
Please select Party Type first,Nejprve vyberte typ strany,
Please select Periodic Accounting Entry Difference Account,Vyberte účet rozdílu periodického účetního zápisu,
Please select Posting Date before selecting Party,Před výběrem strany vyberte datum zaúčtování,
Please select Posting Date first,Nejprve vyberte datum zaúčtování,
Please select prefix first,Nejprve vyberte předponu,
Please select Price List,Vyberte ceník,
Please select Qty against item {0},Vyberte množství pro položku {0},
Please select rows to create Reposting Entries,Vyberte řádky pro vytvoření záznamů přeúčtování,
Please select Sample Retention Warehouse in Stock Settings first,Nejprve vyberte sklad pro uchování vzorků v nastavení skladu,
Please select Serial/Batch Nos to reserve or change Reservation Based On to Qty.,"Vyberte sériová čísla/šarže k rezervaci, nebo změňte Rezervaci založenou na na Množství.",
Please select Start Date and End Date for Item {0},Vyberte datum začátku a konce pro položku {0},
Please select Stock Asset Account,Vyberte skladový majetkový účet,
Please select Subcontracting Order instead of Purchase Order {0},Vyberte objednávku subdodávky namísto nákupní objednávky {0},
Please select the Appraisal Cycle first.,Nejprve vyberte hodnoticí cyklus.,
Please select the attendance status.,Vyberte stav docházky.,
Please select the Company,Vyberte firmu,
Please select the customer.,Vyberte klienta.,
Please select the document type first,Nejprve vyberte typ dokumentu,
Please select the document type first.,Nejprve vyberte typ dokumentu.,
Please select the Document Type.,Vyberte typ dokumentu.,
Please select the employees you want to mark attendance for.,"Vyberte zaměstnance, kterým chcete zaznamenat docházku.",
Please select the Multiple Tier Program type for more than one collection rules.,Pro více pravidel sběru bodů vyberte typ programu s více úrovněmi.,
Please select the required filters,Vyberte požadované filtry,
Please select the salary slips to email,Vyberte výplatní pásky k odeslání e-mailem,
Please select the Warehouse first,Nejprve vyberte sklad,
Please select Unrealized Profit / Loss account or add default Unrealized Profit / Loss account account for company {0},"Vyberte účet nerealizovaného zisku / ztráty, nebo přidejte výchozí účet nerealizovaného zisku / ztráty pro firmu {0}",
Please select valid document type.,Vyberte platný typ dokumentu.,
Please select weekly off day,Vyberte den týdenního volna,
Please select {0},Vyberte {0},
Please select {0} first,Nejprve vyberte {0},
"Please set ""Default Payroll Payable Account"" in Company Defaults","Nastavte ""Výchozí účet mzdových závazků"" ve výchozích hodnotách firmy",
Please set 'Asset Depreciation Cost Center' in Company {0},Nastavte 'Nákladové středisko odpisů majetku' ve firmě {0},
Please set 'Gain/Loss Account on Asset Disposal' in Company {0},Nastavte 'Účet zisku/ztráty z vyřazení majetku' ve firmě {0},
Please set '{0}' in Company: {1},Nastavte '{0}' ve firmě: {1},
Please set a Company,Nastavte firmu,
Please set a Cost Center for the Asset or set an Asset Depreciation Cost Center for the Company {},"Nastavte nákladové středisko pro majetek, nebo nastavte nákladové středisko odpisů majetku pro firmu {}",
Please set a date range less than 90 days.,Nastavte časové rozmezí kratší než 90 dní.,
Please set a default Holiday List for Company {0},Nastavte výchozí seznam svátků pro firmu {0},
Please set a default Holiday List for Employee {0} or Company {1},Nastavte výchozí seznam svátků pro zaměstnance {0} nebo firmu {1},
Please set a primary email ID for the Contact {0},Nastavte primární e-mailovou adresu pro kontakt {0},
Please set a printer mapping for this print format in the Printer Settings,Nastavte mapování tiskárny pro tento tiskový formát v nastavení tiskárny,
Please set Account,Nastavte účet,
Please set Account for Change Amount,Nastavte účet pro částku nazpět,
Please set account in Salary Component {0},Nastavte účet u mzdové složky {0},
Please set account in Warehouse {0},Nastavte účet u skladu {0},
Please set Account in Warehouse {0} or Default Inventory Account in Company {1},"Nastavte účet u skladu {0}, nebo výchozí skladový účet u firmy {1}",
Please set Accounting Dimension {} in {},Nastavte účetní dimenzi {} v {},
Please set actual demand or sales forecast to generate Material Requirements Planning Report.,Nastavte skutečnou poptávku nebo prognózu prodeje pro vygenerování reportu plánování materiálových požadavků.,
Please set an Address on the Company '%s',Nastavte adresu u firmy '%s',
Please set an email id for the Lead {0},Nastavte e-mailovou adresu pro potenciálního zákazníka {0},
Please set an Expense Account in the Items table,Nastavte nákladový účet v tabulce položek,
Please set at least one row in the Taxes and Charges Table,Nastavte alespoň jeden řádek v tabulce daní a poplatků,
Please set Basic and HRA component in Company {0},Nastavte složky Základní mzda a HRA u firmy {0},
Please set both the Tax ID and Fiscal Code on Company {0},"Nastavte u firmy {0} jak DIČ, tak fiskální kód",
Please set Company,Nastavte firmu,
Please set cost to company(CTC) for employee {0} in the {1},Nastavte celkové náklady na zaměstnance (CTC) pro zaměstnance {0} v {1},
Please set Customer Address to determine if the transaction is an export.,"Nastavte adresu klienta, aby bylo možné určit, zda se jedná o export.",
Please set default Cash or Bank account in Mode of Payment {0},Nastavte výchozí pokladní nebo bankovní účet u způsobu platby {0},
Please set default Cash or Bank account in Mode of Payment {},Nastavte výchozí pokladní nebo bankovní účet u způsobu platby {},
Please set default Cash or Bank account in Mode of Payments {},Nastavte výchozí pokladní nebo bankovní účet u způsobů platby {},
Please set default cost of goods sold account in company {0} for booking rounding gain and loss during stock transfer,Nastavte výchozí účet nákladů na prodané zboží u firmy {0} pro zaúčtování zaokrouhlovacích zisků a ztrát při přesunu zásob,
Please set default Exchange Gain/Loss Account in Company {},Nastavte výchozí účet kurzových zisků/ztrát u firmy {},
Please set default Expense Account in Company {0},Nastavte výchozí nákladový účet u firmy {0},
"Please set default inventory account for item {0}, or their item group or brand.","Nastavte výchozí skladový účet pro položku {0}, nebo pro její skupinu položek či značku.",
Please set default template for Leave Approval Notification in HR Settings.,Nastavte výchozí šablonu pro oznámení o schválení volna v nastavení HR.,
Please set default template for Leave Status Notification in HR Settings.,Nastavte výchozí šablonu pro oznámení o stavu volna v nastavení HR.,
Please set default UOM in Stock Settings,Nastavte výchozí měrnou jednotku v nastavení skladu,
Please set default {0} in Company {1},Nastavte výchozí {0} u firmy {1},
Please set Depreciation related Accounts in Asset Category {0} or Company {1},Nastavte účty související s odpisy v kategorii majetku {0} nebo u firmy {1},
Please set Earning Component for Leave type: {0}.,Nastavte příjmovou složku pro typ volna: {0}.,
Please set Email Address,Nastavte e-mailovou adresu,
Please set Email/Phone for the contact,Nastavte e-mail/telefon pro kontakt,
Please set employee's total cost to company to see CTC breakup.,"Nastavte celkové náklady na zaměstnance, abyste viděli rozpis CTC.",
Please set filter based on Item or Warehouse,Nastavte filtr založený na položce nebo skladu,
Please set filters,Nastavte filtry,
Please set filters value in Report Filter table.,Nastavte hodnoty filtrů v tabulce filtrů reportu.,
Please set Fiscal Code for the customer '%s',Nastavte fiskální kód pro klienta '%s',
Please set Fiscal Code for the public administration '%s',Nastavte fiskální kód pro veřejnou správu '%s',
Please set Fixed Asset Account in Asset Category {0},Nastavte účet dlouhodobého majetku v kategorii majetku {0},
Please set Fixed Asset Account in {} against {}.,Nastavte účet dlouhodobého majetku v {} pro {}.,
Please set one of the following:,Nastavte jednu z následujících možností:,
Please set opening number of booked depreciations,Nastavte počáteční počet zaúčtovaných odpisů,
Please set Parent Row No for item {0},Nastavte číslo nadřazeného řádku pro položku {0},
Please set Payroll based on in Payroll settings,"Nastavte, na čem jsou mzdy založeny, v nastavení mezd",
Please Set Priority,Nastavte prioritu,
Please set Relieving Date for employee: {0},Nastavte datum ukončení pro zaměstnance: {0},
Please set Root Type,Nastavte kořenový typ,
Please Set Supplier Group in Buying Settings.,Nastavte skupinu dodavatelů v nastavení nákupu.,
Please set Tax ID for the customer '%s',Nastavte DIČ pro klienta '%s',
Please set the Advance Account {0} or in {1},"Nastavte zálohový účet {0}, nebo v {1}",
Please set the Appraisal Template for all the {0} or select the template in the Employees table below.,"Nastavte šablonu hodnocení pro všechny {0}, nebo vyberte šablonu v tabulce zaměstnanců níže.",
Please set the Company,Nastavte firmu,
Please set the cost center field in {0} or setup a default Cost Center for the Company.,"Nastavte pole nákladového střediska v {0}, nebo nastavte výchozí nákladové středisko pro firmu.",
Please set the Customer Address,Nastavte adresu klienta,
Please set the Date Of Joining for employee {0},Nastavte datum nástupu pro zaměstnance {0},
Please set the date range.,Nastavte časové rozmezí.,
Please set the Default Cost Center in {0} company.,Nastavte výchozí nákladové středisko ve firmě {0}.,
Please set the document name,Nastavte název dokumentu,
Please set the Holiday List.,Nastavte seznam svátků.,
Please set the Item Code first,Nejprve nastavte kód položky,
Please set the relieving date for employee {0},Nastavte datum ukončení pro zaměstnance {0},
Please set the series to be used.,"Nastavte číselnou řadu, která se má použít.",
Please set the Target Warehouse in the Job Card,Nastavte cílový sklad ve výrobní kartě,
Please set the WIP Warehouse in the Job Card,Nastavte sklad nedokončené výroby ve výrobní kartě,
Please set Unrealized Exchange Gain/Loss Account in Company {0},Nastavte účet nerealizovaných kurzových zisků/ztrát u firmy {0},
Please set up the Campaign Schedule in the Campaign {0},Nastavte harmonogram kampaně u kampaně {0},
"Please set Vat Accounts for Company: ""{0}"" in UAE VAT Settings","Nastavte účty DPH pro firmu: ""{0}"" v nastavení DPH SAE",
Please set VAT Accounts in {0},Nastavte účty DPH v {0},
Please set {0},Nastavte {0},
Please set {0} and {1} in {2}.,Nastavte {0} a {1} v {2}.,
Please set {0} for address {1},Nastavte {0} pro adresu {1},
"Please set {0} for Batched Item {1}, which is used to set {2} on Submit.","Nastavte {0} pro šaržovanou položku {1}, které se používá k nastavení {2} při odeslání.",
Please set {0} for Employee {1},Nastavte {0} pro zaměstnance {1},
Please set {0} for the Employee: {1},Nastavte {0} pro zaměstnance: {1},
Please set {0} in BOM Creator {1},Nastavte {0} v tvůrci kusovníku {1},
Please set {0} in Company {1} or in the Item Defaults of Item {2},"Nastavte {0} u firmy {1}, nebo ve výchozích hodnotách položky {2}",
Please set {0} in Company {1} to account for Exchange Gain / Loss,Nastavte {0} u firmy {1} pro zaúčtování kurzového zisku / ztráty,
Please set {0} to get CTC report,Nastavte {0} pro získání reportu CTC,
"Please set {0} to {1}, the same account that was used in the original invoice {2}.","Nastavte {0} na {1}, stejný účet, jaký byl použit v původní faktuře {2}.",
Please set {0}.,Nastavte {0}.,
Please setup a message first,Nejprve nastavte zprávu,
Please setup and enable a group account with the Account Type - {0} for the company {1},Nastavte a povolte skupinový účet s typem účtu - {0} pro firmu {1},
Please setup default outgoing Email Account from Settings > Email Account,Nastavte výchozí e-mailový účet pro odchozí poštu v Nastavení > E-mailový účet,
Please setup default outgoing Email Account from Tools > Email Account,Nastavte výchozí e-mailový účet pro odchozí poštu v Nástroje > E-mailový účet,
Please setup Employee Naming System in Human Resource > HR Settings,Nastavte systém pojmenování zaměstnanců v Lidské zdroje > Nastavení HR,
"Please setup SMS before setting it as an authentication method, via SMS Settings",Před nastavením SMS jako metody ověřování ji nastavte v nastavení SMS,
Please share this email with your support team so that they can find and fix the issue.,"Sdílejte tento e-mail se svým podpůrným týmem, aby mohl problém najít a opravit.",
Please specify a valid parent DocType for {0},Zadejte platný nadřazený DocType pro {0},
Please specify a valid Row ID for row {0} in table {1},Zadejte platné ID řádku pro řádek {0} v tabulce {1},
Please Specify Account,Zadejte účet,
Please specify at least 10 minutes due to the trigger cadence of the scheduler,Zadejte alespoň 10 minut kvůli frekvenci spouštění plánovače,
Please specify at least one attribute in the Attributes table,Zadejte alespoň jeden atribut v tabulce atributů,
Please specify Company,Zadejte firmu,
Please specify Company to proceed,Pro pokračování zadejte firmu,
Please specify either Quantity or Valuation Rate or both,"Zadejte množství nebo oceňovací sazbu, případně obojí",
Please specify from/to range,Zadejte rozsah od/do,
Please specify the field from which to attach files,"Zadejte pole, ze kterého se mají přikládat soubory",
Please specify the job applicant to be updated.,"Zadejte uchazeče o zaměstnání, kterého chcete aktualizovat.",
Please specify the minutes offset,Zadejte posun v minutách,
Please specify which date field must be checked,"Zadejte, které pole data se má kontrolovat",
Please specify which datetime field must be checked,"Zadejte, které pole data a času se má kontrolovat",
Please specify which value field must be checked,"Zadejte, které hodnotové pole se má kontrolovat",
"Please specify {0} and {1} (if any), for the correct tax calculation in future salary slips.",Zadejte {0} a {1} (pokud existují) pro správný výpočet daně v budoucích výplatních páskách.,
Please submit the {0} before marking the cycle as Completed,Před označením cyklu jako Dokončeno odešlete {0},
Please try again in an hour.,Zkuste to znovu za hodinu.,
Please uncheck 'Show in Bucket View' to create Orders,Pro vytvoření objednávek zrušte zaškrtnutí 'Zobrazit v Bucket View',
Please update Repair Status.,Aktualizujte stav opravy.,
Please Update SMS Settings,Aktualizujte nastavení SMS,
Please update {} before continuing.,Před pokračováním aktualizujte {}.,
Please use a valid LDAP search filter,Použijte platný vyhledávací filtr LDAP,
Please visit https://frappecloud.com/docs/sites/migrate-an-existing-site#encryption-key for more information.,Další informace naleznete na https://frappecloud.com/docs/sites/migrate-an-existing-site#encryption-key.,
PO Supplied Item,Položka dodaná k nákupní objednávce,
Point of Sale,Místo prodeje,
Point-of-Sale Profile,Profil místa prodeje,
Policy,Zásada,
Policy No,Číslo pojistky,
Policy number,Číslo pojistky,
Policy URI,URI zásad,
POP3 OAuth authentication failed for Email Account {0},Ověření POP3 OAuth se nezdařilo pro e-mailový účet {0},
Popover Element,Prvek popoveru,
Popover or Modal Description,Popis popoveru nebo modálního okna,
Port,Port,
Portal Menu,Menu portálu,
Portal Menu Item,Položka menu portálu,
Portal Settings,Nastavení portálu,
Portal User,Uživatel portálu,
Portal Users,Uživatelé portálu,
POS,POS,
POS Additional Fields,Další pole POS,
POS Closed,POS uzavřeno,
POS Closing Entry,Uzávěrka POS,
POS Closing Entry Detail,Detail uzávěrky POS,
POS Closing Entry Taxes,Daně uzávěrky POS,
POS Closing Failed,Uzávěrka POS se nezdařila,
POS Closing failed while running in a background process. You can resolve the {0} and retry the process again.,Uzávěrka POS se nezdařila při běhu na pozadí. Můžete vyřešit {0} a proces spustit znovu.,
POS Configurations,Konfigurace POS,
POS Customer Group,Skupina klientů POS,
POS Field,Pole POS,
POS has been closed at {0}. Please refresh the page.,POS bylo uzavřeno v {0}. Obnovte stránku.,
POS Invoice,Faktura POS,
POS Invoice is already consolidated,Faktura POS je již konsolidována,
POS Invoice is not submitted,Faktura POS není odeslána,
POS Invoice isn't created by user {},Faktura POS nebyla vytvořena uživatelem {},
POS Invoice Item,Položka faktury POS,
POS Invoice Merge Log,Log sloučení faktur POS,
POS Invoice Reference,Reference faktury POS,
POS Invoice should have the field {0} checked.,Faktura POS by měla mít zaškrtnuté pole {0}.,
POS invoice {0} created successfully,Faktura POS {0} byla úspěšně vytvořena,
POS Invoices,Faktury POS,
POS Invoices can't be added when Sales Invoice is enabled,"Faktury POS nelze přidat, když je povolena vydaná faktura",
POS Invoices will be consolidated in a background process,Faktury POS budou konsolidovány na pozadí,
POS Invoices will be unconsolidated in a background process,Konsolidace faktur POS bude zrušena na pozadí,
POS Item Details,Podrobnosti položky POS,
POS Item Group,Skupina položek POS,
POS Item Selector,Výběr položek POS,
POS Opening Entry,Zahajovací záznam POS,
POS Opening Entry - {0} is outdated. Please close the POS and create a new POS Opening Entry.,Zahajovací záznam POS - {0} je zastaralý. Uzavřete POS a vytvořte nový zahajovací záznam POS.,
POS Opening Entry Cancellation Error,Chyba stornování zahajovacího záznamu POS,
POS Opening Entry Cancelled,Zahajovací záznam POS stornován,
POS Opening Entry cannot be cancelled as unconsolidated Invoices exists.,"Zahajovací záznam POS nelze stornovat, protože existují nekonsolidované faktury.",
POS Opening Entry Detail,Detail zahajovacího záznamu POS,
POS Opening Entry Exists,Zahajovací záznam POS existuje,
POS Opening Entry has been cancelled. Please refresh the page.,Zahajovací záznam POS byl stornován. Obnovte stránku.,
POS Opening Entry Missing,Chybí zahajovací záznam POS,
POS Payment Method,Způsob platby POS,
POS Profile,Profil POS,
POS Profile - {0} has multiple open POS Opening Entries. Please close or cancel the existing entries before proceeding.,Profil POS - {0} má více otevřených zahajovacích záznamů POS. Před pokračováním uzavřete nebo stornujte existující záznamy.,
POS Profile - {0} is currently open. Please close the POS or cancel the existing POS Opening Entry before cancelling this POS Closing Entry.,Profil POS - {0} je aktuálně otevřený. Před stornováním této uzávěrky POS uzavřete POS nebo stornujte existující zahajovací záznam POS.,
POS Profile doesn't match {},Profil POS neodpovídá {},
POS Profile is mandatory to mark this invoice as POS Transaction.,Profil POS je povinný pro označení této faktury jako transakce POS.,
POS Profile required to make POS Entry,Pro vytvoření záznamu POS je vyžadován profil POS,
POS Profile User,Uživatel profilu POS,
POS Profile {0} cannot be disabled as there are ongoing POS sessions.,"Profil POS {0} nelze zakázat, protože probíhají relace POS.",
POS Profile {} contains Mode of Payment {}. Please remove them to disable this mode.,"Profil POS {} obsahuje způsob platby {}. Odeberte jej, chcete-li tento způsob platby zakázat.",
POS Profile {} does not belong to company {},Profil POS {} nepatří firmě {},
POS Profile {} does not exist.,Profil POS {} neexistuje.,
POS Profile {} is disabled.,Profil POS {} je zakázán.,
POS Register,Pokladna POS,
POS Search Fields,Vyhledávací pole POS,
POS Settings,Nastavení POS,
POS Transactions,Transakce POS,
Position,Pozice,
Possible Supplier,Možný dodavatel,
Post Description Key,Klíč popisu příspěvku,
Post Route Key,Klíč cesty příspěvku,
Post Route Key List,Seznam klíčů cesty příspěvku,
Post Route String,Řetězec cesty příspěvku,
Post Title Key,Klíč názvu příspěvku,
Postal Code,PSČ,
Postal Expenses,Poštovní výdaje,
Posted On,Zveřejněno dne,
Posting Date,Datum zaúčtování,
Posting date,Datum zaúčtování,
Posting date and posting time is mandatory,Datum a čas zaúčtování jsou povinné,
Posting Date cannot be future date,Datum zaúčtování nemůže být budoucí datum,
Posting Date inheritance for exchange gain / loss,Dědění data zaúčtování pro kurzový zisk / ztrátu,
Posting date is required,Datum zaúčtování je vyžadováno,
Posting Datetime,Datum a čas zaúčtování,
Posting Time,Čas zaúčtování,
Posting Timestamp,Časové razítko zaúčtování,
Posting timestamp must be after {0},Časové razítko zaúčtování musí být po {0},
Pre Sales,Předprodej,
Precision,Přesnost,
Precision ({0}) for {1} cannot be greater than its length ({2}).,Přesnost ({0}) pro {1} nemůže být vyšší než jeho délka ({2}).,
Precision should be between 1 and 6,Přesnost by měla být mezi 1 a 6,
Predictable substitutions like '@' instead of 'a' don't help very much.,Předvídatelné záměny jako '@' místo 'a' příliš nepomáhají.,
Prefer not to say,Nechci uvádět,
Preference,Preference,
Preferred Area for Lodging,Preferovaná oblast pro ubytování,
Preferred Billing Address,Preferovaná fakturační adresa,
Preferred Contact Email,Preferovaný kontaktní e-mail,
Preferred Email,Preferovaný e-mail,
Preferred Language,Preferovaný jazyk,
Preferred Shipping Address,Preferovaná dodací adresa,
Prefix,Předpona,
Prepaid Expenses,Náklady příštích období,
Prepared Report,Připravený report,
Prepared Report Analytics,Analýza připraveného reportu,
Prepared report render failed,Vykreslení připraveného reportu se nezdařilo,
Present,Přítomen,
Present Records,Záznamy přítomnosti,
"Presentation Currency cannot be {frappe.bold(filters[""presentation_currency""])} , When {frappe.bold(""Show Credit / Debit in Company Currency"")} is enabled.","Prezentační měna nemůže být {frappe.bold(filters[""presentation_currency""])} , pokud je povoleno {frappe.bold(""Show Credit / Debit in Company Currency"")}.",
Prevdoc DocType,DocType předchozího dokladu,
Prevent Duplicate Applications,Zabránit duplicitním žádostem,
Prevent POs,Zabránit nákupním objednávkám,
Prevent Purchase Orders,Zabránit nákupním objednávkám,
Prevent RFQs,Zabránit žádostem o nabídku,
Prevent Sales Invoice when Customer is Overdue,"Zabránit vydání faktury, pokud je klient po splatnosti",
Prevent self approval for expense claims even if user has permissions,"Zabránit vlastnímu schválení vyúčtování výdajů, i když k tomu má uživatel oprávnění",
Prevent self approval for leaves even if user has permissions,"Zabránit vlastnímu schválení volna, i když k tomu má uživatel oprávnění",
Preventive Action,Preventivní opatření,
Preview,Náhled,
Preview Email,Náhled e-mailu,
Preview HTML,Náhled HTML,
Preview Message,Náhled zprávy,
Preview of generated names,Náhled vygenerovaných názvů,
Preview Required Materials,Náhled požadovaných materiálů,
Preview Salary Slip,Náhled výplatní pásky,
Preview:,Náhled:,
Previous Financial Year is not closed,Předchozí finanční rok není uzavřen,
Previous Qty,Předchozí množství,
Previous Work Experience,Předchozí pracovní zkušenosti,
"Previous Year is not closed, please close it first","Předchozí rok není uzavřen, nejprve jej uzavřete",
Price,Cena,
Price ({0}),Cena ({0}),
Price Discount Scheme,Schéma cenové slevy,
Price Discount Slabs,Pásma cenové slevy,
Price is not set for the item.,Pro položku není nastavena cena.,
Price List,Ceník,
Price List & Currency,Ceník a měna,
Price List Country,Země ceníku,
Price List Currency,Měna ceníku,
Price List Currency not selected,Nebyla vybrána měna ceníku,
Price List Defaults,Výchozí hodnoty ceníku,
Price List Exchange Rate,Směnný kurz ceníku,
Price List must be applicable for Buying or Selling,Ceník musí platit pro nákup nebo prodej,
Price List Name,Název ceníku,
Price List Rate,Sazba ceníku,
Price List Rate (Company Currency),Sazba ceníku (měna firmy),
Price List {0} is disabled or does not exist,Ceník {0} je zakázán nebo neexistuje,
Price List {0} is not enabled for {1},Ceník {0} není povolen pro {1},
Price not found for item {0} in price list {1},Cena nebyla nalezena pro položku {0} v ceníku {1},
Price Not UOM Dependent,Cena nezávislá na měrné jednotce,
Price or Product Discount,Cenová nebo produktová sleva,
Price or product discount slabs are required,Jsou vyžadována pásma cenové nebo produktové slevy,
Price per Unit (Stock UOM),Cena za jednotku (skladová MJ),
Price Per Unit ({0}),Cena za jednotku ({0}),
Pricing,Ceny,
Pricing Rule,Cenové pravidlo,
Pricing Rule Brand,Značka cenového pravidla,
Pricing Rule Detail,Detail cenového pravidla,
Pricing Rule Help,Nápověda k cenovému pravidlu,
"Pricing Rule is first selected based on 'Apply On' field, which can be Item, Item Group or Brand.","Cenové pravidlo se nejprve vybírá podle pole „Použít na“, které může být Položka, Skupina položek nebo Značka.",
"Pricing Rule is made to overwrite Price List / define discount percentage, based on some criteria.",Cenové pravidlo slouží k přepsání ceníku nebo stanovení procenta slevy na základě zvolených kritérií.,
Pricing Rule Item Code,Kód položky cenového pravidla,
Pricing Rule Item Group,Skupina položek cenového pravidla,
Pricing Rule {0} is updated,Cenové pravidlo {0} bylo aktualizováno,
Pricing Rules,Cenová pravidla,
Pricing Rules are further filtered based on quantity.,Cenová pravidla se dále filtrují podle množství.,
Primary Action Label,Popisek hlavní akce,
Primary Action URL,URL hlavní akce,
Primary Address,Primární adresa,
Primary Address and Contact,Primární adresa a kontakt,
Primary Address Preview,Náhled primární adresy,
Primary Color,Primární barva,
Primary Contact,Primární kontakt,
Primary Contact Email,E-mail primárního kontaktu,
Primary key of doctype {0} can not be changed as there are existing values.,"Primární klíč DocTypu {0} nelze změnit, protože již existují záznamy s hodnotami.",
Primary Party,Primární strana,
Primary Role,Primární role,
Primary Settings,Primární nastavení,
Principal Amount,Jistina,
Print,Tisk,
Print and Stationery,Tisk a kancelářské potřeby,
Print Format,Tiskový formát,
Print Format Builder,Tvůrce tiskového formátu,
Print Format Builder Beta,Tvůrce tiskového formátu (beta),
Print Format Error,Chyba tiskového formátu,
Print Format Field Template,Šablona pole tiskového formátu,
Print Format For,Tiskový formát pro,
Print Format Help,Nápověda k tiskovému formátu,
Print Format must be an enabled Report Print Format matching the selected Report.,Tiskový formát musí být povolený tiskový formát reportu odpovídající vybranému reportu.,
Print Format Type,Typ tiskového formátu,
Print Format Type should be Jinja.,Typ tiskového formátu musí být Jinja.,
Print Format {0} is disabled,Tiskový formát {0} je zakázán,
Print Heading,Nadpis tisku,
Print Hide,Skrýt při tisku,
Print Hide If No Value,"Skrýt při tisku, pokud bez hodnoty",
Print IRS 1099 Forms,Vytisknout formuláře IRS 1099,
Print Language,Jazyk tisku,
Print Preferences,Předvolby tisku,
Print Receipt,Vytisknout účtenku,
Print Receipt on Order Complete,Vytisknout účtenku po dokončení objednávky,
Print Server,Tiskový server,
Print Settings,Nastavení tisku,
Print settings updated in respective print format,Nastavení tisku aktualizováno v příslušném tiskovém formátu,
Print Style,Styl tisku,
Print Style Name,Název stylu tisku,
Print Style Preview,Náhled stylu tisku,
Print taxes with zero amount,Tisknout daně s nulovou částkou,
Print UOM after Quantity,Tisknout měrnou jednotku za množstvím,
Print Width,Šířka tisku,
Print with letterhead,Tisknout s hlavičkovým papírem,
Print Without Amount,Tisknout bez částky,
Printed On {0},Vytištěno dne {0},
Printed on {0},Vytištěno dne {0},
Printer,Tiskárna,
Printer Mapping,Mapování tiskárny,
Printer mapping not set.,Mapování tiskárny není nastaveno.,
Printer Name,Název tiskárny,
Printer Settings,Nastavení tiskárny,
Printing,Tisk,
Printing Details,Podrobnosti tisku,
Printing failed,Tisk se nezdařil,
Printing Settings,Nastavení tisku,
Priorities,Priority,
Priority,Priorita,
priority,priorita,
Priority cannot be lesser than 1.,Priorita nesmí být nižší než 1.,
Priority has been changed to {0}.,Priorita byla změněna na {0}.,
Priority is mandatory,Priorita je povinná,
Priority {0} has been repeated.,Priorita {0} se opakuje.,
Private,Soukromé,
Private Files (MB),Soukromé soubory (MB),
Privilege Leave,Dovolená,
Probability,Pravděpodobnost,
Probability (%),Pravděpodobnost (%),
Probation,Zkušební doba,
Probationary Period,Zkušební doba,
Problem,Problém,
Procedure,Postup,
Proceed,Pokračovat,
Process Attendance After,Zpracovat docházku po,
Process Deferred Accounting,Zpracovat odložené účtování,
Process Description,Popis procesu,
Process in Single Transaction,Zpracovat v jedné transakci,
Process Loss,Ztráta při zpracování,
Process Loss %,Ztráta při zpracování (%),
Process loss booked against the operations of this work order.,Ztráta při zpracování zaúčtovaná k operacím tohoto výrobního příkazu.,
Process Loss Percentage cannot be greater than 100,Procento ztráty při zpracování nesmí být větší než 100,
Process Loss Qty,Množství ztráty při zpracování,
Process Loss Quantity,Množství ztráty při zpracování,
Process Loss Quantity cannot be greater than {0},Množství ztráty při zpracování nesmí být větší než {0},
Process loss quantity cannot be negative.,Množství ztráty při zpracování nesmí být záporné.,
Process Loss Report,Report ztrát při zpracování,
Process Loss Value,Hodnota ztráty při zpracování,
Process Owner,Vlastník procesu,
Process Owner Full Name,Celé jméno vlastníka procesu,
Process Payment Reconciliation,Zpracování odsouhlasení plateb,
Process Payment Reconciliation Log,Log zpracování odsouhlasení plateb,
Process Payment Reconciliation Log Allocations,Přiřazení k logu zpracování odsouhlasení plateb,
Process Payroll Accounting Entry based on Employee,Zpracovat účetní zápis mezd podle zaměstnance,
Process Period Closing Voucher,Doklad uzávěrky období,
Process Period Closing Voucher Detail,Detail dokladu uzávěrky období,
Process Requests,Zpracovat žádosti,
Process Statement of Accounts,Zpracování výpisu účtů,
Process Statement of Accounts Cc,Zpracování výpisu účtů - kopie,
Process Statement of Accounts Customer,Zpracování výpisu účtů - klient,
Process Subscription,Zpracovat předplatné,
Process {0} Shift Request(s) as <b>{1}</b>?,Zpracovat {0} žádostí o směnu jako <b>{1}</b>?,
Processed BOMs,Zpracované kusovníky,
Processes,Procesy,
Processing Date,Datum zpracování,
Processing import...,Probíhá zpracování importu...,
Processing of Shift Requests has been queued. It may take a few minutes.,Zpracování žádostí o směnu bylo zařazeno do fronty. Může to trvat několik minut.,
Processing Requests,Zpracování žádostí,
Processing Requests...,Zpracovávají se žádosti...,
Processing XML Files,Zpracování souborů XML,
Processing...,Zpracovává se...,
Procurement,Zásobování,
Procurement Tracker,Sledování zásobování,
Produce Qty,Množství k výrobě,
Produced / Received Qty,Vyrobené / přijaté množství,
Produced Qty,Vyrobené množství,
Produced Quantity,Vyrobené množství,
Product Bundle,Sada produktů,
Product Bundle Balance,Zůstatek sady produktů,
Product Bundle Component,Součást sady produktů,
Product Bundle Help,Nápověda k sadě produktů,
Product Bundle Item,Položka sady produktů,
Product Bundle Parent,Nadřazená sada produktů,
Product Discount Scheme,Schéma slevy na produkt,
Product Discount Slabs,Pásma slevy na produkt,
Product Price ID,ID ceny produktu,
Production,Výroba,
Production Analytics,Analýza výroby,
Production Capacity,Výrobní kapacita,
Production Item,Vyráběná položka,
Production Item Info,Informace o vyráběné položce,
Production Plan,Výrobní plán,
Production Plan Already Submitted,Výrobní plán je již odeslán,
Production Plan Item,Položka výrobního plánu,
Production Plan Item Reference,Reference na položku výrobního plánu,
Production Plan Material Request,Požadavek na materiál z výrobního plánu,
Production Plan Material Request Warehouse,Sklad požadavku na materiál z výrobního plánu,
Production Plan Qty,Množství výrobního plánu,
Production Plan Quantity Exceeded,Množství výrobního plánu překročeno,
Production Plan Sales Order,Prodejní objednávka výrobního plánu,
Production Plan Sub Assembly Item,Položka podsestavy výrobního plánu,
Production Plan Summary,Souhrn výrobního plánu,
Production Planning Report,Report plánování výroby,
Products,Produkty,
Prof,Prof.,
Professional Tax Deductions,Srážky profesní daně,
Proficiency,Znalost,
Profile,Profil,
Profile Picture,Profilová fotka,
Profit,Zisk,
Profit & Loss,Zisk a ztráta,
Profit and Loss,Zisk a ztráta,
Profit and Loss Statement,Výkaz zisku a ztráty,
Profit and Loss Statement requires {0} to be synced to DuckDB,Výkaz zisku a ztráty vyžaduje synchronizaci {0} s DuckDB,
Profit and Loss Summary,Souhrn zisku a ztráty,
Profit for the year,Zisk za rok,
Profit This Year,Zisk za tento rok,
Profitability,Ziskovost,
Profitability Analysis,Analýza ziskovosti,
Progress,Průběh,
Progress % for a task cannot be more than 100.,Průběh úkolu v % nesmí být vyšší než 100.,
Progress (%),Průběh (%),
Project,Projekt,
project,Projekt,
Project activity / task.,Aktivita / úkol projektu.,
Project Collaboration Invitation,Pozvánka ke spolupráci na projektu,
Project Id,ID projektu,
Project master.,Kmenový záznam projektu.,
Project Name,Název projektu,
Project Profitability,Ziskovost projektu,
Project Start Date,Datum zahájení projektu,
Project Status,Stav projektu,
Project Summary,Souhrn projektu,
Project Summary for {0},Souhrn projektu pro {0},
Project Template,Šablona projektu,
Project Template Task,Úkol šablony projektu,
Project Type,Typ projektu,
Project Update,Aktualizace projektu,
Project Update.,Aktualizace projektu.,
Project User,Uživatel projektu,
Project Value,Hodnota projektu,
Project wise Stock Tracking,Sledování skladu podle projektu,
Project-wise data is not available for Quotation,Data podle projektu nejsou pro nabídku k dispozici,
Projected On Hand,Predikovaná skladová zásoba,
Projected Qty,Predikované množství,
Projected Quantity,Predikované množství,
Projected Quantity Formula,Vzorec predikovaného množství,
Projects,Projekty,
Projects Settings,Nastavení projektů,
Promotion Date,Datum povýšení,
Promotional Scheme,Propagační schéma,
Promotional Scheme Id,ID propagačního schématu,
Promotional Scheme Price Discount,Cenová sleva propagačního schématu,
Promotional Scheme Product Discount,Sleva na produkt propagačního schématu,
Promotions (This Month),Povýšení (tento měsíc),
Prompt Qty,Vyzvat k zadání množství,
Property,Vlastnost,
Property already added,Vlastnost již byla přidána,
Property Depends On,Vlastnost závisí na,
Property Setter,Nastavovač vlastností,
Property Type,Typ vlastnosti,
Proposal Writing,Psaní nabídek,
Proposal/Price Quote,Návrh / cenová nabídka,
Prorate,Poměrná část,
Prospect,Potenciální klient,
Prospect Lead,Potenciální zákazník,
Prospect Opportunity,Obchodní příležitost potenciálního klienta,
Prospect Owner,Vlastník potenciálního klienta,
Prospect {0} already exists,Potenciální klient {0} již existuje,
Prospecting,Vyhledávání klientů,
Prospects Engaged But Not Converted,Oslovení potenciální klienti bez konverze,
Protect Attached Files,Chránit přiložené soubory,
Protected DocType,Chráněný DocType,
Protected File,Chráněný soubor,
Provident Fund Deductions,Srážky do penzijního fondu,
Provider,Poskytovatel,
Provider Name,Název poskytovatele,
Provisional Account,Předběžný účet,
Provisional Expense Account,Předběžný účet nákladů,
Provisional Profit / Loss (Credit),Předběžný zisk / ztráta (Dal),
Psoa Cost Center,Nákladové středisko zpracování výpisu účtů,
Psoa Project,Projekt zpracování výpisu účtů,
Public,Veřejné,
Public Files (MB),Veřejné soubory (MB),
Public Holiday Multiplier,Násobitel za státní svátek,
Public Policy URL must start with https://,URL zásad ochrany osobních údajů musí začínat na https://,
Publish,Publikovat,
Publish Applications Received,Zveřejnit přijaté žádosti,
Publish Date,Datum publikace,
Publish on website,Publikovat na webu,
Publish Salary Range,Zveřejnit mzdové rozpětí,
Published,Publikováno,
Published Date,Datum publikace,
Published Web Forms,Publikované webové formuláře,
Published Web Pages,Publikované webové stránky,
Publisher,Vydavatel,
Publisher ID,ID vydavatele,
Publishing Dates,Data publikace,
Pull Emails,Stáhnout e-maily,
Pull from Google Calendar,Stáhnout z Google Kalendáře,
Pull from Google Contacts,Stáhnout z Google Kontaktů,
Pulled from Google Calendar,Staženo z Google Kalendáře,
Pulled from Google Contacts,Staženo z Google Kontaktů,
Pulling emails...,Stahují se e-maily...,
Purchase,Nákup,
Purchase Amount,Nákupní částka,
Purchase Analytics,Analýza nákupů,
Purchase Date,Datum nákupu,
Purchase Defaults,Výchozí hodnoty nákupu,
Purchase Details,Podrobnosti nákupu,
Purchase Expense,Náklad na nákup,
Purchase Expense Account,Účet nákladů na nákup,
Purchase Expense Contra Account,Protiúčet nákladů na nákup,
Purchase Expense for Item {0},Náklad na nákup položky {0},
Purchase Invoice,Přijatá faktura,
Purchase Invoice Advance,Záloha přijaté faktury,
Purchase Invoice can be held after submitting.,Přijatou fakturu lze po odeslání pozdržet.,
Purchase Invoice cannot be made against an existing asset {0},Přijatou fakturu nelze vytvořit k existujícímu majetku {0},
Purchase Invoice Item,Položka přijaté faktury,
Purchase Invoice Settings,Nastavení přijaté faktury,
Purchase Invoice Trends,Trendy přijatých faktur,
Purchase Invoice without any outstanding amount cannot be held.,Přijatou fakturu bez nesplacené částky nelze pozdržet.,
Purchase Invoices,Přijaté faktury,
Purchase Order,Nákupní objednávka,
Purchase Order already created for all Sales Order items,Nákupní objednávka již byla vytvořena pro všechny položky prodejní objednávky,
Purchase Order Amount,Částka nákupní objednávky,
Purchase Order Amount(Company Currency),Částka nákupní objednávky (měna firmy),
Purchase Order Analysis,Analýza nákupních objednávek,
Purchase Order Date,Datum nákupní objednávky,
Purchase Order Item,Položka nákupní objednávky,
Purchase Order Item reference is missing in Subcontracting Receipt {0},V příjemce subdodávky {0} chybí reference na položku nákupní objednávky,
Purchase Order Item Supplied,Dodaná položka nákupní objednávky,
Purchase Order number required for Item {0},Pro položku {0} je vyžadováno číslo nákupní objednávky,
Purchase Order Pricing Rule,Cenové pravidlo nákupní objednávky,
Purchase Order Required,Nákupní objednávka je povinná,
Purchase Order Required for item {},Pro položku {} je vyžadována nákupní objednávka,
Purchase Order Trends,Trendy nákupních objednávek,
Purchase Order {0} created,Nákupní objednávka {0} byla vytvořena,
Purchase Order {0} is not submitted,Nákupní objednávka {0} není odeslána,
Purchase Orders,Nákupní objednávky,
Purchase Orders are not allowed for {0} due to a scorecard standing of {1}.,Nákupní objednávky pro {0} nejsou povoleny kvůli hodnocení {1} na kartě dodavatele.,
Purchase Orders Count,Počet nákupních objednávek,
Purchase orders help you plan and follow up on your purchases,Nákupní objednávky vám pomáhají plánovat a sledovat vaše nákupy,
Purchase Orders Items Overdue,Položky nákupních objednávek po termínu,
Purchase Orders to Bill,Nákupní objednávky k fakturaci,
Purchase Orders to Receive,Nákupní objednávky k přijetí,
Purchase Orders {0} are un-linked,Nákupní objednávky {0} byly odpojeny,
Purchase Price List,Nákupní ceník,
Purchase Receipt,Příjemka,
Purchase Receipt Detail,Detail příjemky,
Purchase Receipt doesn't have any Item for which Retain Sample is enabled.,"Příjemka neobsahuje žádnou položku, u které je povoleno ponechání vzorku.",
Purchase Receipt Item,Položka příjemky,
Purchase Receipt Item Supplied,Dodaná položka příjemky,
Purchase Receipt No,Číslo příjemky,
Purchase Receipt Required,Příjemka je povinná,
Purchase Receipt Required for item {},Pro položku {} je vyžadována příjemka,
Purchase Receipt Trends,Trendy příjemek,
Purchase Receipt {0} created.,Příjemka {0} byla vytvořena.,
Purchase Receipt {0} is not submitted,Příjemka {0} není odeslána,
Purchase Register,Nákupní registr,
Purchase Return,Nákupní dobropis,
Purchase Tax Template,Šablona daně z nákupu,
Purchase Tax Withholding Category,Kategorie srážkové daně z nákupu,
Purchase Taxes and Charges,Daně a poplatky z nákupu,
Purchase Taxes and Charges Template,Šablona daní a poplatků z nákupu,
Purchase Time,Čas nákupu,
Purchase Value,Hodnota nákupu,
Purchase Voucher No,Číslo nákupního dokladu,
Purchase Voucher Type,Typ nákupního dokladu,
Purchases,Nákupy,
Purchasing,Nákup,
Purpose,Účel,
Purpose & Amount,Účel a částka,
Purpose must be one of {0},Účel musí být jeden z {0},
Purpose of Travel,Účel cesty,
Purposes,Účely,
Purposes Required,Účely jsou povinné,
Push Notification,Push notifikace,
Push Notification permission denied,Oprávnění pro push notifikace bylo zamítnuto,
Push Notification Settings,Nastavení push notifikací,
Push Notifications,Push notifikace,
Push notifications disabled,Push notifikace jsou zakázány,
Push notifications have been disabled on your site,Push notifikace byly na vašem webu zakázány,
Push to Google Calendar,Odeslat do Google Kalendáře,
Push to Google Contacts,Odeslat do Google Kontaktů,
Put on Hold,Pozastavit,
Putaway Rule,Pravidlo uskladnění,
Putaway Rule already exists for Item {0} in Warehouse {1}.,Pravidlo uskladnění pro položku {0} ve skladu {1} již existuje.,
Pwa Notification,PWA notifikace,
Qty,Množství,
qty,množství,
Qty (As per BOM),Množství (dle kusovníku),
Qty (Company),Množství (firma),
Qty (in Stock UOM),Množství (ve skladové MJ),
Qty (Warehouse),Množství (sklad),
Qty After Transaction,Množství po transakci,
Qty and Rate,Množství a cena,
Qty as Per Stock UOM,Množství dle skladové MJ,
Qty as per Stock UOM,Množství dle skladové MJ,
Qty Change,Změna množství,
Qty Consumed Per Unit,Spotřebované množství na jednotku,
Qty for {0},Množství pro {0},
Qty In Stock,Množství na skladě,
Qty in Stock UOM,Množství ve skladové MJ,
Qty left for a later cycle or for another job card.,Množství zbývající pro pozdější cyklus nebo jinou výrobní kartu.,
Qty of Finished Goods Item,Množství hotového výrobku,
Qty of Finished Goods Item should be greater than 0.,Množství hotového výrobku musí být větší než 0.,
Qty Per Unit,Množství na jednotku,
"Qty scrapped in this cycle, nobody will produce it.","Množství vyřazené v tomto cyklu, nikdo ho nevyrobí.",
Qty to Be Consumed,Množství ke spotřebě,
Qty to Bill,Množství k fakturaci,
Qty to Build,Množství k sestavení,
Qty to Deliver,Množství k dodání,
Qty to Disassemble,Množství k rozebrání,
Qty To Manufacture,Množství k výrobě,
"Qty To Manufacture ({0}) cannot be a fraction for the UOM {2}. To allow this, disable '{1}' in the UOM {2}.","Množství k výrobě ({0}) nemůže být zlomek pro měrnou jednotku {2}. Chcete-li to povolit, zakažte „{1}“ u měrné jednotky {2}.",
Qty To Manufacture in the job card cannot be greater than Qty To Manufacture in the work order for the operation {0}. <br><br><b>Solution: </b> Either you can reduce the Qty To Manufacture in the job card or set the 'Overproduction Percentage For Work Order' in the {1}.,"Množství k výrobě ve výrobní kartě nesmí být větší než množství k výrobě ve výrobním příkazu pro operaci {0}. <br><br><b>Řešení: </b>Buď můžete snížit množství k výrobě ve výrobní kartě, nebo nastavit „Procento nadvýroby pro výrobní příkaz“ v {1}.",
Qty to Manufacture in this Cycle,Množství k výrobě v tomto cyklu,
Qty to Order,Množství k objednání,
Qty To Produce,Množství k výrobě,
Qty to Produce,Množství k výrobě,
Qty to Receive,Množství k přijetí,
Qty Wise Chart,Graf podle množství,
Qualification,Kvalifikace,
Qualification Status,Stav kvalifikace,
Qualified By,Kvalifikoval,
Qualified on,Kvalifikováno dne,
Quality,Kvalita,
Quality Action,Nápravné opatření,
Quality Action Resolution,Vyřešení nápravného opatření,
Quality Feedback,Zpětná vazba ke kvalitě,
Quality Feedback Parameter,Parametr zpětné vazby ke kvalitě,
Quality Feedback Template,Šablona zpětné vazby ke kvalitě,
Quality Feedback Template Parameter,Parametr šablony zpětné vazby ke kvalitě,
Quality Goal,Cíl kvality,
Quality Goal Objective,Záměr cíle kvality,
Quality Inspection,Kontrola kvality,
Quality Inspection Analysis,Analýza kontroly kvality,
Quality Inspection is required for the item {0} before completing the job card {1},Před dokončením výrobní karty {1} je pro položku {0} vyžadována kontrola kvality,
Quality Inspection Parameter,Parametr kontroly kvality,
Quality Inspection Parameter Group,Skupina parametrů kontroly kvality,
Quality Inspection Reading,Naměřená hodnota kontroly kvality,
Quality Inspection Required,Kontrola kvality je povinná,
Quality Inspection Summary,Souhrn kontroly kvality,
Quality Inspection Template,Šablona kontroly kvality,
Quality Inspection Template Name,Název šablony kontroly kvality,
Quality Inspection {0} is not submitted for the item: {1},Kontrola kvality {0} pro položku {1} není odeslána,
Quality Inspection {0} is rejected for the item: {1},Kontrola kvality {0} pro položku {1} byla zamítnuta,
Quality Inspection(s),Kontrola(y) kvality,
Quality Inspections,Kontroly kvality,
Quality Management,Řízení kvality,
Quality Meeting,Porada o kvalitě,
Quality Meeting Agenda,Program porady o kvalitě,
Quality Meeting Minutes,Zápis z porady o kvalitě,
Quality Procedure,Postup kvality,
Quality Procedure Process,Proces postupu kvality,
Quality Review,Přezkoumání kvality,
Quality Review Objective,Záměr přezkoumání kvality,
Quantities updated successfully.,Množství byla úspěšně aktualizována.,
Quantity,Množství,
quantity,Množství,
Quantity & Stock,Množství a sklad,
Quantity (A - B),Množství (A - B),
Quantity (Output Qty),Množství (výstupní množství),
Quantity and Amount,Množství a částka,
Quantity and Description,Množství a popis,
Quantity and Rate,Množství a cena,
Quantity and Warehouse,Množství a sklad,
Quantity Available,Dostupné množství,
Quantity cannot be greater than {0} for Item {1},Množství nesmí být větší než {0} u položky {1},
Quantity Difference,Rozdíl množství,
Quantity for Item {0} must be greater than zero and cannot exceed {1},Množství u položky {0} musí být větší než nula a nesmí překročit {1},
Quantity is mandatory for the selected items.,Množství je u vybraných položek povinné.,
Quantity is required,Množství je povinné,
Quantity must be greater than zero,Množství musí být větší než nula,
Quantity must be less than or equal to {0},Množství musí být menší nebo rovné {0},
Quantity must not be more than {0},Množství nesmí být větší než {0},
Quantity required for Item {0} in row {1},U položky {0} v řádku {1} je vyžadováno množství,
Quantity should be greater than 0,Množství musí být větší než 0,
Quantity to Manufacture,Množství k výrobě,
Quantity to Manufacture can not be zero for the operation {0},Množství k výrobě u operace {0} nemůže být nulové,
Quantity to Manufacture must be greater than 0.,Množství k výrobě musí být větší než 0.,
Quantity Tolerance,Tolerance množství,
Quarter {0} {1},Čtvrtletí {0} {1},
Quarterly,Čtvrtletně,
Queries,Dotazy,
Query,Dotaz,
Query / Script,Dotaz / skript,
Query analysis complete. Check suggested indexes.,Analýza dotazu dokončena. Zkontrolujte navržené indexy.,
Query Options,Možnosti dotazu,
Query Parameters,Parametry dotazu,
Query Route String,Řetězec cesty dotazu,
questionnaire,dotazník,
Questionnaire Email Sent,E-mail s dotazníkem odeslán,
Queue,Fronta,
Queue in Background (BETA),Zařadit na pozadí (beta),
Queue Overloaded,Fronta je přetížená,
Queue should be one of {0},Fronta musí být jedna z {0},
Queue Size should be between 5 and 100,Velikost fronty musí být mezi 5 a 100,
Queue Status,Stav fronty,
Queue Type(s),Typ(y) fronty,
Queue(s),Fronta(y),
Queued,Zařazeno do fronty,
Queued At,Zařazeno v,
Queued By,Zařadil,
Queued for backup. You will receive an email with the download link,Zařazeno do fronty pro zálohování. Obdržíte e-mail s odkazem ke stažení,
Queued for Submission. You can track the progress over {0}.,Zařazeno do fronty k odeslání. Průběh můžete sledovat přes {0}.,
Queues,Fronty,
Queuing {0} for Submission,Zařazuji {0} do fronty k odeslání,
Quick Entry,Rychlé zadání,
Quick Filters,Rychlé filtry,
Quick Help for Setting Permissions,Rychlá nápověda pro nastavení oprávnění,
Quick Journal Entry,Rychlý účetní zápis,
Quick Links,Rychlé odkazy,
Quick List Filter,Rychlý filtr seznamu,
Quick Lists,Rychlé seznamy,
Quick Ratio,Rychlý poměr likvidity,
Quick Stock Balance,Rychlý stav skladu,
Quot Count,Počet nabídek,
Quot/Lead %,Nabídky / potenciální zákazníci (%),
Quotation,Nabídka,
Quotation Amount,Částka nabídky,
Quotation Item,Položka nabídky,
Quotation Lost Reason,Důvod ztráty nabídky,
Quotation Lost Reason Detail,Detail důvodu ztráty nabídky,
Quotation Number,Číslo nabídky,
Quotation To,Nabídka pro,
Quotation Trends,Trendy nabídek,
Quotation {0} is cancelled,Nabídka {0} je stornována,
Quotation {0} not of type {1},Nabídka {0} není typu {1},
Quotations,Nabídky,
"Quotations are proposals, bids you have sent to your customers","Nabídky jsou návrhy a cenové nabídky, které jste odeslali svým klientům",
Quote Status,Stav nabídky,
Quoted Amount,Nabídnutá částka,
Raise Material Request when stock reaches re-order level,"Vytvořit požadavek na materiál, když zásoba dosáhne úrovně pro doobjednání",
Raised By,Vytvořil,
Raised By (Email),Vytvořil (e-mail),
Range,Rozsah,
Rate,Cena,
rate,cena,
Rate & Amount,Cena a částka,
Rate (Company Currency),Cena (měna firmy),
Rate and Amount,Cena a částka,
Rate Goals Manually,Ohodnotit cíle ručně,
Rate limit for email link login,Limit počtu pokusů pro přihlášení odkazem v e-mailu,
Rate Limiting,Omezení počtu požadavků,
Rate of '{}' items cannot be changed,Cenu položek „{}“ nelze změnit,
Rate of Depreciation,Sazba odpisu,
Rate of Depreciation (%),Sazba odpisu (%),
Rate of Interest (%) Yearly,Roční úroková sazba (%),
Rate Of Materials Based On,Cena materiálu na základě,
Rate of Stock UOM,Cena skladové MJ,
Rate Of TDS As Per Certificate,Sazba srážkové daně dle certifikátu,
Rate or Discount,Cena nebo sleva,
Rate or Discount is required for the price discount.,Pro cenovou slevu je vyžadována cena nebo sleva.,
Rate Section,Sekce ceny,
Rate With Margin,Cena s marží,
Rate With Margin (Company Currency),Cena s marží (měna firmy),
Rates,Ceny,
Rating,Hodnocení,
rating,hodnocení,
Rating Criteria,Kritéria hodnocení,
Ratings,Hodnocení,
Ratios,Poměrové ukazatele,
Raw Commands,Nezpracované příkazy,
Raw Email,Nezpracovaný e-mail,
Raw HTML can be used only with Email Templates having 'Use HTML' checked.,Čisté HTML lze použít pouze u e-mailových šablon s povolenou volbou „Použít HTML“.,
RAW Information Log,Log nezpracovaných informací,
Raw Material,Surovina,
Raw Material Code,Kód suroviny,
Raw Material Cost,Náklady na suroviny,
Raw Material Cost (Company Currency),Náklady na suroviny (měna firmy),
Raw Material Cost Per Qty,Náklady na suroviny na jednotku množství,
Raw Material Item,Položka suroviny,
Raw Material Item Code,Kód položky suroviny,
Raw Material Name,Název suroviny,
Raw Material Value,Hodnota suroviny,
Raw Material Voucher No,Číslo dokladu suroviny,
Raw Material Voucher Type,Typ dokladu suroviny,
Raw Material Warehouse,Sklad surovin,
Raw Materials,Suroviny,
Raw Materials Actions,Akce se surovinami,
Raw Materials cannot be blank.,Suroviny nesmí být prázdné.,
Raw Materials Consumed,Spotřebované suroviny,
Raw Materials Consumption,Spotřeba surovin,
Raw Materials Missing,Chybějící suroviny,
Raw Materials Required,Vyžadované suroviny,
Raw Materials Supplied,Dodané suroviny,
Raw Materials Supplied Cost,Náklady na dodané suroviny,
Raw Materials to Customer,Suroviny pro klienta,
Raw Method,Nezpracovaná metoda,
Raw Printing,Přímý tisk,
Raw Printing Setting,Nastavení přímého tisku,
Re-allocate Leaves,Znovu přidělit volno,
Re-open,Znovu otevřít,
Re-order Level,Úroveň pro doobjednání,
Re-order Qty,Množství pro doobjednání,
Re-Run in Console,Spustit znovu v konzoli,
Re:,Re:,
Re: {0},Re: {0},
Reached Root,Dosažen kořen,
Read,Číst,
Read by Recipient,Přečteno příjemcem,
Read by Recipient On,Přečteno příjemcem dne,
Read mode,Režim čtení,
Read Only,Pouze pro čtení,
Read Only Depends On,Pouze pro čtení závisí na,
Read Only Depends On (JS),Pouze pro čtení závisí na (JS),
Read the docs,Přečíst dokumentaci,
Read the documentation to know more,Více informací naleznete v dokumentaci,
Read-Only queries are allowed,Povoleny jsou pouze dotazy pro čtení,
Reading 1,Naměřená hodnota 1,
Reading 10,Naměřená hodnota 10,
Reading 2,Naměřená hodnota 2,
Reading 3,Naměřená hodnota 3,
Reading 4,Naměřená hodnota 4,
Reading 5,Naměřená hodnota 5,
Reading 6,Naměřená hodnota 6,
Reading 7,Naměřená hodnota 7,
Reading 8,Naměřená hodnota 8,
Reading 9,Naměřená hodnota 9,
Reading Value,Naměřená hodnota,
Readings,Naměřené hodnoty,
Readme,Readme,
Realtime (SocketIO),V reálném čase (SocketIO),
Reason,Důvod,
Reason for Adjustment,Důvod úpravy,
Reason for Failure,Důvod selhání,
Reason for Hold,Důvod pozastavení,
Reason for hold:,Důvod pozastavení:,
Reason for Leaving,Důvod odchodu,
Reason For Putting On Hold,Důvod pozastavení,
Reason for Requesting,Důvod žádosti,
Reason for skipping auto attendance:,Důvod vynechání automatické docházky:,
Reason for Withholding Salary,Důvod zadržení mzdy,
Rebuild Tree,Znovu sestavit strom,
Rebuilding BTree for period ...,Znovu se sestavuje B-strom za období ...,
Rebuilding of tree is not supported for {},Opětovné sestavení stromu není podporováno pro {},
Recalculate Batch Qty,Přepočítat množství šarže,
Recalculate Incoming/Outgoing Rate,Přepočítat příchozí/odchozí cenu,
Recalculate Valuation Rate,Přepočítat oceňovací cenu,
Recalculate Values,Přepočítat hodnoty,
Receipt,Příjem,
Receipt Document,Doklad příjmu,
Receipt Document Type,Typ dokladu příjmu,
Receipt Items,Přijaté položky,
Receivable,Pohledávka,
Receivable / Payable Account,Účet pohledávek / závazků,
Receivable Account,Účet pohledávek,
Receivable/Payable Account,Účet pohledávek/závazků,
Receivable/Payable Account: {0} doesn't belong to company {1},Účet pohledávek/závazků {0} nepatří firmě {1},
Receivables,Pohledávky,
Receive,Přijmout,
Receive from Customer,Přijmout od klienta,
Received,Přijato,
Received Amount,Přijatá částka,
Received Amount (Company Currency),Přijatá částka (měna firmy),
Received Amount After Tax,Přijatá částka po zdanění,
Received Amount After Tax (Company Currency),Přijatá částka po zdanění (měna firmy),
Received Amount cannot be greater than Paid Amount,Přijatá částka nesmí být větší než zaplacená částka,
Received an invalid token type.,Přijat neplatný typ tokenu.,
Received and Accepted,Přijato a schváleno,
received from,přijato od,
Received Items To Be Billed,Přijaté položky k fakturaci,
Received Qty,Přijaté množství,
Received Qty Amount,Částka přijatého množství,
Received Qty in Stock UOM,Přijaté množství ve skladové MJ,
Received Quantity,Přijaté množství,
Received Stock Entries,Přijaté skladové pohyby,
Receiver By Document Field,Příjemce dle pole dokladu,
Receiver By Role,Příjemce dle role,
Receiver List,Seznam příjemců,
Receiver List is empty. Please create Receiver List,Seznam příjemců je prázdný. Vytvořte prosím seznam příjemců,
Receiver Parameter,Parametr příjemce,
Recent Attendance Requests,Nedávné žádosti o docházku,
Recent Expenses,Nedávné výdaje,
Recent Leaves,Nedávná volna,
Recent Orders,Nedávné objednávky,
Recent Shift Requests,Nedávné žádosti o směnu,
Recent Transactions,Nedávné transakce,
Recent years are easy to guess.,Nedávné roky lze snadno uhodnout.,
Recipient,Příjemce,
Recipient & Status,Příjemce a stav,
Recipient Account Field,Pole účtu příjemce,
Recipient Message And Payment Details,Zpráva pro příjemce a údaje o platbě,
Recipients,Příjemci,
Reconcile,Odsouhlasit,
Reconcile All Serial Nos / Batches,Odsouhlasit všechna sériová čísla / šarže,
Reconcile Effect On,Odsouhlasení se projeví dne,
Reconcile Entries,Odsouhlasit zápisy,
Reconcile on Advance Payment Date,Odsouhlasit k datu zálohové platby,
Reconciled,Odsouhlaseno,
Reconciled Entries,Odsouhlasené zápisy,
Reconciliation Error Log,Log chyb odsouhlasení,
Reconciliation Logs,Logy odsouhlasení,
Reconciliation Progress,Průběh odsouhlasení,
Reconciliation queue size,Velikost fronty odsouhlasení,
Reconciliation Statement,Výkaz odsouhlasení,
Reconciliation Takes Effect On,Odsouhlasení nabývá účinnosti dne,
Reconciliation Type,Typ odsouhlasení,
Recorder,Záznamník,
Recorder Event,Událost záznamníku,
Recorder Query,Dotaz záznamníku,
Recorder Suggested Index,Doporučený index záznamníku,
Recording HTML,Nahrávka HTML,
Recording URL,URL nahrávky,
Records for following doctypes will be filtered,Záznamy pro následující DocTypy budou filtrovány,
Recoverable Standard Rated expenses should not be set when Reverse Charge Applicable is Y,"Odpočitatelné náklady se standardní sazbou nelze nastavit, pokud je uplatněno přenesení daňové povinnosti",
Recreate Stock Ledgers,Znovu vytvořit skladové knihy,
Recruitment,Nábor,
Recruitment Analytics,Analýza náboru,
Recurse Every (As Per Transaction UOM),Opakovat po (dle transakční MJ),
Recurse Over Qty cannot be less than 0,Množství pro opakování nesmí být menší než 0,
Recursive Discounts with Mixed condition is not supported by the system,Systém nepodporuje rekurzivní slevy se smíšenou podmínkou,
Recursive Fetch From,Rekurzivní načtení z,
Red,Červená,
Redact Message After Send,Skrýt zprávu po odeslání,
Redeem Against,Uplatnit vůči,
Redeem Loyalty Points,Uplatnit věrnostní body,
Redeemed Points,Uplatněné body,
Redemption,Uplatnění,
Redemption Account,Účet pro uplatnění,
Redemption Cost Center,Nákladové středisko pro uplatnění,
Redemption Date,Datum uplatnění,
Redirect HTTP Status,Stav HTTP přesměrování,
Redirect To Path,Přesměrovat na cestu,
Redirect URI,URI přesměrování,
Redirect URI Bound To Auth Code,URI přesměrování vázané na autorizační kód,
Redirect URIs,URI přesměrování,
Redirect URL,URL přesměrování,
Redirects,Přesměrování,
Redis cache server not running. Please contact Administrator / Tech support,Server mezipaměti Redis neběží. Kontaktujte prosím administrátora / technickou podporu,
Reducing maximum leaves allowed after allocation may cause scheduler to allocate incorrect number of earned leaves. Proceed with caution.,"Snížení maximálního povoleného volna po přidělení může způsobit, že plánovač přidělí nesprávný počet nárokovaných dnů volna. Postupujte opatrně.",
Reduction is more than {0}'s available leave balance {1} for leave type {2},Snížení je vyšší než dostupný zůstatek volna {1} zaměstnance {0} pro typ volna {2},
Ref Code,Referenční kód,
Ref Date,Referenční datum,
Ref DocType,Referenční DocType,
Referance Doctype and Dashboard Name both can't be used at the same time.,Referenční DocType a název dashboardu nelze použít současně.,
Reference,Reference,
Reference #{0} dated {1},Reference č. {0} ze dne {1},
Reference Date,Datum reference,
Reference Datetime,Datum a čas reference,
Reference Detail No,Číslo detailu reference,
Reference Doc,Referenční doklad,
Reference DocName,Referenční název dokladu,
Reference Docname,Referenční název dokladu,
Reference DocType,Referenční DocType,
Reference Doctype,Referenční DocType,
Reference DocType and Reference Name are required,Referenční DocType a referenční název jsou povinné,
Reference Doctype must be one of {0},Referenční DocType musí být jeden z {0},
Reference Document,Referenční doklad,
Reference Document Name,Název referenčního dokladu,
Reference Document Type,Typ referenčního dokladu,
Reference Due Date,Referenční datum splatnosti,
Reference Exchange Rate,Referenční směnný kurz,
Reference for Reservation,Reference pro rezervaci,
Reference Name,Referenční název,
Reference name,Referenční název,
Reference No,Referenční číslo,
Reference No & Reference Date is required for {0},Pro {0} je vyžadováno referenční číslo a referenční datum,
Reference No and Reference Date is mandatory for Bank transaction,Referenční číslo a referenční datum jsou pro bankovní transakci povinné,
Reference No is mandatory if you entered Reference Date,"Pokud jste zadali referenční datum, je referenční číslo povinné",
Reference No.,Referenční č.,
Reference Number,Referenční číslo,
Reference Owner,Vlastník reference,
Reference Purchase Receipt,Referenční příjemka,
Reference Report,Referenční report,
Reference Row,Referenční řádek,
Reference Row #,Č. referenčního řádku,
Reference Type,Typ reference,
Reference: {0},Reference: {0},
"Reference: {0}, Item Code: {1} and Customer: {2}","Reference: {0}, kód položky: {1} a klient: {2}",
References,Reference,
References to Sales Invoices are Incomplete,Reference na vydané faktury jsou neúplné,
References to Sales Orders are Incomplete,Reference na prodejní objednávky jsou neúplné,
References {0} of type {1} had no outstanding amount left before submitting the Payment Entry. Now they have a negative outstanding amount.,Reference {0} typu {1} neměly před odesláním platby žádnou nesplacenou částku. Nyní mají zápornou nesplacenou částku.,
Referral Bonus Payment Status,Stav výplaty bonusu za doporučení,
Referral Code,Kód doporučení,
Referral Details,Podrobnosti doporučení,
Referral Sales Partner,Doporučený obchodní partner,
Referrer,Doporučující,
Referrer Details,Podrobnosti o doporučujícím,
Referrer Name,Jméno doporučujícího,
Reflections,Postřehy,
Refresh,Obnovit,
Refresh All,Obnovit vše,
Refresh Google Sheet,Obnovit Google Sheet,
Refresh Plaid Link,Obnovit Plaid Link,
Refresh Print Preview,Obnovit náhled tisku,
Refresh Token,Obnovovací token,
Refreshing...,Obnovuje se...,
Refuelling Details,Podrobnosti tankování,
"Regards,","S pozdravem,",
Regenerate Stock Closing Entry,Znovu vygenerovat uzávěrkový skladový zápis,
Regional,Regionální,
Registered but disabled,"Registrováno, ale zakázáno",
Registers,Registry,
Registration Details,Registrační údaje,
Reject,Zamítnout,
Reject Employee Referral,Zamítnout doporučení zaměstnance,
Rejected,Zamítnuto,
Rejected Claims (This Month),Zamítnutá vyúčtování (tento měsíc),
Rejected Job Applicants,Zamítnutí uchazeči o zaměstnání,
Rejected malformed encoded address header with synthesized '@': {0},Zamítnuta chybně zakódovaná hlavička adresy s uměle vloženým znakem „@“: {0},
Rejected Qty,Zamítnuté množství,
Rejected Quantity,Zamítnuté množství,
Rejected Serial and Batch Bundle,Zamítnutý balíček sériových čísel a šarží,
Rejected Serial No,Zamítnuté sériové číslo,
Rejected Warehouse,Sklad zamítnutého zboží,
Rejection,Zamítnutí,
Related,Související,
Related Item,Související položka,
Relation,Vztah,
Relay Server URL missing,Chybí URL přenosového serveru,
Relay Settings,Nastavení přenosového serveru,
Release Date,Datum uvolnění,
Release date must be in the future,Datum uvolnění musí být v budoucnosti,
Release Notes,Poznámky k vydání,
Release Withheld Salaries,Uvolnit zadržené mzdy,
Relieving Date,Datum ukončení,
Relieving Date Missing,Chybí datum ukončení,
Relink,Znovu propojit,
Relink Communication,Znovu propojit komunikaci,
Reload,Znovu načíst,
Remaining Amount,Zbývající částka,
Remaining Balance,Zbývající zůstatek,
Remaining Benefits (Yearly),Zbývající benefity (roční),
Remark,Poznámka,
Remarks,Poznámky,
remarks,Poznámky,
Remember Last Selected Value,Zapamatovat poslední vybranou hodnotu,
Remind At,Připomenout v,
Remind Before,Připomenout před,
Reminded,Připomenuto,
Reminder,Připomenutí,
Reminder cannot be created in past.,Připomenutí nelze vytvořit v minulosti.,
Reminders,Připomenutí,
Remove all customizations?,Odstranit všechny úpravy?,
Remove Failed Jobs,Odstranit neúspěšné úlohy,
Remove Field,Odstranit pole,
Remove if Zero Valued,"Odstranit, pokud je hodnota nulová",
Remove item if charges is not applicable to that item,"Odstranit položku, pokud se na ni poplatky nevztahují",
Remove Parent Row No in Items Table,Odstranit číslo nadřazeného řádku v tabulce položek,
Remove Section,Odstranit sekci,
Remove Zero Counts,Odstranit nulové počty,
Removed Icons,Odstraněné ikony,
Removed items with no change in quantity or value.,Odstraněny položky bez změny množství nebo hodnoty.,
removed {0} row(s) from {1},odstraněno {0} řádků z {1},
Removed {0} rows with zero document count. Please save to persist changes.,Odstraněno {0} řádků s nulovým počtem dokladů. Uložením změny potvrdíte.,
Removing rows without exchange gain or loss,Odstraňují se řádky bez kurzového zisku nebo ztráty,
Rename,Přejmenovat,
Rename Fieldname,Přejmenovat název pole,
Rename jobs for doctype {0} have been enqueued.,Úlohy přejmenování pro DocType {0} byly zařazeny do fronty.,
Rename jobs for doctype {0} have not been enqueued.,Úlohy přejmenování pro DocType {0} nebyly zařazeny do fronty.,
Rename Log,Log přejmenování,
Rename Not Allowed,Přejmenování není povoleno,
Rename Tool,Nástroj pro přejmenování,
"Renamed files and replaced code in controllers, please check!","Soubory byly přejmenovány a kód v kontrolerech nahrazen, zkontrolujte prosím!",
renamed from {0} to {1},přejmenováno z {0} na {1},
"Renaming it is only allowed via parent company {0}, to avoid mismatch.","Přejmenování je povoleno pouze přes nadřazenou firmu {0}, aby nedošlo k nesouladu.",
Rent,Nájem,
Reopen,Znovu otevřít,
Reorder Level,Úroveň pro doobjednání,
Reorder level based on Warehouse,Úroveň pro doobjednání podle skladu,
Reorder Qty,Množství pro doobjednání,
Repack,Přebalit,
Repair Cost,Náklady na opravu,
Repair Purchase Invoices,Přijaté faktury za opravu,
Repair Status,Stav opravy,
Repay From Salary,Splácet ze mzdy,
Repay From Salary can be selected only for term loans,Splácení ze mzdy lze vybrat pouze u termínovaných půjček,
Repay Unclaimed Amount from Salary,Splatit nevyzvednutou částku ze mzdy,
Repeat Customer Revenue,Tržby od opakovaných klientů,
Repeat Customers,Opakovaní klienti,
Repeat Header and Footer,Opakovat záhlaví a zápatí,
Repeat On,Opakovat v,
Repeat on Day,Opakovat ve dni,
Repeat On Days,Opakovat ve dnech,
Repeat on Days,Opakovat ve dnech,
Repeat on Last Day of the Month,Opakovat poslední den v měsíci,
Repeat this Event,Opakovat tuto událost,
Repeat Till,Opakovat do,
"Repeats like ""aaa"" are easy to guess",Opakování jako „aaa“ lze snadno uhodnout,
"Repeats like ""abcabcabc"" are only slightly harder to guess than ""abc""",Opakování jako „abcabcabc“ lze uhodnout jen o málo hůře než „abc“,
Replace,Nahradit,
Replace BOM,Nahradit kusovník,
Replicate,Replikovat,
Replicate Role,Replikovat roli,
Replicating Role...,Replikuje se role...,
Replied,Odpovězeno,
Replies,Odpovědi,
Reply,Odpověď,
Reply All,Odpovědět všem,
Reply to Address,Adresa pro odpověď,
Reply To email is required,E-mail pro odpověď je povinný,
Reply-To Addresses,Adresy pro odpověď,
Report,Report,
Report an Issue,Nahlásit problém,
Report cannot be set for Single types,Report nelze nastavit pro typ Single,
Report Column,Sloupec reportu,
Report Date,Datum reportu,
Report Description,Popis reportu,
Report Document Error,Chyba dokladu reportu,
Report Error,Nahlásit chybu,
Report Filter,Filtr reportu,
Report Filters,Filtry reportu,
"Report has no data, please modify the filters or change the Report Name","Report neobsahuje žádná data, upravte prosím filtry nebo změňte název reportu",
"Report has no numeric fields, please change the Report Name","Report neobsahuje žádná číselná pole, změňte prosím název reportu",
Report Hide,Skrýt report,
Report Information,Informace o reportu,
Report limit reached,Dosažen limit reportů,
Report Line Items,Položky reportu,
Report Name,Název reportu,
"Report Name, Report Field and Fucntion are required to create a number card","Pro vytvoření číselné karty jsou vyžadovány název reportu, pole reportu a funkce",
Report Ref DocType,Referenční DocType reportu,
Report Reference Doctype,Referenční DocType reportu,
Report Template,Šablona reportu,
Report timed out.,Vypršel časový limit reportu.,
Report Type,Typ reportu,
Report Type is mandatory,Typ reportu je povinný,
Report updated successfully,Report byl úspěšně aktualizován,
Report View,Zobrazení reportu,
Report {0} deleted,Report {0} byl smazán,
Report {0} is disabled,Report {0} je zakázán,
Report {0} saved,Report {0} byl uložen,
Reporting Currency,Vykazovací měna,
Reporting Currency Exchange Not Found,Směnný kurz vykazovací měny nebyl nalezen,
Reporting Currency Exchange Rate,Směnný kurz vykazovací měny,
Reports,Reporty,
Reports & Masters,Reporty a kmenová data,
Reports To,Nadřízený,
Reports to,Nadřízený,
Repost,Přeúčtovat,
Repost Accounting Ledger,Přeúčtovat účetní knihu,
Repost Accounting Ledger Items,Přeúčtovat položky účetní knihy,
Repost Accounting Ledger Settings,Nastavení přeúčtování účetní knihy,
Repost Allowed Types,Povolené typy přeúčtování,
Repost Error Log,Log chyb přeúčtování,
Repost has started in the background,Přeúčtování bylo spuštěno na pozadí,
Repost in background,Přeúčtovat na pozadí,
Repost Item Valuation,Přeúčtovat ocenění položek,
Repost Item Valuation restarted for selected failed records.,Přeúčtování ocenění položek bylo pro vybrané neúspěšné záznamy spuštěno znovu.,
Repost Only Accounting Ledgers,Přeúčtovat pouze účetní knihy,
Repost Payment Ledger,Přeúčtovat knihu plateb,
Repost Payment Ledger Items,Přeúčtovat položky knihy plateb,
Repost started in the background,Přeúčtování bylo spuštěno na pozadí,
Repost Status,Stav přeúčtování,
Reposting can be started only for submitted document.,Přeúčtování lze spustit pouze u odeslaného dokladu.,
Reposting cannot be started when status is {0}.,"Přeúčtování nelze spustit, pokud je stav {0}.",
Reposting Data File,Datový soubor přeúčtování,
Reposting entries created: {0},Vytvořeno zápisů přeúčtování: {0},
Reposting for Item-Wh Completed {0}%,Přeúčtování pro položku a sklad dokončeno z {0} %,
Reposting for Vouchers Completed {0}%,Přeúčtování dokladů dokončeno z {0} %,
Reposting has been started in the background.,Přeúčtování bylo spuštěno na pozadí.,
Reposting in the background.,Přeúčtování probíhá na pozadí.,
Reposting is still in progress in background.,Přeúčtování na pozadí stále probíhá.,
Reposting Item and Warehouse,Přeúčtování položky a skladu,
Reposting Progress,Průběh přeúčtování,
Reposting Reference,Reference přeúčtování,
Reposting Status,Stav přeúčtování,
Reposting Vouchers,Přeúčtování dokladů,
Reposting Vouchers Progress,Průběh přeúčtování dokladů,
Reposting {0} {1},Přeúčtování {0} {1},
Represents Company,Zastupuje firmu,
Reqd By Date,Vyžadováno do data,
Reqd Qty (BOM),Požadované množství (kusovník),
Reqired Qty,Požadované množství,
Request a Leave,Požádat o volno,
Request a Shift,Požádat o směnu,
Request an Advance,Požádat o zálohu,
Request Attendance,Vyžádat docházku,
Request Body,Tělo požadavku,
Request Data,Data požadavku,
Request Description,Popis požadavku,
Request for,Požadavek na,
Request For Quotation,Poptávka,
Request for Quotation,Poptávka,
Request for Quotation Item,Položka poptávky,
Request for Quotation Supplier,Dodavatel poptávky,
Request for Raw Materials,Požadavek na suroviny,
Request Headers,Hlavičky požadavku,
Request ID,ID požadavku,
Request Leave,Požádat o volno,
Request Limit,Limit požadavků,
Request Method,Metoda požadavku,
Request Parameters,Parametry požadavku,
Request Structure,Struktura požadavku,
Request Timeout,Časový limit požadavku,
Request to your server failed.,Požadavek na váš server selhal.,
Request Type,Typ požadavku,
Request URL,URL požadavku,
Requested,Požadováno,
Requested By,Vyžádal,
Requested By (Name),Vyžádal (jméno),
Requested Items To Be Transferred,Požadované položky k převodu,
Requested Items to Order and Receive,Požadované položky k objednání a přijetí,
Requested Numbers,Požadovaná čísla,
Requested Qty,Požadované množství,
"Requested Qty: Quantity requested for purchase, but not ordered.","Požadované množství: množství požadované k nákupu, ale zatím neobjednané.",
Requesting payment against {0} {1} for amount {2},Žádost o platbu k {0} {1} na částku {2},
Requesting Site,Žádající web,
Requestor,Žadatel,
Require Trusted Certificate,Vyžadovat důvěryhodný certifikát,
Required By,Vyžádal,
Required Date,Datum požadavku,
Required for Employee Creation,Vyžadováno pro vytvoření zaměstnance,
Required Items,Požadované položky,
Required On,Vyžadováno dne,
Required Qty,Požadované množství,
Required Quantity,Požadované množství,
Required Skills,Požadované dovednosti,
Requirement,Požadavek,
Requires Fulfilment,Vyžaduje splnění,
Res: {0},Odpověď: {0},
Reschedule Interview,Přeplánovat pohovor,
Research,Výzkum,
Research & Development,Výzkum a vývoj,
Resend,Odeslat znovu,
Resend Payment Email,Znovu odeslat e-mail o platbě,
Reservation,Rezervace,
Reservation Based On,Rezervace na základě,
Reserve,Rezervovat,
Reserve for Raw Materials,Rezervovat pro suroviny,
Reserve for Sub-assembly,Rezervovat pro podsestavu,
Reserve Stock,Rezervovat sklad,
Reserve Warehouse,Rezervní sklad,
Reserved,Rezervováno,
Reserved Batch Conflict,Konflikt rezervované šarže,
Reserved for POS Transactions,Rezervováno pro POS transakce,
Reserved for Production,Rezervováno pro výrobu,
Reserved for Production Plan,Rezervováno pro výrobní plán,
Reserved for Sub Contracting,Rezervováno pro subdodávku,
Reserved Inventory,Rezervovaná zásoba,
Reserved Qty,Rezervované množství,
"Reserved Qty ({0}) cannot be a fraction. To allow this, disable '{1}' in UOM {3}.","Rezervované množství ({0}) nemůže být zlomek. Chcete-li to povolit, zakažte „{1}“ u měrné jednotky {3}.",
Reserved Qty for Production,Rezervované množství pro výrobu,
Reserved Qty for Production Plan,Rezervované množství pro výrobní plán,
Reserved Qty for Production: Raw materials quantity to make manufacturing items.,Rezervované množství pro výrobu: množství surovin potřebné k výrobě vyráběných položek.,
Reserved Qty for Subcontract,Rezervované množství pro subdodávku,
Reserved Qty for Subcontract: Raw materials quantity to make subcontracted items.,Rezervované množství pro subdodávku: množství surovin potřebné k výrobě subdodávaných položek.,
Reserved Qty should be greater than Delivered Qty.,Rezervované množství musí být větší než dodané množství.,
"Reserved Qty: Quantity ordered for sale, but not delivered.","Rezervované množství: množství objednané k prodeji, ale zatím nedodané.",
Reserved Quantity,Rezervované množství,
Reserved Quantity for Production,Rezervované množství pro výrobu,
Reserved Serial No.,Rezervované sériové číslo,
Reserved Stock,Rezervovaný sklad,
Reserved Stock for Batch,Rezervovaný sklad pro šarži,
Reserved Stock for Raw Materials,Rezervovaný sklad pro suroviny,
Reserved Stock for Sub-assembly,Rezervovaný sklad pro podsestavu,
Reserved Warehouse is mandatory for the Item {item_code} in Raw Materials supplied.,Rezervní sklad je povinný pro položku {item_code} v dodaných surovinách.,
Reserving Stock...,Rezervuje se sklad...,
Reset,Obnovit,
Reset All Customizations,Obnovit všechny úpravy,
Reset Company Default Values,Obnovit výchozí hodnoty firmy,
Reset Layout,Obnovit rozvržení,
Reset LDAP Password,Obnovit heslo LDAP,
Reset OTP Secret,Obnovit tajný klíč OTP,
Reset Password,Obnovit heslo,
Reset Password Key,Klíč pro obnovení hesla,
Reset Password Link Expiry Duration,Doba platnosti odkazu pro obnovení hesla,
Reset Password Template,Šablona obnovení hesla,
Reset Permissions for {0}?,Obnovit oprávnění pro {0}?,
Reset Plaid Link,Obnovit Plaid Link,
Reset Raw Materials Table,Obnovit tabulku surovin,
Reset Service Level Agreement,Obnovit dohodu o úrovni služeb,
Reset to defaults,Obnovit výchozí hodnoty,
Resetting Service Level Agreement.,Obnovuje se dohoda o úrovni služeb.,
Resignation Letter Date,Datum výpovědi,
Resolution,Vyřešení,
Resolution By,Vyřešit do,
Resolution Date,Datum vyřešení,
Resolution Details,Podrobnosti vyřešení,
Resolution Time,Doba vyřešení,
Resolutions,Vyřešení,
Resolve,Vyřešit,
Resolved,Vyřešeno,
Resolved By,Vyřešil,
Resource,Zdroj,
Resource Documentation,Dokumentace ke zdroji,
Resource Name,Název zdroje,
Resource Policy URI,URI zásad zdroje,
Resource TOS URI,URI podmínek použití zdroje,
Response,Odpověď,
Response and Resolution,Odpověď a vyřešení,
Response By,Odpovědět do,
Response Details,Podrobnosti odpovědi,
Response Headers,Hlavičky odpovědi,
Response Key List,Seznam klíčů odpovědi,
Response Options,Možnosti odpovědi,
Response Result Key Path,Cesta klíče výsledku odpovědi,
Response Time for {0} priority in row {1} can't be greater than Resolution Time.,Doba odezvy pro prioritu {0} v řádku {1} nesmí být větší než doba vyřešení.,
Response Type,Typ odpovědi,
Responsibilities,Odpovědnosti,
Responsible,Odpovědný,
Rest Of The World,Zbytek světa,
Restart,Restartovat,
Restart Failed Entries,Restartovat neúspěšné zápisy,
Restart Subscription,Restartovat předplatné,
Restore,Obnovit,
Restore Asset,Obnovit majetek,
Restore Original Permissions,Obnovit původní oprávnění,
Restore to default settings?,Obnovit výchozí nastavení?,
Restored,Obnoveno,
restored {0} as {1},obnoveno {0} jako {1},
Restoring Deleted Document,Obnovování smazaného dokladu,
Restrict Backdated Leave Application,Omezit zpětné žádosti o volno,
Restrict Image inside Container,Omezit obrázek uvnitř kontejneru,
Restrict IP,Omezit IP,
Restrict Items Based On,Omezit položky na základě,
Restrict Removal,Omezit odstranění,
Restrict to Countries,Omezit na země,
Restrict To Domain,Omezit na doménu,
Restrict to Domain,Omezit na doménu,
Result,Výsledek,
Result Key,Klíč výsledku,
Result Preview Field,Pole náhledu výsledku,
Result Route Field,Pole cesty výsledku,
Result Title Field,Pole názvu výsledku,
Resume,Pokračovat,
Resume Attachment,Příloha životopisu,
Resume Job,Pokračovat v úloze,
Resume Link,Odkaz na životopis,
Resume link,Odkaz na životopis,
Resume Sending,Pokračovat v odesílání,
Resume Timer,Pokračovat v časovači,
Retain Sample,Ponechat vzorek,
Retained,Ponecháno,
Retained Earnings,Nerozdělený zisk,
Retention Bonus,Stabilizační bonus,
Retirement Age (In Years),Věk odchodu do důchodu (v letech),
Retried,Opakováno,
Retry,Opakovat,
Retry Failed,Opakování se nezdařilo,
Retry Failed Allocations,Opakovat neúspěšná přidělení,
Retry Failed Transactions,Opakovat neúspěšné transakce,
Retry Sending,Opakovat odeslání,
Retry Successful,Opakování bylo úspěšné,
Retrying allocations,Opakují se přidělení,
Return,Vrácení,
Return / Credit Note,Vrácení / dobropis,
Return / Debit Note,Vrácení / vrubopis,
Return Against,Vrácení k,
Return Against Delivery Note,Vrácení k dodacímu listu,
Return Against Purchase Invoice,Vrácení k přijaté faktuře,
Return Against Purchase Receipt,Vrácení k příjemce,
Return Against Subcontracting Receipt,Vrácení k příjemce subdodávky,
Return amount cannot be greater than unclaimed amount,Vrácená částka nesmí být větší než nevyzvednutá částka,
Return Components,Vrátit součásti,
Return invoice of asset cancelled,Dobropis majetku byl stornován,
Return Issued,Vrácení vydáno,
Return of Components,Vrácení součástí,
Return on Asset Ratio,Rentabilita aktiv,
Return on Equity Ratio,Rentabilita vlastního kapitálu,
Return Purchase Invoice cannot be held.,Dobropisovou přijatou fakturu nelze pozdržet.,
Return Qty,Vrácené množství,
Return Qty from Rejected Warehouse,Vrácené množství ze skladu zamítnutého zboží,
Return Raw Material to Customer,Vrátit surovinu klientovi,
Returned,Vráceno,
returned,vráceno,
Returned Against,Vráceno k,
Returned Amount,Vrácená částka,
Returned exchange rate is neither integer not float.,"Vrácený směnný kurz není ani celé, ani desetinné číslo.",
Returned Qty,Vrácené množství,
Returned Qty in Stock UOM,Vrácené množství ve skladové MJ,
Returned Quantity,Vrácené množství,
Returns,Vrácení,
Revaluation Journals,Přeceňovací účetní zápisy,
Revaluation Surplus,Přírůstek z přecenění,
Revenue,Výnosy,
Reversal Journal Entries,Storno účetní zápisy,
Reversal Of,Storno k,
Reversal Of Exchange Rate Revaluation,Storno přecenění směnného kurzu,
Reverse Journal Entry,Stornovat účetní zápis,
Reverse Sign,Obrátit znaménko,
Reverse {0} already available in draft status: {1},Storno {0} je již k dispozici ve stavu koncept: {1},
Reversing Journals...,Stornují se účetní zápisy...,
Reverting length to {0} for '{1}' in '{2}'. Setting the length as {3} will cause truncation of data.,Délka se vrací na {0} u „{1}“ v „{2}“. Nastavení délky na {3} by způsobilo oříznutí dat.,
Review,Kontrola,
Review and Action,Kontrola a akce,
Review Date,Datum kontroly,
Review various other settings related to Employee Leaves and Expense Claim,Zkontrolujte další nastavení týkající se volna zaměstnanců a vyúčtování výdajů,
Reviewer,Kontrolor,
Reviewer Name,Jméno kontrolora,
Reviews,Kontroly,
Revise Budget,Upravit rozpočet,
Revised CTC,Upravené celkové náklady na zaměstnance,
Revision cancelled,Revize stornována,
Revision Of,Revize k,
Revocation URI,URI odvolání,
RFQ and Purchase Order Settings,Nastavení poptávky a nákupní objednávky,
RFQs are not allowed for {0} due to a scorecard standing of {1},Poptávky pro {0} nejsou povoleny kvůli hodnocení {1} na kartě dodavatele,
Rich Text,Formátovaný text,
Right,Vpravo,
Right Child,Pravý potomek,
Right Index,Pravý index,
Robots.txt,Robots.txt,
Role,Role,
Role 'All' will be given to all system + website users.,Role „Vše“ bude přidělena všem uživatelům systému i webu.,
Role 'Desk User' will be given to all system users.,Role „Desk User“ bude přidělena všem uživatelům systému.,
Role allowed to bypass credit limit,Role s oprávněním obejít úvěrový limit,
Role Allowed to Bypass Over Billing Restriction,Role s oprávněním obejít omezení přefakturace,
Role Allowed to Create Backdated Leave Application,Role s oprávněním vytvořit zpětnou žádost o volno,
Role allowed to create/edit back-dated transactions,Role s oprávněním vytvářet/upravovat zpětně datované transakce,
Role allowed to edit frozen stock,Role s oprávněním upravovat zamčenou skladovou zásobu,
Role Allowed to over bill,Role s oprávněním přefakturovat,
Role Allowed to Over Deliver/Receive,Role s oprávněním nadměrně dodat/přijmout,
Role allowed to override stop action,Role s oprávněním obejít akci zastavení,
Role and Level,Role a úroveň,
Role has been set as per the user type {0},Role byla nastavena podle typu uživatele {0},
Role Name,Název role,
Role Permission for Page and Report,Oprávnění role pro stránku a report,
Role Permissions,Oprávnění rolí,
Role Permissions Manager,Správce oprávnění rolí,
Role Profile,Profil rolí,
Role Profiles,Profily rolí,
Role to Notify on Depreciation Failure,Role k upozornění při selhání odpisu,
Roles,Role,
Roles & Permissions,Role a oprávnění,
Roles Allowed to Set and Edit Frozen Account Entries,Role s oprávněním nastavit a upravovat zamčené účetní zápisy,
Roles Assigned,Přiřazené role,
Roles can be set for users from their User page.,Role lze uživatelům nastavit na jejich stránce uživatele.,
Root,Kořen,
Root cannot be edited.,Kořen nelze upravovat.,
Root cannot have a parent cost center,Kořen nemůže mít nadřazené nákladové středisko,
Root Company,Kořenová firma,
Root Type,Typ kořene,
"Root Type for {0} must be one of the Asset, Liability, Income, Expense and Equity","Typ kořene pro {0} musí být jeden z: Aktiva, Pasiva, Výnosy, Náklady nebo Vlastní kapitál",
Root Type is mandatory,Typ kořene je povinný,
Root {0} cannot be deleted,Kořen {0} nelze smazat,
Roster,Rozpis směn,
Roster Color,Barva rozpisu směn,
Round Free Qty,Zaokrouhlit množství zdarma,
Round Off,Zaokrouhlení,
Round Off Account,Účet zaokrouhlení,
Round Off Cost Center,Nákladové středisko zaokrouhlení,
Round Off for Opening,Zaokrouhlení počátečního stavu,
Round Off Tax Amount,Zaokrouhlit částku daně,
Round tax amount row-wise,Zaokrouhlovat částku daně po řádcích,
Round to the Nearest Integer,Zaokrouhlit na nejbližší celé číslo,
Rounded Total,Zaokrouhlený celkem,
Rounded Total (Company Currency),Zaokrouhlený celkem (měna firmy),
Rounding,Zaokrouhlení,
Rounding Adjustment,Úprava zaokrouhlení,
Rounding Adjustment (Company Currency,Úprava zaokrouhlení (měna firmy,
Rounding Adjustment (Company Currency),Úprava zaokrouhlení (měna firmy),
Rounding gain/loss Entry for Stock Transfer,Zápis zisku/ztráty ze zaokrouhlení pro skladový přesun,
Rounding Loss Allowance,Povolená ztráta ze zaokrouhlení,
Rounding Loss Allowance should be between 0 and 1,Povolená ztráta ze zaokrouhlení musí být mezi 0 a 1,
Rounding Method,Metoda zaokrouhlení,
Route,Cesta,
Route History,Historie cest,
Route Options,Možnosti cesty,
Route Redirects,Přesměrování cest,
Routing,Postup,
Routing Name,Název postupu,
Row,Řádek,
Row #,Řádek č.,
Row # {0}: Cannot return more than {1} for Item {2},Řádek č. {0}: Nelze vrátit více než {1} u položky {2},
Row # {0}: Non administrator user can not set the role {1} to the custom doctype,"Řádek č. {0}: Uživatel, který není administrátorem, nemůže nastavit roli {1} pro vlastní DocType",
Row # {0}: Please add Serial and Batch Bundle for Item {1},Řádek č. {0}: Přidejte prosím balíček sériových čísel a šarží pro položku {1},
Row # {0}: Please enter quantity for Item {1} as it is not zero.,"Řádek č. {0}: Zadejte prosím množství pro položku {1}, protože není nulové.",
Row # {0}: Rate cannot be greater than the rate used in {1} {2},Řádek č. {0}: Cena nesmí být vyšší než cena použitá v {1} {2},
Row # {0}: Returned Item {1} does not exist in {2} {3},Řádek č. {0}: Vrácená položka {1} v {2} {3} neexistuje,
Row #1: Sequence ID must be 1 for Operation {0}.,Řádek č. 1: ID pořadí musí být 1 pro operaci {0}.,
Row #{0} (Payment Table): Amount must be negative,Řádek č. {0} (tabulka plateb): Částka musí být záporná,
Row #{0} (Payment Table): Amount must be positive,Řádek č. {0} (tabulka plateb): Částka musí být kladná,
Row #{0}:,Řádek č. {0}:,
Row #{0}: % of FG Cost needs a BOM secondary item. Choose Valuation Rate or Manual for {1}.,Řádek č. {0}: % nákladů na hotový výrobek vyžaduje vedlejší položku kusovníku. Zvolte pro {1} oceňovací cenu nebo ruční zadání.,
Row #{0}: '{1}' cannot be used to search items.,Řádek č. {0}: „{1}“ nelze použít pro vyhledávání položek.,
Row #{0}: '{1}' does not match {2}.,Řádek č. {0}: „{1}“ neodpovídá {2}.,
Row #{0}: '{1}' is not a valid field of {2}.,Řádek č. {0}: „{1}“ není platné pole {2}.,
Row #{0}: A reorder entry already exists for warehouse {1} with reorder type {2}.,Řádek č. {0}: Zápis pro doobjednání pro sklad {1} s typem doobjednání {2} již existuje.,
Row #{0}: Acceptance Criteria Formula is incorrect.,Řádek č. {0}: Vzorec kritérií přijetí je nesprávný.,
Row #{0}: Acceptance Criteria Formula is required.,Řádek č. {0}: Vzorec kritérií přijetí je povinný.,
Row #{0}: Accepted Warehouse and Rejected Warehouse cannot be same,Řádek č. {0}: Sklad přijatého zboží a sklad zamítnutého zboží nesmí být stejné,
Row #{0}: Accepted Warehouse is mandatory for the accepted Item {1},Řádek č. {0}: Sklad přijatého zboží je pro přijatou položku {1} povinný,
Row #{0}: Account {1} does not belong to company {2},Řádek č. {0}: Účet {1} nepatří firmě {2},
Row #{0}: Allocated Amount cannot be greater than Outstanding Amount of Payment Request {1},Řádek č. {0}: Přiřazená částka nesmí být větší než nesplacená částka platebního požadavku {1},
Row #{0}: Allocated Amount cannot be greater than outstanding amount.,Řádek č. {0}: Přiřazená částka nesmí být větší než nesplacená částka.,
Row #{0}: Allocated amount:{1} is greater than outstanding amount:{2} for Payment Term {3},Řádek č. {0}: Přiřazená částka: {1} je vyšší než nesplacená částka: {2} u platební podmínky {3},
Row #{0}: Amount must be a positive number,Řádek č. {0}: Částka musí být kladné číslo,
"Row #{0}: Asset {1} cannot be sold, it is already {2}","Řádek č. {0}: Majetek {1} nelze prodat, je již {2}",
Row #{0}: Asset {1} is already sold,Řádek č. {0}: Majetek {1} je již prodán,
Row #{0}: Batch No {1} is already selected.,Řádek č. {0}: Šarže {1} je již vybrána.,
Row #{0}: Batch No(s) {1} is not a part of the linked Subcontracting Inward Order. Please select valid Batch No(s).,Řádek č. {0}: Šarže {1} nejsou součástí propojené příchozí objednávky subdodávky. Vyberte prosím platné šarže.,
Row #{0}: BOM is not specified for subcontracting item {0},Řádek č. {0}: U subdodávané položky {0} není zadán kusovník,
Row #{0}: BOM not found for FG Item {1},Řádek č. {0}: Kusovník pro hotový výrobek {1} nebyl nalezen,
Row #{0}: Cannot allocate more than {1} against payment term {2},Řádek č. {0}: Nelze přiřadit více než {1} k platební podmínce {2},
Row #{0}: Cannot cancel this Manufacturing Stock Entry as billed quantity of Item {1} cannot be greater than consumed quantity.,"Řádek č. {0}: Tento výrobní skladový pohyb nelze stornovat, protože fakturované množství položky {1} nesmí být větší než spotřebované množství.",
Row #{0}: Cannot cancel this Manufacturing Stock Entry as quantity of Secondary Item {1} produced cannot be less than quantity delivered.,"Řádek č. {0}: Tento výrobní skladový pohyb nelze stornovat, protože vyrobené množství vedlejší položky {1} nesmí být menší než dodané množství.",
Row #{0}: Cannot cancel this Stock Entry as returned quantity cannot be greater than delivered quantity for Item {1} in the linked Subcontracting Inward Order,"Řádek č. {0}: Tento skladový pohyb nelze stornovat, protože vrácené množství u položky {1} v propojené příchozí objednávce subdodávky nesmí být větší než dodané množství",
Row #{0}: Cannot create entry with different taxable AND withholding document links.,Řádek č. {0}: Nelze vytvořit zápis s odkazy na doklady s odlišnou zdanitelností a srážkovou daní.,
Row #{0}: Cannot delete item {1} which has already been billed.,"Řádek č. {0}: Nelze smazat položku {1}, která již byla vyfakturována.",
Row #{0}: Cannot delete item {1} which has already been delivered,"Řádek č. {0}: Nelze smazat položku {1}, která již byla dodána",
Row #{0}: Cannot delete item {1} which has already been received,"Řádek č. {0}: Nelze smazat položku {1}, která již byla přijata",
Row #{0}: Cannot delete item {1} which has work order assigned to it.,"Řádek č. {0}: Nelze smazat položku {1}, ke které je přiřazen výrobní příkaz.",
Row #{0}: Cannot delete item {1} which is already ordered against this Sales Order.,"Řádek č. {0}: Nelze smazat položku {1}, která je již objednána k této prodejní objednávce.",
Row #{0}: Cannot set amount or formula for Salary Component {1} with Variable Based On Taxable Salary,Řádek č. {0}: U mzdové složky {1} s volbou Proměnná dle zdanitelné mzdy nelze nastavit částku ani vzorec,
Row #{0}: Cannot set Rate if the billed amount is greater than the amount for Item {1}.,"Řádek č. {0}: Cenu nelze nastavit, pokud je fakturovaná částka vyšší než částka u položky {1}.",
Row #{0}: Cannot transfer more than Required Qty {1} for Item {2} against Job Card {3},Řádek č. {0}: Nelze převést více než požadované množství {1} u položky {2} k výrobní kartě {3},
Row #{0}: Cannot transfer {1} {2} of Item {3}.,Řádek č. {0}: Nelze převést {1} {2} položky {3}.,
Row #{0}: Child Item should not be a Product Bundle. Please remove Item {1} and Save,Řádek č. {0}: Podřízená položka by neměla být sadou produktů. Odstraňte prosím položku {1} a uložte,
Row #{0}: Consumed Asset {1} cannot be cancelled,Řádek č. {0}: Spotřebovaný majetek {1} nelze stornovat,
Row #{0}: Consumed Asset {1} cannot be Draft,Řádek č. {0}: Spotřebovaný majetek {1} nesmí být ve stavu koncept,
Row #{0}: Consumed Asset {1} cannot be the same as the Target Asset,Řádek č. {0}: Spotřebovaný majetek {1} nesmí být stejný jako cílový majetek,
Row #{0}: Consumed Asset {1} cannot be {2},Řádek č. {0}: Spotřebovaný majetek {1} nesmí být {2},
Row #{0}: Consumed Asset {1} does not belong to company {2},Řádek č. {0}: Spotřebovaný majetek {1} nepatří firmě {2},
Row #{0}: Cost Center {1} does not belong to company {2},Řádek č. {0}: Nákladové středisko {1} nepatří firmě {2},
Row #{0}: Could not find enough {1} entries to match. Remaining amount: {2},Řádek č. {0}: Nepodařilo se najít dostatek zápisů {1} k přiřazení. Zbývající částka: {2},
Row #{0}: Cumulative threshold cannot be less than Single Transaction threshold,Řádek č. {0}: Kumulativní práh nesmí být nižší než práh jednotlivé transakce,
Row #{0}: Customer Provided Item {1} against Subcontracting Inward Order Item {2} ({3}) cannot be added multiple times.,Řádek č. {0}: Klientem dodanou položku {1} k položce {2} ({3}) příchozí objednávky subdodávky nelze přidat vícekrát.,
Row #{0}: Customer Provided Item {1} cannot be added multiple times in the Subcontracting Inward process.,Řádek č. {0}: Klientem dodanou položku {1} nelze v procesu příchozí subdodávky přidat vícekrát.,
Row #{0}: Customer Provided Item {1} cannot be added multiple times.,Řádek č. {0}: Klientem dodanou položku {1} nelze přidat vícekrát.,
Row #{0}: Customer Provided Item {1} does not exist in the Required Items table linked to the Subcontracting Inward Order.,Řádek č. {0}: Klientem dodaná položka {1} neexistuje v tabulce požadovaných položek propojené s příchozí objednávkou subdodávky.,
Row #{0}: Customer Provided Item {1} exceeds quantity available through Subcontracting Inward Order,Řádek č. {0}: Klientem dodaná položka {1} překračuje množství dostupné přes příchozí objednávku subdodávky,
Row #{0}: Customer Provided Item {1} has insufficient quantity in the Subcontracting Inward Order. Available quantity is {2}.,Řádek č. {0}: Klientem dodaná položka {1} má v příchozí objednávce subdodávky nedostatečné množství. Dostupné množství je {2}.,
Row #{0}: Customer Provided Item {1} is not a part of Subcontracting Inward Order {2},Řádek č. {0}: Klientem dodaná položka {1} není součástí příchozí objednávky subdodávky {2},
Row #{0}: Customer Provided Item {1} is not a part of Work Order {2},Řádek č. {0}: Klientem dodaná položka {1} není součástí výrobního příkazu {2},
Row #{0}: Dates overlapping with other row in group {1},Řádek č. {0}: Data se překrývají s jiným řádkem ve skupině {1},
Row #{0}: Default BOM not found for FG Item {1},Řádek č. {0}: Výchozí kusovník pro hotový výrobek {1} nebyl nalezen,
Row #{0}: Depreciation Start Date is required,Řádek č. {0}: Datum zahájení odpisování je povinné,
Row #{0}: Duplicate entry in References {1} {2},Řádek č. {0}: Duplicitní zápis v referencích {1} {2},
Row #{0}: Expected Delivery Date cannot be before Purchase Order Date,Řádek č. {0}: Očekávané datum dodání nesmí být před datem nákupní objednávky,
Row #{0}: Expense Account not set for the Item {1}. {2},Řádek č. {0}: U položky {1} není nastaven účet nákladů. {2},
Row #{0}: Expense account {1} is not valid for Purchase Invoice {2}.,Řádek č. {0}: Účet nákladů {1} není platný pro přijatou fakturu {2}.,
Row #{0}: FG / Semi FG Item is required for the operation {1} as 'Track Semi Finished Goods' is enabled.,"Řádek č. {0}: Pro operaci {1} je vyžadován hotový výrobek / polotovar, protože je povolena volba „Sledovat polotovary“.",
Row #{0}: Finished Good Item is not specified for service item {1},Řádek č. {0}: U servisní položky {1} není zadán hotový výrobek,
Row #{0}: Finished Good Item Qty can not be zero,Řádek č. {0}: Množství hotového výrobku nemůže být nulové,
Row #{0}: Finished Good Item {1} cannot be added in the Secondary Items table.,Řádek č. {0}: Hotový výrobek {1} nelze přidat do tabulky vedlejších položek.,
Row #{0}: Finished Good Item {1} must be a sub-contracted item,Řádek č. {0}: Hotový výrobek {1} musí být subdodávaná položka,
Row #{0}: Finished Good must be {1},Řádek č. {0}: Hotový výrobek musí být {1},
Row #{0}: Finished Good reference is mandatory for Secondary Item {1}.,Řádek č. {0}: Reference na hotový výrobek je pro vedlejší položku {1} povinná.,
"Row #{0}: For Customer Provided Item {1}, Source Warehouse must be {2}",Řádek č. {0}: U klientem dodané položky {1} musí být zdrojový sklad {2},
"Row #{0}: For {1}, you can select reference document only if account gets credited",Řádek č. {0}: U {1} můžete referenční doklad vybrat pouze pokud je účet na straně Dal,
"Row #{0}: For {1}, you can select reference document only if account gets debited",Řádek č. {0}: U {1} můžete referenční doklad vybrat pouze pokud je účet na straně Má dáti,
Row #{0}: Frequency of Depreciation must be greater than zero,Řádek č. {0}: Frekvence odpisování musí být větší než nula,
Row #{0}: From Date cannot be before To Date,Řádek č. {0}: Datum od nesmí být před datem do,
Row #{0}: From Time and To Time fields are required,Řádek č. {0}: Pole čas od a čas do jsou povinná,
Row #{0}: Item {1} cannot be transferred more than {2} against {3} {4},Řádek č. {0}: Položku {1} nelze převést ve větším množství než {2} k {3} {4},
Row #{0}: Item {1} does not exist,Řádek č. {0}: Položka {1} neexistuje,
"Row #{0}: Item {1} has been picked, please reserve stock from the Pick List.","Řádek č. {0}: Položka {1} byla vychystána, rezervujte prosím zásobu z vychystávacího seznamu.",
Row #{0}: Item {1} has no stock in warehouse {2}.,Řádek č. {0}: Položka {1} nemá ve skladu {2} žádnou zásobu.,
Row #{0}: Item {1} has zero rate but '{2}' is not enabled.,"Řádek č. {0}: Položka {1} má nulovou cenu, ale volba „{2}“ není povolena.",
"Row #{0}: Item {1} in warehouse {2}: Available {3}, Needed {4}.","Řádek č. {0}: Položka {1} ve skladu {2}: dostupné {3}, potřebné {4}.",
Row #{0}: Item {1} is already added with the same Type in the Secondary Items table.,Řádek č. {0}: Položka {1} je již se stejným typem přidána v tabulce vedlejších položek.,
Row #{0}: Item {1} is not a Customer Provided Item.,Řádek č. {0}: Položka {1} není klientem dodaná položka.,
Row #{0}: Item {1} is not a part of Subcontracting Inward Order {2},Řádek č. {0}: Položka {1} není součástí příchozí objednávky subdodávky {2},
Row #{0}: Item {1} is not a Serialized/Batched Item. It cannot have a Serial No/Batch No against it.,Řádek č. {0}: Položka {1} není sériová/šaržová položka. Nelze k ní přiřadit sériové číslo/šarži.,
Row #{0}: Item {1} is not a service item,Řádek č. {0}: Položka {1} není servisní položka,
Row #{0}: Item {1} is not a stock item,Řádek č. {0}: Položka {1} není skladová položka,
Row #{0}: Item {1} is not part of the source manufacture entry and cannot be,Řádek č. {0}: Položka {1} není součástí zdrojového výrobního pohybu a nemůže být,
"Row #{0}: Item {1} mismatch. Changing of item code is not permitted, add another row instead.","Řádek č. {0}: Nesoulad položky {1}. Změna kódu položky není povolena, přidejte místo toho nový řádek.",
Row #{0}: Item {1} mismatch. Changing of item code is not permitted.,Řádek č. {0}: Nesoulad položky {1}. Změna kódu položky není povolena.,
Row #{0}: Item {1} quantity ({2} in stock UOM) does not match the quantity,Řádek č. {0}: Množství položky {1} ({2} ve skladové MJ) neodpovídá množství,
Row #{0}: Journal Entry {1} does not have account {2} or already matched against another voucher,"Řádek č. {0}: Účetní zápis {1} neobsahuje účet {2}, nebo je již spárován s jiným dokladem",
Row #{0}: Next Depreciation Date cannot be before Available-for-use Date,Řádek č. {0}: Datum dalšího odpisu nesmí být před datem uvedení do používání,
Row #{0}: Next Depreciation Date cannot be before Purchase Date,Řádek č. {0}: Datum dalšího odpisu nesmí být před datem nákupu,
Row #{0}: Not allowed to change Supplier as Purchase Order already exists,"Řádek č. {0}: Změna dodavatele není povolena, protože nákupní objednávka již existuje",
Row #{0}: Only {1} available to reserve for the Item {2},Řádek č. {0}: K rezervaci u položky {2} je k dispozici pouze {1},
Row #{0}: Opening Accumulated Depreciation must be less than or equal to {1},Řádek č. {0}: Počáteční oprávky musí být menší nebo rovny {1},
Row #{0}: Operation {1} is not completed for {2} qty of finished goods in Work Order {3}. Please update operation status via Job Card {4}.,Řádek č. {0}: Operace {1} není dokončena pro množství {2} hotových výrobků ve výrobním příkazu {3}. Aktualizujte prosím stav operace přes výrobní kartu {4}.,
Row #{0}: Overconsumption of Customer Provided Item {1} against Work Order {2} is not allowed in the Subcontracting Inward process.,Řádek č. {0}: Nadměrná spotřeba klientem dodané položky {1} k výrobnímu příkazu {2} není v procesu příchozí subdodávky povolena.,
Row #{0}: Please select Item Code in Assembly Items,Řádek č. {0}: Vyberte prosím kód položky v sestavovaných položkách,
Row #{0}: Please select the BOM No in Assembly Items,Řádek č. {0}: Vyberte prosím číslo kusovníku v sestavovaných položkách,
Row #{0}: Please select the Finished Good Item against which this Customer Provided Item will be used.,"Řádek č. {0}: Vyberte prosím hotový výrobek, ke kterému bude tato klientem dodaná položka použita.",
Row #{0}: Please select the Sub Assembly Warehouse,Řádek č. {0}: Vyberte prosím sklad podsestav,
Row #{0}: Please set reorder quantity,Řádek č. {0}: Nastavte prosím množství pro doobjednání,
Row #{0}: Please update deferred revenue/expense account in item row or default account in company master,Řádek č. {0}: Aktualizujte prosím účet odložených výnosů/nákladů v řádku položky nebo výchozí účet v kmenových datech firmy,
Row #{0}: Process Loss Percentage should be less than 100% for {1} Item {2},Řádek č. {0}: Procento ztráty při zpracování musí být u {1} položky {2} menší než 100 %,
Row #{0}: Qty must be a positive number,Řádek č. {0}: Množství musí být kladné číslo,
Row #{0}: Qty should be less than or equal to Available Qty to Reserve (Actual Qty - Reserved Qty) {1} for Iem {2} against Batch {3} in Warehouse {4}.,Řádek č. {0}: Množství musí být menší nebo rovné dostupnému množství k rezervaci (skutečné množství – rezervované množství) {1} u položky {2} k šarži {3} ve skladu {4}.,
Row #{0}: Quality Inspection is required for Item {1},Řádek č. {0}: U položky {1} je vyžadována kontrola kvality,
Row #{0}: Quality Inspection {1} is not submitted for the item: {2},Řádek č. {0}: Kontrola kvality {1} pro položku {2} není odeslána,
Row #{0}: Quality Inspection {1} was rejected for item {2},Řádek č. {0}: Kontrola kvality {1} byla u položky {2} zamítnuta,
Row #{0}: Quantity cannot be a non-positive number. Please increase the quantity or remove the Item {1},Řádek č. {0}: Množství nesmí být nekladné číslo. Zvyšte prosím množství nebo odstraňte položku {1},
Row #{0}: Quantity for Item {1} cannot be zero.,Řádek č. {0}: Množství u položky {1} nesmí být nulové.,
Row #{0}: Quantity must be greater than 0 for Item {1},Řádek č. {0}: Množství u položky {1} musí být větší než 0,
Row #{0}: Quantity of Item {1} cannot be more than {2} {3} against Subcontracting Inward Order {4},Řádek č. {0}: Množství položky {1} nesmí být větší než {2} {3} k příchozí objednávce subdodávky {4},
Row #{0}: Quantity to reserve for the Item {1} should be greater than 0.,Řádek č. {0}: Množství k rezervaci u položky {1} musí být větší než 0.,
Row #{0}: Rate must be same as {1}: {2} ({3} / {4}),Řádek č. {0}: Cena musí být stejná jako u {1}: {2} ({3} / {4}),
Row #{0}: Reading {1} {2} is not a valid number in the {3} number format. Use {4} as the decimal separator.,Řádek č. {0}: Naměřená hodnota {1} {2} není platné číslo ve formátu čísla {3}. Jako desetinný oddělovač použijte {4}.,
"Row #{0}: Reference Document Type must be one of Purchase Order, Purchase Invoice or Journal Entry","Řádek č. {0}: Typ referenčního dokladu musí být jeden z: nákupní objednávka, přijatá faktura nebo účetní zápis",
"Row #{0}: Reference Document Type must be one of Sales Order, Sales Invoice, Journal Entry or Dunning","Řádek č. {0}: Typ referenčního dokladu musí být jeden z: prodejní objednávka, vydaná faktura, účetní zápis nebo upomínka",
Row #{0}: Rejected Qty cannot be set for Secondary Item {1}.,Řádek č. {0}: U vedlejší položky {1} nelze nastavit zamítnuté množství.,
Row #{0}: Rejected Warehouse is mandatory for the rejected Item {1},Řádek č. {0}: Sklad zamítnutého zboží je pro zamítnutou položku {1} povinný,
Row #{0}: Repair cost {1} exceeds available amount {2} for Purchase Invoice {3} and Account {4},Řádek č. {0}: Náklady na opravu {1} překračují dostupnou částku {2} u přijaté faktury {3} a účtu {4},
Row #{0}: Return Against is required for returning asset,Řádek č. {0}: Pro vrácení majetku je vyžadováno pole „Vrácení k“,
Row #{0}: Returned quantity cannot be greater than available quantity for Item {1},Řádek č. {0}: Vrácené množství nesmí být větší než dostupné množství u položky {1},
Row #{0}: Returned quantity cannot be greater than available quantity to return for Item {1},Řádek č. {0}: Vrácené množství nesmí být větší než množství dostupné k vrácení u položky {1},
Row #{0}: Secondary Item Qty cannot be zero,Řádek č. {0}: Množství vedlejší položky nesmí být nulové,
Row #{0}: Sequence ID must be {1} or {2} for Operation {3}.,Řádek č. {0}: ID pořadí musí být {1} nebo {2} pro operaci {3}.,
Row #{0}: Serial No {1} does not belong to Batch {2},Řádek č. {0}: Sériové číslo {1} nepatří k šarži {2},
Row #{0}: Serial No {1} for Item {2} is not available in {3} {4} or might be reserved in another {5}.,Řádek č. {0}: Sériové číslo {1} u položky {2} není dostupné v {3} {4} nebo může být rezervováno v jiném {5}.,
Row #{0}: Serial No {1} is already selected.,Řádek č. {0}: Sériové číslo {1} je již vybráno.,
Row #{0}: Serial No(s) {1} are not a part of the linked Subcontracting Inward Order. Please select valid Serial No(s).,Řádek č. {0}: Sériová čísla {1} nejsou součástí propojené příchozí objednávky subdodávky. Vyberte prosím platná sériová čísla.,
Row #{0}: Service End Date cannot be before Invoice Posting Date,Řádek č. {0}: Datum ukončení služby nesmí být před datem účtování faktury,
Row #{0}: Service Start and End Date is required for deferred accounting,Řádek č. {0}: Pro odložené účtování je vyžadováno datum zahájení a ukončení služby,
Row #{0}: Service Start Date cannot be greater than Service End Date,Řádek č. {0}: Datum zahájení služby nesmí být pozdější než datum ukončení služby,
Row #{0}: Set Supplier for item {1},Řádek č. {0}: Nastavte dodavatele u položky {1},
"Row #{0}: Since 'Track Semi Finished Goods' is enabled, the BOM {1} cannot be used for Sub Assembly Items","Řádek č. {0}: Protože je povolena volba „Sledovat polotovary“, nelze kusovník {1} použít pro položky podsestav",
Row #{0}: Source and Target Warehouse cannot be the same for Material Transfer,Řádek č. {0}: Zdrojový a cílový sklad nesmí být u převodu materiálu stejné,
Row #{0}: Source Warehouse must be same as Customer Warehouse {1} from the linked Subcontracting Inward Order,Řádek č. {0}: Zdrojový sklad musí být stejný jako sklad klienta {1} z propojené příchozí objednávky subdodávky,
Row #{0}: Source Warehouse {1} for item {2} cannot be a customer warehouse.,Řádek č. {0}: Zdrojový sklad {1} u položky {2} nesmí být sklad klienta.,
Row #{0}: Source Warehouse {1} for item {2} must be same as Source Warehouse {3} in the Work Order.,Řádek č. {0}: Zdrojový sklad {1} u položky {2} musí být stejný jako zdrojový sklad {3} ve výrobním příkazu.,
"Row #{0}: Source, Target Warehouse and Inventory Dimensions cannot be the exact same for Material Transfer","Řádek č. {0}: Zdrojový sklad, cílový sklad a skladové rozměry nesmí být u převodu materiálu úplně stejné",
Row #{0}: Start Time must be before End Time,Řádek č. {0}: Čas zahájení musí být před časem ukončení,
Row #{0}: Status is mandatory,Řádek č. {0}: Stav je povinný,
Row #{0}: Status must be {1} for Invoice Discounting {2},Řádek č. {0}: Stav musí být {1} u eskontu faktury {2},
Row #{0}: Stock cannot be reserved for a non-stock Item {1},Řádek č. {0}: Zásobu nelze rezervovat pro neskladovou položku {1},
Row #{0}: Stock cannot be reserved for Item {1} against a disabled Batch {2}.,Řádek č. {0}: Zásobu nelze rezervovat pro položku {1} u zakázané šarže {2}.,
Row #{0}: Stock cannot be reserved in group warehouse {1}.,Řádek č. {0}: Zásobu nelze rezervovat ve skupinovém skladu {1}.,
Row #{0}: Stock is already reserved for the Item {1}.,Řádek č. {0}: Zásoba pro položku {1} je již rezervována.,
Row #{0}: Stock is reserved for item {1} in warehouse {2}.,Řádek č. {0}: Zásoba pro položku {1} ve skladu {2} je rezervována.,
Row #{0}: Stock not available to reserve for Item {1} against Batch {2} in Warehouse {3}.,Řádek č. {0}: K rezervaci pro položku {1} u šarže {2} ve skladu {3} není dostupná zásoba.,
Row #{0}: Stock not available to reserve for the Item {1} in Warehouse {2}.,Řádek č. {0}: K rezervaci pro položku {1} ve skladu {2} není dostupná zásoba.,
Row #{0}: Stock quantity {1} ({2}) for item {3} cannot exceed {4},Řádek č. {0}: Skladové množství {1} ({2}) u položky {3} nesmí překročit {4},
Row #{0}: Target Warehouse must be same as Customer Warehouse {1} from the linked Subcontracting Inward Order,Řádek č. {0}: Cílový sklad musí být stejný jako sklad klienta {1} z propojené příchozí objednávky subdodávky,
Row #{0}: The batch {1} has already expired.,Řádek č. {0}: Šarži {1} již vypršela expirace.,
"Row #{0}: The operation {1} has 'Is Final Finished Good' checked, so its FG / Semi FG Item must be {2}.","Řádek č. {0}: Operace {1} má zaškrtnutou volbu „Je konečný hotový výrobek“, proto musí být jejím hotovým výrobkem / polotovarem {2}.",
Row #{0}: The warehouse {1} is not a child warehouse of a group warehouse {2},Řádek č. {0}: Sklad {1} není podřízeným skladem skupinového skladu {2},
Row #{0}: The {1} Component has the options {2} and {3} enabled.,Řádek č. {0}: Složka {1} má povoleny volby {2} a {3}.,
Row #{0}: Timesheet amount will overwrite the Earning component amount for the Salary Component {1},Řádek č. {0}: Částka z výkazu práce přepíše částku příjmové složky u mzdové složky {1},
Row #{0}: Timings conflicts with row {1},Řádek č. {0}: Časy jsou v konfliktu s řádkem {1},
Row #{0}: Total Number of Depreciations cannot be less than or equal to Opening Number of Booked Depreciations,Řádek č. {0}: Celkový počet odpisů nesmí být menší nebo roven počátečnímu počtu zaúčtovaných odpisů,
Row #{0}: Total Number of Depreciations must be greater than zero,Řádek č. {0}: Celkový počet odpisů musí být větší než nula,
Row #{0}: Warehouse {1} does not match with the warehouse {2} in Serial and Batch Bundle {3}.,Řádek č. {0}: Sklad {1} neodpovídá skladu {2} v balíčku sériových čísel a šarží {3}.,
Row #{0}: Withholding Amount {1} does not match calculated amount {2}.,Řádek č. {0}: Srážená částka {1} neodpovídá vypočtené částce {2}.,
Row #{0}: Work Order exists against full or partial quantity of Item {1},Řádek č. {0}: K plnému nebo částečnému množství položky {1} existuje výrobní příkaz,
Row #{0}: You cannot use the inventory dimension '{1}' in Stock Reconciliation to modify the quantity or valuation rate. Stock reconciliation with inventory dimensions is intended solely for performing opening entries.,Řádek č. {0}: Skladový rozměr „{1}“ nelze ve skladové inventuře použít k úpravě množství ani oceňovací ceny. Skladová inventura se skladovými rozměry slouží výhradně k zadávání počátečních stavů.,
Row #{0}: You must select an Asset for Item {1}.,Řádek č. {0}: U položky {1} musíte vybrat majetek.,
Row #{0}: {1} account is not of type {2},Řádek č. {0}: Účet {1} není typu {2},
Row #{0}: {1} is mandatory for the Inventory Dimension {2}.,Řádek č. {0}: {1} je povinné pro skladový rozměr {2}.,
Row #{0}: {1} is not a valid reading field. Please refer to the field description.,Řádek č. {0}: {1} není platné pole pro naměřenou hodnotu. Nahlédněte prosím do popisu pole.,
Row #{0}: {1} is required to create the Opening {2} Invoices,Řádek č. {0}: {1} je vyžadováno k vytvoření počátečních faktur {2},
Row #{0}: {1} of {2} should be {3}. Please update the {1} or select a different account.,Řádek č. {0}: {1} z {2} by mělo být {3}. Aktualizujte prosím {1} nebo vyberte jiný účet.,
Row #{0}:Quantity for Item {1} cannot be zero.,Řádek č. {0}: Množství u položky {1} nesmí být nulové.,
Row #{1}: Warehouse is mandatory for stock Item {0},Řádek č. {1}: Sklad je pro skladovou položku {0} povinný,
Row #{idx}: Cannot select Supplier Warehouse while suppling raw materials to subcontractor.,Řádek č. {idx}: Při dodávání surovin subdodavateli nelze vybrat sklad dodavatele.,
Row #{idx}: Item rate has been updated as per valuation rate since its an internal stock transfer.,"Řádek č. {idx}: Cena položky byla aktualizována podle oceňovací ceny, protože jde o interní skladový přesun.",
Row #{idx}: Please enter a location for the asset item {item_code}.,Řádek č. {idx}: Zadejte prosím umístění pro majetkovou položku {item_code}.,
Row #{idx}: Received Qty must be equal to Accepted + Rejected Qty for Item {item_code}.,Řádek č. {idx}: Přijaté množství musí být u položky {item_code} rovno součtu přijatého a zamítnutého množství.,
Row #{idx}: {field_label} can not be negative for item {item_code}.,Řádek č. {idx}: {field_label} nesmí být u položky {item_code} záporné.,
Row #{idx}: {field_label} is mandatory.,Řádek č. {idx}: {field_label} je povinné.,
Row #{idx}: {from_warehouse_field} and {to_warehouse_field} cannot be same.,Řádek č. {idx}: {from_warehouse_field} a {to_warehouse_field} nesmí být stejné.,
Row #{idx}: {schedule_date} cannot be before {transaction_date}.,Řádek č. {idx}: {schedule_date} nesmí být před {transaction_date}.,
Row #{}: Currency of {} - {} doesn't matches company currency.,Řádek č. {}: Měna {} - {} neodpovídá měně firmy.,
Row #{}: Either Party ID or Party Name is required,Řádek č. {}: Je vyžadováno ID nebo název smluvní strany,
Row #{}: Fieldname is required,Řádek č. {}: Název pole je povinný,
Row #{}: Finance Book should not be empty since you're using multiple.,"Řádek č. {}: Účetní kniha nesmí být prázdná, protože používáte více účetních knih.",
Row #{}: item {} has been picked already.,Řádek č. {}: Položka {} již byla vychystána.,
Row #{}: Party ID is required,Řádek č. {}: ID smluvní strany je povinné,
Row #{}: Please assign task to a member.,Řádek č. {}: Přiřaďte prosím úkol členovi.,
Row #{}: Please use a different Finance Book.,Řádek č. {}: Použijte prosím jinou účetní knihu.,
Row #{}: POS Invoice {} has been {},Řádek č. {}: POS faktura {} byla {},
Row #{}: POS Invoice {} is not against customer {},Řádek č. {}: POS faktura {} není k klientovi {},
Row #{}: POS Invoice {} is not submitted yet,Řádek č. {}: POS faktura {} ještě není odeslána,
Row #{}: Serial No {} cannot be returned since it was not transacted in original invoice {},"Řádek č. {}: Sériové číslo {} nelze vrátit, protože nebylo součástí transakce v původní faktuře {}",
Row #{}: The original Invoice {} of return invoice {} is not consolidated.,Řádek č. {}: Původní faktura {} k dobropisové faktuře {} není konsolidována.,
Row #{}: You cannot add positive quantities in a return invoice. Please remove item {} to complete the return.,"Řádek č. {}: V dobropisové faktuře nelze přidávat kladná množství. Odstraňte prosím položku {}, aby bylo možné vrácení dokončit.",
Row #{}: {},Řádek č. {}: {},
Row #{}: {} {} does not exist.,Řádek č. {}: {} {} neexistuje.,
Row #{}: {} {} doesn't belong to Company {}. Please select valid {}.,Řádek č. {}: {} {} nepatří firmě {}. Vyberte prosím platné {}.,
Row Format,Formát řádku,
Row Indexes,Indexy řádků,
Row Name,Název řádku,
Row No {0}: Amount cannot be greater than the Outstanding Amount against Expense Claim {1}. Outstanding Amount is {2},Řádek č. {0}: Částka nesmí být větší než nesplacená částka vyúčtování výdajů {1}. Nesplacená částka je {2},
Row No {0}: Warehouse is required. Please set a Default Warehouse for Item {1} and Company {2},Řádek č. {0}: Sklad je povinný. Nastavte prosím výchozí sklad pro položku {1} a firmu {2},
Row Number,Číslo řádku,
Row Values Changed,Hodnoty řádku byly změněny,
Row {0},Řádek {0},
Row {0} : Operation is required against the raw material item {1},Řádek {0}: U suroviny {1} je vyžadována operace,
Row {0} in {1} {2}: Work Order quantity after process loss {3} exceeds the remaining allowed quantity {4}.,Řádek {0} v {1} {2}: Množství výrobního příkazu po ztrátě při zpracování {3} překračuje zbývající povolené množství {4}.,
"Row {0} picked quantity is less than the required quantity, additional {1} {2} required.","Řádek {0}: vychystané množství je nižší než požadované množství, je potřeba dalších {1} {2}.",
Row {0}# Allocated amount {1} cannot be greater than unclaimed amount {2},Řádek {0}: Přiřazená částka {1} nesmí být větší než nevyzvednutá částka {2},
Row {0}# Item {1} not found in 'Raw Materials Supplied' table in {2} {3},Řádek {0}: Položka {1} nebyla nalezena v tabulce „Dodané suroviny“ v {2} {3},
Row {0}# Paid Amount cannot be greater than Encashment amount,Řádek {0}: Zaplacená částka nesmí být větší než částka proplacení,
Row {0}# Paid Amount cannot be greater than requested advance amount,Řádek {0}: Zaplacená částka nesmí být větší než požadovaná výše zálohy,
Row {0}# Paid Amount cannot be greater than Total amount,Řádek {0}: Zaplacená částka nesmí být větší než celková částka,
Row {0}: Accepted Qty and Rejected Qty can't be zero at the same time.,Řádek {0}: Přijaté množství a zamítnuté množství nesmí být současně nulové.,
Row {0}: Account {1} and Party Type {2} have different account types,Řádek {0}: Účet {1} a typ smluvní strany {2} mají odlišné typy účtu,
Row {0}: Accounting Dimension {1} is mandatory for account {2}.,Řádek {0}: Účetní rozměr {1} je pro účet {2} povinný.,
Row {0}: Activity Type is mandatory.,Řádek {0}: Typ aktivity je povinný.,
Row {0}: Advance against Customer must be credit,Řádek {0}: Záloha vůči klientovi musí být na straně Dal,
Row {0}: Advance against Supplier must be debit,Řádek {0}: Záloha vůči dodavateli musí být na straně Má dáti,
Row {0}: Allocated amount {1} must be less than or equal to invoice outstanding amount {2},Řádek {0}: Přiřazená částka {1} musí být menší nebo rovna nesplacené částce faktury {2},
Row {0}: Allocated amount {1} must be less than or equal to remaining payment amount {2},Řádek {0}: Přiřazená částka {1} musí být menší nebo rovna zbývající částce platby {2},
"Row {0}: As {1} is enabled, raw materials cannot be added to {2} entry. Use {3} entry to consume raw materials.","Řádek {0}: Protože je povoleno {1}, nelze do zápisu {2} přidávat suroviny. Ke spotřebě surovin použijte zápis {3}.",
Row {0}: Bill of Materials not found for the Item {1},Řádek {0}: Kusovník pro položku {1} nebyl nalezen,
Row {0}: Both Debit and Credit values cannot be zero,Řádek {0}: Hodnoty Má dáti a Dal nesmí být obě nulové,
Row {0}: Cannot sell item {1} from Sample Retention Warehouse {2},Řádek {0}: Položku {1} nelze prodat ze skladu pro ponechání vzorků {2},
Row {0}: Conversion Factor is mandatory,Řádek {0}: Přepočítací koeficient je povinný,
Row {0}: Cost center is required for an item {1},Řádek {0}: U položky {1} je vyžadováno nákladové středisko,
Row {0}: Cost Center {1} does not belong to Company {2},Řádek {0}: Nákladové středisko {1} nepatří firmě {2},
Row {0}: Credit entry can not be linked with a {1},Řádek {0}: Zápis na straně Dal nelze propojit s {1},
Row {0}: Currency of the BOM #{1} should be equal to the selected currency {2},Řádek {0}: Měna kusovníku č. {1} musí odpovídat vybrané měně {2},
Row {0}: Debit entry can not be linked with a {1},Řádek {0}: Zápis na straně Má dáti nelze propojit s {1},
Row {0}: Delivery Warehouse ({1}) and Customer Warehouse ({2}) can not be same,Řádek {0}: Dodací sklad ({1}) a sklad klienta ({2}) nesmí být stejné,
Row {0}: Delivery Warehouse cannot be same as Customer Warehouse for Item {1}.,Řádek {0}: Dodací sklad nesmí být u položky {1} stejný jako sklad klienta.,
Row {0}: Due Date in the Payment Terms table cannot be before Posting Date,Řádek {0}: Datum splatnosti v tabulce platebních podmínek nesmí být před datem účtování,
Row {0}: Either Delivery Note Item or Packed Item reference is mandatory.,"Řádek {0}: Je povinná reference buď na položku dodacího listu, nebo na balenou položku.",
Row {0}: Exchange Rate is mandatory,Řádek {0}: Směnný kurz je povinný,
Row {0}: Expected Value After Useful Life cannot be negative,Řádek {0}: Očekávaná hodnota po skončení životnosti nesmí být záporná,
Row {0}: Expected Value After Useful Life must be less than Net Purchase Amount,Řádek {0}: Očekávaná hodnota po skončení životnosti musí být nižší než čistá nákupní částka,
Row {0}: Expense Account {1} is linked to company {2}. Please select an account belonging to company {3}.,Řádek {0}: Účet nákladů {1} je propojen s firmou {2}. Vyberte prosím účet patřící firmě {3}.,
Row {0}: Expense Head changed to {1} as no Purchase Receipt is created against Item {2}.,"Řádek {0}: Účet nákladů byl změněn na {1}, protože k položce {2} nebyla vytvořena žádná příjemka.",
Row {0}: Expense Head changed to {1} because account {2} is not linked to warehouse {3} or it is not the default inventory account,"Řádek {0}: Účet nákladů byl změněn na {1}, protože účet {2} není propojen se skladem {3} nebo není výchozím skladovým účtem",
Row {0}: Expense Head changed to {1} because expense is booked against this account in Purchase Receipt {2},"Řádek {0}: Účet nákladů byl změněn na {1}, protože náklad je k tomuto účtu zaúčtován v příjemce {2}",
"Row {0}: For Supplier {1}, Email Address is Required to send an email",Řádek {0}: Pro odeslání e-mailu dodavateli {1} je vyžadována e-mailová adresa,
Row {0}: From (Year) can not be greater than To (Year),Řádek {0}: Rok od nesmí být větší než rok do,
Row {0}: From Time and To Time is mandatory.,Řádek {0}: Čas od a čas do jsou povinné.,
Row {0}: From Time and To Time of {1} is overlapping with {2},Řádek {0}: Čas od a čas do u {1} se překrývá s {2},
Row {0}: From time must be less than to time,Řádek {0}: Čas od musí být menší než čas do,
Row {0}: From Warehouse is mandatory for internal transfers,Řádek {0}: Sklad odkud je pro interní přesuny povinný,
Row {0}: Goal Score cannot be greater than {1},Řádek {0}: Skóre cíle nesmí být větší než {1},
Row {0}: Hours value must be greater than zero.,Řádek {0}: Hodnota hodin musí být větší než nula.,
Row {0}: Invalid reference {1},Řádek {0}: Neplatná reference {1},
Row {0}: Item rate has been updated as per valuation rate since its an internal stock transfer,"Řádek {0}: Cena položky byla aktualizována podle oceňovací ceny, protože jde o interní skladový přesun",
Row {0}: Item Tax template updated as per validity and rate applied,Řádek {0}: Šablona daně položky byla aktualizována podle platnosti a použité sazby,
Row {0}: Item {1} must be a stock item.,Řádek {0}: Položka {1} musí být skladová položka.,
Row {0}: Item {1} must be a subcontracted item.,Řádek {0}: Položka {1} musí být subdodávaná položka.,
Row {0}: Item {1} must be linked to a {2}.,Řádek {0}: Položka {1} musí být propojena s {2}.,
Row {0}: Item {1}'s quantity cannot be higher than the available quantity.,Řádek {0}: Množství položky {1} nesmí být vyšší než dostupné množství.,
Row {0}: Not allowed to disable Mandatory for standard fields,Řádek {0}: U standardních polí není povoleno zakázat volbu Povinné,
Row {0}: Not allowed to enable Allow on Submit for standard fields,Řádek {0}: U standardních polí není povoleno povolit volbu Povolit při odeslání,
Row {0}: Operation time should be greater than 0 for operation {1},Řádek {0}: Doba operace {1} musí být větší než 0,
Row {0}: Packed Qty must be equal to {1} Qty.,Řádek {0}: Balené množství se musí rovnat množství {1}.,
Row {0}: Packing Slip is already created for Item {1}.,Řádek {0}: Balicí list pro položku {1} již byl vytvořen.,
Row {0}: Party / Account does not match with {1} / {2} in {3} {4},Řádek {0}: Smluvní strana / účet neodpovídá {1} / {2} v {3} {4},
Row {0}: Party Type and Party is required for Receivable / Payable account {1},Řádek {0}: Pro účet pohledávek / závazků {1} jsou vyžadovány typ smluvní strany a smluvní strana,
Row {0}: Payment against Sales/Purchase Order should always be marked as advance,Řádek {0}: Platba k prodejní/nákupní objednávce musí být vždy označena jako záloha,
Row {0}: Payment Term is mandatory,Řádek {0}: Platební podmínka je povinná,
Row {0}: Please check 'Is Advance' against Account {1} if this is an advance entry.,"Řádek {0}: Pokud jde o zálohový zápis, zaškrtněte prosím u účtu {1} volbu „Je záloha“.",
Row {0}: Please provide a valid Delivery Note Item or Packed Item reference.,Řádek {0}: Zadejte prosím platnou referenci na položku dodacího listu nebo balenou položku.,
Row {0}: Please select a BOM for Item {1}.,Řádek {0}: Vyberte prosím kusovník pro položku {1}.,
Row {0}: Please select an active BOM for Item {1}.,Řádek {0}: Vyberte prosím aktivní kusovník pro položku {1}.,
Row {0}: Please select an valid BOM for Item {1}.,Řádek {0}: Vyberte prosím platný kusovník pro položku {1}.,
Row {0}: Please set at Tax Exemption Reason in Sales Taxes and Charges,Řádek {0}: Nastavte prosím důvod osvobození od daně v Daních a poplatcích z prodeje,
Row {0}: Please set the correct code on Mode of Payment {1},Řádek {0}: Nastavte prosím správný kód u způsobu platby {1},
Row {0}: Please set the Mode of Payment in Payment Schedule,Řádek {0}: Nastavte prosím způsob platby v platebním rozpisu,
Row {0}: Project must be same as the one set in the Timesheet: {1}.,Řádek {0}: Projekt musí být stejný jako projekt nastavený ve výkazu práce: {1}.,
Row {0}: Purchase Invoice {1} has no stock impact.,Řádek {0}: Přijatá faktura {1} nemá vliv na sklad.,
Row {0}: Qty cannot be greater than {1} for the Item {2}.,Řádek {0}: Množství u položky {2} nesmí být větší než {1}.,
Row {0}: Qty in Stock UOM can not be zero.,Řádek {0}: Množství ve skladové MJ nemůže být nulové.,
Row {0}: Qty must be greater than 0.,Řádek {0}: Množství musí být větší než 0.,
Row {0}: Quantity cannot be negative.,Řádek {0}: Množství nesmí být záporné.,
Row {0}: Quantity not available for {4} in warehouse {1} at posting time of the entry ({2} {3}),Řádek {0}: Množství pro {4} není ve skladu {1} v okamžiku zaúčtování zápisu ({2} {3}) dostupné,
Row {0}: Sales Invoice {1} is already created for {2},Řádek {0}: Vydaná faktura {1} pro {2} již byla vytvořena,
Row {0}: Serial/Batch has been reset to values linked with Work Order {1},Řádek {0}: Sériové číslo/šarže bylo obnoveno na hodnoty propojené s výrobním příkazem {1},
Row {0}: Shift cannot be changed since the depreciation has already been processed,"Řádek {0}: Směnu nelze změnit, protože odpis již byl zpracován",
Row {0}: Subcontracted Item is mandatory for the raw material {1},Řádek {0}: U suroviny {1} je povinná subdodávaná položka,
Row {0}: Target Warehouse is mandatory for internal transfers,Řádek {0}: Sklad kam je pro interní přesuny povinný,
Row {0}: Task {1} does not belong to Project {2},Řádek {0}: Úkol {1} nepatří k projektu {2},
Row {0}: The entire expense amount for account {1} in {2} has already been allocated.,Řádek {0}: Celá částka nákladů u účtu {1} v {2} již byla přiřazena.,
"Row {0}: The item {1}, quantity must be positive number",Řádek {0}: Množství u položky {1} musí být kladné číslo,
Row {0}: The {3} Account {1} does not belong to the company {2},Řádek {0}: Účet {3} {1} nepatří firmě {2},
"Row {0}: To set {1} periodicity, difference between from and to date must be greater than or equal to {2}",Řádek {0}: Pro nastavení periodicity {1} musí být rozdíl mezi datem od a datem do větší nebo roven {2},
Row {0}: Transferred quantity cannot be greater than the requested quantity.,Řádek {0}: Převedené množství nesmí být větší než požadované množství.,
Row {0}: UOM Conversion Factor is mandatory,Řádek {0}: Přepočítací koeficient měrné jednotky je povinný,
Row {0}: Update Stock must be checked for item {1} because it is against Pick List {2}.,"Řádek {0}: U položky {1} musí být zaškrtnuta volba Aktualizovat sklad, protože jde o vychystávací seznam {2}.",
Row {0}: user has not applied the rule {1} on the item {2},Řádek {0}: uživatel neaplikoval pravidlo {1} na položku {2},
Row {0}: Warehouse is required,Řádek {0}: Sklad je povinný,
Row {0}: Warehouse {1} is linked to company {2}. Please select a warehouse belonging to company {3}.,Řádek {0}: Sklad {1} je propojen s firmou {2}. Vyberte prosím sklad patřící firmě {3}.,
Row {0}: Workstation or Workstation Type is mandatory for an operation {1},Řádek {0}: Pro operaci {1} je vyžadována pracovní stanice nebo typ pracovní stanice,
Row {0}: {1},Řádek {0}: {1},
Row {0}: {1} account already applied for Accounting Dimension {2},Řádek {0}: Účet {1} je již použit pro účetní rozměr {2},
Row {0}: {1} is required in the expenses table to book an expense claim.,Řádek {0}: Pro zaúčtování vyúčtování výdajů je v tabulce výdajů vyžadováno {1}.,
Row {0}: {1} must be greater than 0,Řádek {0}: {1} musí být větší než 0,
Row {0}: {1} {2} cannot be same as {3} (Party Account) {4},Řádek {0}: {1} {2} nesmí být stejné jako {3} (účet smluvní strany) {4},
Row {0}: {1} {2} does not match with {3},Řádek {0}: {1} {2} neodpovídá {3},
Row {0}: {1} {2} is linked to company {3}. Please select a document belonging to company {4}.,Řádek {0}: {1} {2} je propojeno s firmou {3}. Vyberte prosím doklad patřící firmě {4}.,
Row {0}: {2} Item {1} does not exist in {2} {3},Řádek {0}: {2} položka {1} v {2} {3} neexistuje,
"Row {1}: Quantity ({0}) cannot be a fraction. To allow this, disable '{2}' in UOM {3}.","Řádek {1}: Množství ({0}) nemůže být zlomek. Chcete-li to povolit, zakažte „{2}“ u měrné jednotky {3}.",
Row {idx}: Asset Naming Series is mandatory for the auto creation of assets for item {item_code}.,Řádek {idx}: Pro automatické vytváření majetku u položky {item_code} je povinná číselná řada majetku.,
Row({0}): Outstanding Amount cannot be greater than actual Outstanding Amount {1} in {2},Řádek ({0}): Nesplacená částka nesmí být větší než skutečná nesplacená částka {1} v {2},
Row({0}): {1} is already discounted in {2},Řádek ({0}): {1} je již eskontováno v {2},
Rows Added,Přidané řádky,
Rows Added in {0},Přidané řádky v {0},
Rows Removed,Odstraněné řádky,
Rows Removed in {0},Odstraněné řádky v {0},
Rows Threshold for Grid Search,Práh počtu řádků pro vyhledávání v tabulce,
Rows with duplicate due dates in other rows were found: {0},Byly nalezeny řádky s duplicitním datem splatnosti v jiných řádcích: {0},
Rows: {0} have 'Payment Entry' as reference_type. This should not be set manually.,Řádky: {0} mají jako reference_type nastaveno „Payment Entry“. Toto by nemělo být nastavováno ručně.,
Rows: {0} in {1} section are Invalid. Reference Name should point to a valid Payment Entry or Journal Entry.,Řádky: {0} v sekci {1} jsou neplatné. Referenční název musí odkazovat na platnou platbu nebo účetní zápis.,
RQ Job,Úloha RQ,
Rq Job,Úloha RQ,
RQ Worker,Worker RQ,
Rq Worker,Worker RQ,
Rule,Pravidlo,
Rule Applied,Pravidlo aplikováno,
Rule Conditions,Podmínky pravidla,
Rule Description,Popis pravidla,
"Rule for this doctype, role, permlevel and if-owner combination already exists.","Pravidlo pro tuto kombinaci DocTypu, role, úrovně oprávnění a vlastníka již existuje.",
Rule Name,Název pravidla,
Rules,Pravidla,
Run Jobs only Daily if Inactive For (Days),"Spouštět úlohy pouze denně, pokud jsou neaktivní po (dny)",
runtime,doba běhu,
Runtime in Minutes,Doba běhu v minutách,
Runtime in Seconds,Doba běhu v sekundách,
S.O. No.,Č. prodejní objednávky,
Safety Stock,Pojistná zásoba,
Salary,Mzda,
"Salary already processed for period between {0} and {1}, Leave application period cannot be between this date range.","Mzda již byla zpracována za období mezi {0} a {1}, období žádosti o volno nesmí spadat do tohoto rozmezí.",
Salary Component,Mzdová složka,
Salary Component Account,Účet mzdové složky,
Salary Component Type,Typ mzdové složky,
Salary Component {0} cannot be selected more than once in Employee Benefits,Mzdovou složku {0} nelze v benefitech zaměstnance vybrat vícekrát,
Salary Component {0} is currently not used in any Salary Structure.,Mzdová složka {0} se aktuálně nepoužívá v žádné mzdové struktuře.,
Salary Component {0} must be of type 'Earning' to be used in Employee Benefit Ledger,"Mzdová složka {0} musí být typu „Příjem“, aby ji bylo možné použít v knize benefitů zaměstnance",
"Salary components of type Provident Fund, Additional Provident Fund or Provident Fund Loan are not set up.","Nejsou nastaveny mzdové složky typu Penzijní fond, Dodatečný penzijní fond nebo Půjčka z penzijního fondu.",
Salary Currency,Měna mzdy,
Salary Detail,Detail mzdy,
Salary Details,Podrobnosti mzdy,
Salary Expectation,Očekávaná mzda,
Salary Information,Informace o mzdě,
Salary Mode,Způsob výplaty mzdy,
Salary Paid Per,Mzda vyplácena za,
Salary Payments Based On Payment Mode,Výplaty mezd podle způsobu platby,
Salary Payments via ECS,Výplaty mezd přes ECS,
Salary Register,Mzdový registr,
Salary Slip,Výplatní páska,
Salary Slip already exists for {0} for the given dates,Výplatní páska pro {0} za dané období již existuje,
Salary Slip Based on Timesheet,Výplatní páska na základě výkazu práce,
Salary Slip creation is queued. It may take a few minutes,Vytvoření výplatní pásky bylo zařazeno do fronty. Může to trvat několik minut,
Salary slip emails have been enqueued for sending. Check {0} for status.,E-maily s výplatními páskami byly zařazeny do fronty k odeslání. Stav zkontrolujte v {0}.,
Salary Slip ID,ID výplatní pásky,
Salary Slip Leave,Volno na výplatní pásce,
Salary Slip Loan,Půjčka na výplatní pásce,
Salary Slip not found.,Výplatní páska nebyla nalezena.,
Salary Slip of employee {0} already created for this period,Výplatní páska zaměstnance {0} za toto období již byla vytvořena,
Salary Slip of employee {0} already created for time sheet {1},Výplatní páska zaměstnance {0} pro výkaz práce {1} již byla vytvořena,
Salary Slip Reference,Reference na výplatní pásku,
Salary Slip submission is queued. It may take a few minutes,Odeslání výplatní pásky bylo zařazeno do fronty. Může to trvat několik minut,
Salary Slip Timesheet,Výkaz práce výplatní pásky,
Salary Slip {0} failed for Payroll Entry {1},Výplatní páska {0} selhala u zpracování mezd {1},
Salary Slip {0} failed. You can resolve the {1} and retry {0}.,Výplatní páska {0} selhala. Můžete vyřešit {1} a znovu zkusit {0}.,
Salary Slips,Výplatní pásky,
"Salary Slips already exist for employees {}, and will not be processed by this payroll.",Pro zaměstnance {} již výplatní pásky existují a nebudou tímto zpracováním mezd zpracovány.,
Salary Slips Created,Vytvořené výplatní pásky,
Salary Slips Submitted,Odeslané výplatní pásky,
Salary Slips submitted for period from {0} to {1},Výplatní pásky odeslány za období od {0} do {1},
Salary Structure,Mzdová struktura,
Salary Structure Assignment,Přiřazení mzdové struktury,
Salary Structure Assignment for Employee already exists,Přiřazení mzdové struktury pro zaměstnance již existuje,
Salary Structure Assignment not found for employee {0} on date {1},Přiřazení mzdové struktury pro zaměstnance {0} k datu {1} nebylo nalezeno,
Salary Structure Missing,Chybí mzdová struktura,
Salary Structure must be submitted before submission of {0},Mzdová struktura musí být odeslána před odesláním {0},
Salary Structure not assigned for employee {0} for date {1},Zaměstnanci {0} není k datu {1} přiřazena mzdová struktura,
Salary Structure {0} does not belong to company {1},Mzdová struktura {0} nepatří firmě {1},
Salary Structures updated successfully,Mzdové struktury byly úspěšně aktualizovány,
Salary Withholding,Zadržení mzdy,
Salary Withholding Cycle,Cyklus zadržení mzdy,
Salary Withholding {0} already exists for employee {1} for the selected period,Zadržení mzdy {0} pro zaměstnance {1} za vybrané období již existuje,
Sales,Prodej,
Sales & Purchase,Prodej a nákup,
Sales Account,Prodejní účet,
Sales Analytics,Analýza prodeje,
Sales and Returns,Prodeje a vrácení,
Sales Contributions and Incentives,Prodejní příspěvky a pobídky,
Sales Defaults,Výchozí hodnoty prodeje,
Sales Expenses,Prodejní náklady,
Sales Forecast,Prognóza prodeje,
Sales Forecast Item,Položka prognózy prodeje,
Sales Funnel,Prodejní trychtýř,
Sales Incoming Rate,Vstupní cena z prodeje,
Sales Invoice,Vydaná faktura,
Sales Invoice Advance,Záloha vydané faktury,
Sales Invoice does not have Payments,Vydaná faktura nemá žádné platby,
Sales Invoice is already consolidated,Vydaná faktura je již konsolidována,
Sales Invoice is not created using POS,Vydaná faktura nebyla vytvořena přes POS,
Sales Invoice is not submitted,Vydaná faktura není odeslána,
Sales Invoice isn't created by user {},Vydaná faktura nebyla vytvořena uživatelem {},
Sales Invoice Item,Položka vydané faktury,
Sales Invoice mode is activated in POS. Please create Sales Invoice instead.,V POS je aktivován režim vydané faktury. Vytvořte prosím vydanou fakturu.,
Sales Invoice No,Číslo vydané faktury,
Sales Invoice Payment,Platba vydané faktury,
Sales Invoice Reference,Reference na vydanou fakturu,
Sales Invoice Timesheet,Výkaz práce vydané faktury,
Sales Invoice Transactions,Transakce vydaných faktur,
Sales Invoice Trends,Trendy vydaných faktur,
Sales Invoice {0} has already been submitted,Vydaná faktura {0} již byla odeslána,
Sales Invoice {0} must be deleted before cancelling this Sales Order,Před stornováním této prodejní objednávky musí být smazána vydaná faktura {0},
Sales Monthly History,Měsíční historie prodeje,
Sales Opportunities by Campaign,Obchodní příležitosti podle kampaně,
Sales Opportunities by Medium,Obchodní příležitosti podle média,
Sales Opportunities by Source,Obchodní příležitosti podle zdroje,
Sales Order,Prodejní objednávka,
Sales Order Analysis,Analýza prodejních objednávek,
Sales Order Date,Datum prodejní objednávky,
Sales Order Item,Položka prodejní objednávky,
Sales Order Packed Item,Balená položka prodejní objednávky,
Sales Order Reference,Reference na prodejní objednávku,
Sales Order required for Item {0},Pro položku {0} je vyžadována prodejní objednávka,
Sales Order Schedule,Rozpis prodejní objednávky,
Sales Order Status,Stav prodejní objednávky,
Sales Order Trends,Trendy prodejních objednávek,
"Sales Order {0} already exists against Customer's Purchase Order {1}. To allow multiple Sales Orders, Enable {2} in {3}","Prodejní objednávka {0} k nákupní objednávce klienta {1} již existuje. Chcete-li povolit více prodejních objednávek, povolte {2} v {3}",
Sales Order {0} is not available for production,Prodejní objednávka {0} není k dispozici pro výrobu,
Sales Order {0} is not submitted,Prodejní objednávka {0} není odeslána,
Sales Order {0} is not valid,Prodejní objednávka {0} není platná,
Sales Orders,Prodejní objednávky,
Sales orders are not available for production,Prodejní objednávky nejsou k dispozici pro výrobu,
Sales Orders Count,Počet prodejních objednávek,
Sales Orders Required,Prodejní objednávky jsou povinné,
Sales Orders to Bill,Prodejní objednávky k fakturaci,
Sales Orders to Deliver,Prodejní objednávky k dodání,
Sales Partner,Obchodní partner,
Sales Partner Commission Summary,Souhrn provizí obchodního partnera,
Sales Partner Item,Položka obchodního partnera,
Sales Partner Name,Název obchodního partnera,
Sales Partner Target,Cíl obchodního partnera,
Sales Partner Target Variance Based On Item Group,Odchylka cíle obchodního partnera podle skupiny položek,
Sales Partner Target Variance based on Item Group,Odchylka cíle obchodního partnera podle skupiny položek,
Sales Partner Transaction Summary,Souhrn transakcí obchodního partnera,
Sales Partner Type,Typ obchodního partnera,
Sales Partners Commission,Provize obchodních partnerů,
Sales Payment Summary,Souhrn plateb prodeje,
Sales Person,Obchodní zástupce,
Sales Person <b>{0}</b> is disabled.,Obchodní zástupce <b>{0}</b> je zakázán.,
Sales Person Commission Summary,Souhrn provizí obchodního zástupce,
Sales Person Name,Jméno obchodního zástupce,
Sales Person Target Variance Based On Item Group,Odchylka cíle obchodního zástupce podle skupiny položek,
Sales Person Targets,Cíle obchodního zástupce,
Sales Person-wise Transaction Summary,Souhrn transakcí podle obchodního zástupce,
Sales Pipeline,Prodejní pipeline,
Sales Pipeline Analytics,Analýza prodejní pipeline,
Sales Pipeline by Stage,Prodejní pipeline podle fáze,
Sales Price List,Prodejní ceník,
Sales Register,Prodejní registr,
Sales Return,Prodejní dobropis,
Sales Stage,Fáze prodeje,
Sales Tax Template,Šablona prodejní daně,
Sales Tax Withholding Category,Kategorie srážkové daně z prodeje,
Sales Taxes,Prodejní daně,
Sales Taxes and Charges,Daně a poplatky z prodeje,
Sales Taxes and Charges Template,Šablona daní a poplatků z prodeje,
Sales Team,Prodejní tým,
Sales Value,Hodnota prodeje,
Salutation,Oslovení,
Salvage Value,Zůstatková hodnota,
Salvage Value Percentage,Procento zůstatkové hodnoty,
Same Company is entered more than once,Stejná firma byla zadána vícekrát,
Same Field is entered more than once,Stejné pole bylo zadáno vícekrát,
Same Item,Stejná položka,
Same item and warehouse combination already entered.,Stejná kombinace položky a skladu již byla zadána.,
Same item cannot be entered multiple times.,Stejnou položku nelze zadat vícekrát.,
Same supplier has been entered multiple times,Stejný dodavatel byl zadán vícekrát,
Sample,Vzorek,
Sample Quantity,Množství vzorku,
Sample quantity {0} cannot be more than received quantity {1},Množství vzorku {0} nesmí být větší než přijaté množství {1},
Sample Retention Stock Entry,Skladový pohyb ponechání vzorku,
Sample Retention Warehouse,Sklad pro ponechání vzorků,
Sample Size,Velikost vzorku,
Sanctioned,Schváleno,
Sanctioned Amount,Schválená částka,
Sanctioned Amount (Company Currency),Schválená částka (měna firmy),
Sanctioned Amount cannot be greater than Claim Amount in Row {0}.,Schválená částka nesmí být v řádku {0} větší než částka vyúčtování.,
Saturday,Sobota,
Save,Uložit,
Save Anyway,Přesto uložit,
Save on Completion,Uložit při dokončení,
Saved,Uloženo,
Saving Customization...,Ukládají se úpravy...,
Saving this will export this document as well as the steps linked here as json.,Uložením se tento doklad i zde propojené kroky exportují jako JSON.,
Scan Barcode,Naskenovat čárový kód,
Scan Job Card Qrcode,Naskenovat QR kód výrobní karty,
Scan Mode,Režim skenování,
"Scan mode enabled, existing quantity will not be fetched.","Režim skenování povolen, stávající množství nebude načteno.",
Scanned Cheque,Naskenovaný šek,
Schedule,Rozpis,
Schedule Date,Datum rozpisu,
Schedule Interview,Naplánovat pohovor,
Scheduled Against,Naplánováno k,
Scheduled Date,Naplánované datum,
Scheduled execution for script {0} has updated,Naplánované spuštění skriptu {0} bylo aktualizováno,
Scheduled Job,Naplánovaná úloha,
Scheduled Job Log,Log naplánované úlohy,
Scheduled Job Type,Typ naplánované úlohy,
Scheduled Jobs,Naplánované úlohy,
Scheduled On,Naplánováno dne,
Scheduled Time,Naplánovaný čas,
Scheduled Time Logs,Logy naplánovaného času,
Scheduled to send,Naplánováno k odeslání,
Scheduler,Plánovač,
Scheduler can not be re-enabled when maintenance mode is active.,"Plánovač nelze znovu povolit, pokud je aktivní režim údržby.",
Scheduler Event,Událost plánovače,
Scheduler Inactive,Plánovač neaktivní,
Scheduler is Inactive. Can't trigger job now.,Plánovač je neaktivní. Úlohu nyní nelze spustit.,
Scheduler is Inactive. Can't trigger jobs now.,Plánovač je neaktivní. Úlohy nyní nelze spustit.,
Scheduler is inactive. Cannot enqueue job.,Plánovač je neaktivní. Úlohu nelze zařadit do fronty.,
Scheduler is inactive. Cannot import data.,Plánovač je neaktivní. Data nelze importovat.,
Scheduler is inactive. Cannot merge accounts.,Plánovač je neaktivní. Účty nelze sloučit.,
Scheduler is inactive. Reposting will only run once background jobs are processed.,Plánovač je neaktivní. Přeúčtování se spustí až po zpracování úloh na pozadí.,
Scheduler Status,Stav plánovače,
Scheduler: Active,Plánovač: aktivní,
Scheduler: Inactive,Plánovač: neaktivní,
Schedules,Rozpisy,
Scheduling,Plánování,
Scheduling...,Plánuje se...,
School/University,Škola/univerzita,
Scope,Rozsah,
Scopes,Rozsahy,
Scopes Supported,Podporované rozsahy,
Score,Skóre,
Score Earned,Získané skóre,
Score must be less than or equal to 5,Skóre musí být menší nebo rovné 5,
Scorecard Actions,Akce hodnoticí karty,
Scorecards,Hodnoticí karty,
Scores,Skóre,
Scoring Criteria,Kritéria hodnocení,
Scoring Setup,Nastavení hodnocení,
Scoring Standings,Pořadí hodnocení,
Scrap Asset,Vyřadit majetek,
Scrap date cannot be before purchase date,Datum vyřazení nesmí být před datem nákupu,
Scrap Warehouse,Sklad vyřazeného materiálu,
Scrapped,Vyřazeno,
Script,Skript,
Script Type,Typ skriptu,
Scripting,Skriptování,
Scripting / Style,Skriptování / styl,
Scripts,Skripty,
Search,Hledat,
Search APIs,Prohledat API,
Search Bar,Vyhledávací lišta,
"Search by customer name, phone, email.","Hledat podle jména klienta, telefonu, e-mailu.",
Search by invoice id or customer name,Hledat podle ID faktury nebo jména klienta,
"Search by item code, serial number or barcode","Hledat podle kódu položky, sériového čísla nebo čárového kódu",
Search field {0} is not valid,Vyhledávací pole {0} není platné,
Search Fields,Vyhledávací pole,
Search fields updated.,Vyhledávací pole byla aktualizována.,
Search Priorities,Hledat priority,
Search Sub Assemblies,Hledat podsestavy,
Search Term Param Name,Název parametru vyhledávaného výrazu,
Search the docs (Press / to focus),Prohledat dokumentaci (stiskněte / pro aktivaci),
Search values...,Hledat hodnoty...,
Second Email,Druhý e-mail,
Secondary Action Label,Popisek vedlejší akce,
Secondary Action URL,URL vedlejší akce,
Secondary Item Code,Kód vedlejší položky,
Secondary Item Name,Název vedlejší položky,
Secondary Items,Vedlejší položky,
Secondary Items (as per BOM),Vedlejší položky (dle kusovníku),
Secondary Items (as per Manufacture Entries),Vedlejší položky (dle výrobních pohybů),
Secondary Items Cost,Náklady na vedlejší položky,
Secondary Items Cost (Company Currency),Náklady na vedlejší položky (měna firmy),
Secondary Items Cost Per Qty,Náklady na vedlejší položky na jednotku množství,
Secondary Items Generated,Vygenerované vedlejší položky,
Secondary Party,Druhá strana,
Secondary Role,Vedlejší role,
Section,Sekce,
Section Heading,Nadpis sekce,
Section ID,ID sekce,
Secured Loans,Zajištěné úvěry,
Securities and Deposits,Cenné papíry a vklady,
Security Alert: Your account is being impersonated,Bezpečnostní upozornění: někdo se vydává za váš účet,
Security Alert: Your password has been changed.,Bezpečnostní upozornění: Vaše heslo bylo změněno.,
Security Error: The Path provided is not safe.,Bezpečnostní chyba: Zadaná cesta není bezpečná.,
Security Settings,Nastavení zabezpečení,
Security.txt will be served only under HTTPS.,Soubor Security.txt bude poskytován pouze přes HTTPS.,
See CTC Break-up,Zobrazit rozpis CTC,
See on Website,Zobrazit na webu,
See the document at {0},Zobrazit dokument na {0},
Seen,Přečteno,
Seen By,Zobrazil(a),
Select,Vybrat,
Select a Brand Image first.,Nejprve vyberte obrázek značky.,
Select a company,Vyberte firmu,
Select a Company this Employee belongs to.,"Vyberte firmu, ke které tento zaměstnanec patří.",
Select a Customer,Vyberte klienta,
Select a Default Priority.,Vyberte výchozí prioritu.,
Select a DocType to make a new format,Vyberte DocType pro vytvoření nového formátu,
Select a Payment Method.,Vyberte způsob platby.,
Select a Supplier,Vyberte dodavatele,
Select a Supplier for Item {0},Vyberte dodavatele pro položku {0},
Select a valid Sender Field for creating documents from Email,Vyberte platné pole odesílatele pro vytváření dokumentů z e-mailu,
Select a valid Subject field for creating documents from Email,Vyberte platné pole předmětu pro vytváření dokumentů z e-mailu,
Select Accounting Dimension.,Vyberte účetní dimenzi.,
Select Alternative Items for Sales Order,Vyberte alternativní položky pro prodejní objednávku,
Select an account to print in account currency,Vyberte účet pro tisk v měně účtu,
Select an employee to get the employee advance.,Vyberte zaměstnance pro načtení zálohy zaměstnanci.,
Select an existing format to edit or start a new format.,Vyberte existující formát k úpravě nebo začněte nový formát.,
Select an invoice to load summary data,Vyberte fakturu pro načtení souhrnných dat,
Select an item from each set to be used in the Sales Order.,"Vyberte položku z každé sady, která se použije v prodejní objednávce.",
Select an Item Group.,Vyberte skupinu položek.,
Select Applicable Components for Overtime Type,Vyberte platné složky pro typ přesčasu,
Select at least one attribute value.,Vyberte alespoň jednu hodnotu atributu.,
Select at least one Item,Vyberte alespoň jednu položku,
Select atleast 2 actions,Vyberte alespoň 2 akce,
Select Attribute Values,Vyberte hodnoty atributu,
Select Batch No,Vyberte číslo šarže,
Select Billing Address,Vyberte fakturační adresu,
Select BOM,Vyberte kusovník,
Select BOM and Qty for Production,Vyberte kusovník a množství pro výrobu,
Select Child Table,Vyberte podřízenou tabulku,
Select Columns,Vyberte sloupce,
Select Columns and Filters,Vyberte sloupce a filtry,
Select Company,Vyberte firmu,
Select Corrective Operation,Vyberte nápravnou operaci,
Select Country,Vyberte zemi,
Select Currency,Vyberte měnu,
Select Customers By,Vyberte klienty podle,
Select Dashboard,Vyberte dashboard,
Select Date of Birth. This will validate Employees age and prevent hiring of under-age staff.,Vyberte datum narození. Ověří se tím věk zaměstnance a zabrání přijetí nezletilého personálu.,
"Select Date of joining. It will have impact on the first salary calculation, Leave allocation on pro-rata bases.",Vyberte datum nástupu. Ovlivní to výpočet první mzdy a poměrné přidělení volna.,
Select Default Supplier,Vyberte výchozího dodavatele,
Select Difference Account,Vyberte rozdílový účet,
Select Dimension,Vyberte dimenzi,
Select Dispatch Address,Vyberte adresu expedice,
Select DocType,Vyberte DocType,
Select Doctype,Vyberte DocType,
Select Document Type,Vyberte typ dokumentu,
Select Document Type or Role to start.,Pro začátek vyberte typ dokumentu nebo roli.,
Select Document Types to set which User Permissions are used to limit access.,"Vyberte typy dokumentů, u kterých se použijí uživatelská oprávnění k omezení přístupu.",
Select Employees,Vyberte zaměstnance,
Select finance book for the item {0} at row {1},Vyberte účetní knihu pro položku {0} na řádku {1},
Select Finished Good,Vyberte hotový výrobek,
Select Google Calendar to which event should be synced.,"Vyberte Google Kalendář, do kterého se má událost synchronizovat.",
Select Google Contacts to which contact should be synced.,"Vyberte Google Kontakty, do kterých se má kontakt synchronizovat.",
Select Interview first,Nejprve vyberte pohovor,
Select Interview Type First,Nejprve vyberte typ pohovoru,
Select item group,Vyberte skupinu položek,
Select Items,Vyberte položky,
Select Items based on Delivery Date,Vyberte položky podle data dodání,
Select Items to Manufacture,Vyberte položky k výrobě,
Select Items to Receive,Vyberte položky k příjmu,
Select Items up to Delivery Date,Vyberte položky do data dodání,
Select Job Worker Address,Vyberte adresu subdodavatele,
Select Language,Vyberte jazyk,
Select List View,Vyberte zobrazení seznamu,
Select Loyalty Program,Vyberte věrnostní program,
Select Module,Vyberte modul,
Select Month for LWP Reversal,Vyberte měsíc pro storno neplaceného volna,
Select Network Printer,Vyberte síťovou tiskárnu,
Select Page,Vyberte stránku,
Select Payroll Frequency.,Vyberte frekvenci mzdového zpracování.,
Select Payroll Period,Vyberte mzdové období,
Select Possible Supplier,Vyberte možného dodavatele,
Select Print Format,Vyberte tiskový formát,
Select Print Format to Edit,Vyberte tiskový formát k úpravě,
Select Property,Vyberte vlastnost,
Select Quantity,Vyberte množství,
Select Report,Vyberte report,
Select Serial and Batch,Vyberte sériové číslo a šarži,
Select Serial No,Vyberte sériové číslo,
Select Shift Requests,Vyberte žádosti o směnu,
Select Shipping Address,Vyberte dodací adresu,
Select Supplier Address,Vyberte adresu dodavatele,
Select Supplier for Items,Vyberte dodavatele pro položky,
Select Table Columns for {0},Vyberte sloupce tabulky pro {0},
Select Target Warehouse,Vyberte cílový sklad,
Select template item,Vyberte šablonovou položku,
Select Terms and Conditions,Vyberte obchodní podmínky,
Select the customer or supplier.,Vyberte klienta nebo dodavatele.,
Select the date,Vyberte datum,
Select the date after which this Leave Allocation will expire.,"Vyberte datum, po kterém toto přidělení volna vyprší.",
Select the date from which this Leave Allocation will be valid.,"Vyberte datum, od kterého bude toto přidělení volna platné.",
Select the Default Workstation where the Operation will be performed. This will be fetched in BOMs and Work Orders.,"Vyberte výchozí pracoviště, na kterém se operace provede. Použije se v kusovnících a výrobních příkazech.",
Select the Employee for which you want to allocate leaves.,"Vyberte zaměstnance, kterému chcete přidělit volno.",
Select the Employee.,Vyberte zaměstnance.,
Select the end date for your Leave Application.,Vyberte datum ukončení vaší žádosti o volno.,
Select the Item to be manufactured.,"Vyberte položku, která se má vyrobit.",
"Select the Item to be manufactured. The Item name, UoM, Company, and Currency will be fetched automatically.","Vyberte položku, která se má vyrobit. Název položky, měrná jednotka, firma a měna se načtou automaticky.",
"Select the Leave Type like Sick leave, Privilege Leave, Casual Leave, etc.","Vyberte typ volna, například nemocenská, dovolená, volno atd.",
Select the raw materials (Items) required to manufacture the Item,Vyberte suroviny (položky) potřebné k výrobě položky,
Select the start date for your Leave Application.,Vyberte datum zahájení vaší žádosti o volno.,
Select the Warehouse,Vyberte sklad,
Select Time,Vyberte čas,
Select Time Zone,Vyberte časové pásmo,
Select Transaction,Vyberte transakci,
"Select type of leave the employee wants to apply for, like Sick Leave, Privilege Leave, Casual Leave, etc.","Vyberte typ volna, o které zaměstnanec žádá, například nemocenská, dovolená, volno atd.",
Select Users,Vyberte uživatele,
Select variant item code for the template item {0},Vyberte kód varianty položky pro šablonovou položku {0},
Select View,Vyberte zobrazení,
Select Warehouses to get Stock for Materials Planning,Vyberte sklady pro načtení skladových zásob pro plánování materiálu,
Select whether to get items from a Sales Order or a Material Request. For now select <b>Sales Order</b>.\n A Production Plan can also be created manually where you can select the Items to manufacture.,"Vyberte, zda se mají položky načíst z prodejní objednávky nebo z požadavku na materiál. Nyní vyberte <b>Prodejní objednávka</b>.
 Výrobní plán lze také vytvořit ručně, kde můžete vybrat položky k výrobě.",
Select Workflow,Vyberte workflow,
Select Workspace,Vyberte pracovní plochu,
Select your Leave Approver i.e. the person who approves or rejects your leaves.,"Vyberte svého schvalovatele volna, tedy osobu, která schvaluje nebo zamítá vaše žádosti o volno.",
Select your weekly off day,Vyberte svůj týdenní volný den,
Select {0},Vyberte {0},
Selected employee advance is not of employee {0},Vybraná záloha zaměstnanci nepatří zaměstnanci {0},
Selected employee advance is not of employee {},Vybraná záloha zaměstnanci nepatří zaměstnanci {},
Selected POS Opening Entry should be open.,Vybraný zahajovací pokladní záznam POS by měl být otevřený.,
Selected Price List should have buying and selling fields checked.,Vybraný ceník by měl mít zaškrtnutá pole nákup a prodej.,
Selected Print Format does not exist.,Vybraný tiskový formát neexistuje.,
Selected Serial and Batch Bundle entries have been fixed.,Vybrané záznamy svazku sériových čísel a šarží byly opraveny.,
Selected Vouchers,Vybrané doklady,
Selected {doctype} does not contain the Item Code {item_code},Vybraný {doctype} neobsahuje kód položky {item_code},
Self Appraisal,Vlastní hodnocení,
Self Appraisal Pending: {0},Vlastní hodnocení čeká na vyřízení: {0},
Self Appraisal Score,Skóre vlastního hodnocení,
Self approval is not allowed,Vlastní schválení není povoleno,
Self Score,Vlastní skóre,
Self-approval for Expense Claims is not allowed,Vlastní schválení vyúčtování výdajů není povoleno,
Self-approval for leaves is not allowed,Vlastní schválení volna není povoleno,
Sell,Prodat,
Sell Asset,Prodat majetek,
Sell Qty,Prodávané množství,
Sell quantity cannot exceed the asset quantity,Prodávané množství nesmí překročit množství majetku,
Sell quantity cannot exceed the asset quantity. Asset {0} has only {1} item(s).,Prodávané množství nesmí překročit množství majetku. Majetek {0} má pouze {1} kus(ů).,
Sell quantity must be greater than zero,Prodávané množství musí být větší než nula,
Selling,Prodej,
Selling Amount,Prodejní částka,
"Selling must be checked, if Applicable For is selected as {0}","Pokud je pole ""Platí pro"" nastaveno na {0}, musí být zaškrtnuto pole Prodej",
Selling Price List,Prodejní ceník,
Selling Rate,Prodejní cena,
Selling Settings,Nastavení prodeje,
Semi Finished Good / Finished Good,Polotovar / hotový výrobek,
Semi Finished Goods / Finished Goods,Polotovary / hotové výrobky,
Send,Odeslat,
Send Acknowledgement Email,Odeslat potvrzovací e-mail,
Send After,Odeslat po,
Send After (days),Odeslat po (dnech),
Send Alert On,Odeslat upozornění při,
Send an email reminder in the morning,Odeslat e-mailovou připomínku ráno,
Send As Raw HTML,Odeslat jako čisté HTML,
Send Attached Files,Odeslat přiložené soubory,
Send Document Print,Odeslat tisk dokumentu,
Send Email,Odeslat e-mail,
Send Email Alert,Odeslat e-mailové upozornění,
Send Email On State,Odeslat e-mail při stavu,
Send Email To Creator,Odeslat e-mail tvůrci,
Send Emails,Odeslat e-maily,
Send Emails At,Odeslat e-maily v,
Send Emails to Suppliers,Odeslat e-maily dodavatelům,
Send Exit Questionnaire,Odeslat výstupní dotazník,
Send Exit Questionnaires,Odeslat výstupní dotazníky,
Send Interview Feedback Reminder,Odeslat připomínku zpětné vazby z pohovoru,
Send Interview Reminder,Odeslat připomínku pohovoru,
Send Leave Notification,Odeslat oznámení o volnu,
Send Me A Copy of Outgoing Emails,Zasílat mi kopii odchozích e-mailů,
Send Notification to,Odeslat oznámení komu,
Send Notifications For Documents Followed By Me,"Odesílat oznámení pro dokumenty, které sleduji",
Send Notifications For Email Threads,Odesílat oznámení pro e-mailová vlákna,
Send Now,Odeslat nyní,
Send only if there is any data,"Odeslat pouze v případě, že existují nějaká data",
Send Print as PDF,Odeslat tisk jako PDF,
Send Reset Link,Odeslat odkaz pro obnovení,
Send SMS,Odeslat SMS,
Send System Notification,Odeslat systémové oznámení,
Send To,Odeslat komu,
Send To All Assignees,Odeslat všem přiřazeným,
Send To Primary Contact,Odeslat hlavnímu kontaktu,
Send to Subcontractor,Odeslat subdodavateli,
Send unsubscribe message in email,Odeslat v e-mailu zprávu o odhlášení odběru,
Send Welcome Email,Odeslat uvítací e-mail,
Send with Attachment,Odeslat s přílohou,
Sender,Odesílatel,
Sender Copy,Kopie odesílateli,
Sender Email,E-mail odesílatele,
Sender Email Field,Pole e-mailu odesílatele,
Sender Field should have Email in options,Pole odesílatele by mělo mít v možnostech Email,
Sender Name,Jméno odesílatele,
Sender Name Field,Pole jména odesílatele,
Sending Email,Odesílání e-mailu,
Sending Failed due to missing email information for employee(s): {1},Odesílání selhalo kvůli chybějícím e-mailovým údajům u zaměstnance/zaměstnanců: {1},
Sent,Odesláno,
Sent Folder Name,Název složky Odeslané,
Sent On,Odesláno dne,
Sent or Received,Odesláno nebo přijato,
Sent Read Receipt,Odesláno potvrzení o přečtení,
Sent Successfully: {0},Úspěšně odesláno: {0},
Sent To,Odesláno komu,
Sep,Zář,
Separation Activities,Aktivity ukončení pracovního poměru,
Separation Begins On,Ukončení pracovního poměru začíná dne,
Separations (This Month),Ukončení pracovního poměru (tento měsíc),
Sequence,Pořadí,
Sequence ID,ID pořadí,
Sequence Id,ID pořadí,
Serial & Batch Item,Položka se sériovým číslem a šarží,
Serial / Batch,Sériové číslo / šarže,
Serial / Batch Bundle,Svazek sériových čísel a šarží,
Serial / Batch Bundle Missing,Chybí svazek sériových čísel a šarží,
Serial / Batch No,Sériové číslo / číslo šarže,
Serial and Batch,Sériové číslo a šarže,
Serial and Batch Bundle,Svazek sériových čísel a šarží,
Serial and Batch Bundle created,Svazek sériových čísel a šarží byl vytvořen,
Serial and Batch Bundle Exists,Svazek sériových čísel a šarží již existuje,
Serial and Batch Bundle updated,Svazek sériových čísel a šarží byl aktualizován,
Serial and Batch Bundle {0} is already used in {1} {2}.,Svazek sériových čísel a šarží {0} je již použit v {1} {2}.,
Serial and Batch Bundle {0} is not submitted,Svazek sériových čísel a šarží {0} není odeslán,
Serial and Batch Bundle {0} is submitted and its entries cannot be modified.,Svazek sériových čísel a šarží {0} je odeslán a jeho položky nelze upravovat.,
Serial and Batch Details,Podrobnosti sériových čísel a šarží,
Serial and Batch Entry,Záznam sériového čísla a šarže,
Serial and Batch No,Sériové číslo a číslo šarže,
Serial and Batch No for Item Disabled,Sériové číslo a šarže jsou pro položku zakázány,
Serial and Batch Nos,Sériová čísla a čísla šarží,
Serial and Batch Reservation,Rezervace sériových čísel a šarží,
Serial and Batch Summary,Souhrn sériových čísel a šarží,
Serial Item settings,Nastavení položky se sériovým číslem,
Serial No,Sériové číslo,
Serial No (In/Out),Sériové číslo (vstup/výstup),
Serial No / Batch,Sériové číslo / šarže,
Serial No Already Assigned,Sériové číslo je již přiřazeno,
Serial No and Batch,Sériové číslo a šarže,
Serial No and Batch Selector cannot be use when Use Serial / Batch Fields is enabled.,"Výběr sériového čísla a šarže nelze použít, pokud je povoleno použití polí sériové číslo / šarže.",
Serial No and Batch Traceability,Sledovatelnost sériových čísel a šarží,
Serial No Count,Počet sériových čísel,
Serial No is mandatory,Sériové číslo je povinné,
Serial No is mandatory for Item {0},Sériové číslo je povinné pro položku {0},
Serial No Ledger,Kniha sériových čísel,
Serial No Reserved,Sériové číslo je rezervováno,
Serial No Series Overlap,Překryv číselné řady sériových čísel,
Serial No Service Contract Expiry,Konec platnosti servisní smlouvy sériového čísla,
Serial No Status,Stav sériového čísla,
Serial No status sync has been queued. Reload the report after a few minutes.,Synchronizace stavu sériových čísel byla zařazena do fronty. Report znovu načtěte za několik minut.,
Serial No Warranty Expiry,Konec záruky sériového čísla,
Serial No {0} does not belong to Delivery Note {1},Sériové číslo {0} nepatří k dodacímu listu {1},
Serial No {0} does not belong to Item {1},Sériové číslo {0} nepatří k položce {1},
Serial No {0} does not exist,Sériové číslo {0} neexistuje,
Serial No {0} does not exists,Sériové číslo {0} neexistuje,
Serial No {0} is already assigned to customer {1}. Can only be returned against the customer {1},Sériové číslo {0} je již přiřazeno klientovi {1}. Lze jej vrátit pouze vůči klientovi {1},
Serial No {0} is already Delivered. You cannot use them again in Manufacture / Repack entry.,Sériové číslo {0} již bylo doručeno. Nelze jej znovu použít v záznamu výroby / přebalení.,
Serial No {0} is not available in the selected inventory dimensions: {1},Sériové číslo {0} není dostupné ve vybraných skladových dimenzích: {1},
"Serial No {0} is not present in the {1} {2}, hence you can't return it against the {1} {2}","Sériové číslo {0} se nenachází v {1} {2}, proto jej nelze vrátit vůči {1} {2}",
Serial No {0} is under maintenance contract upto {1},Sériové číslo {0} je pod servisní smlouvou do {1},
Serial No {0} is under warranty upto {1},Sériové číslo {0} je v záruce do {1},
Serial No {0} not found,Sériové číslo {0} nebylo nalezeno,
Serial No: {0} has already been transacted into another POS Invoice.,Sériové číslo: {0} již bylo zpracováno v jiné POS faktuře.,
Serial Nos,Sériová čísla,
Serial Nos / Batches,Sériová čísla / šarže,
Serial Nos are created successfully,Sériová čísla byla úspěšně vytvořena,
"Serial Nos are reserved in Stock Reservation Entries, you need to unreserve them before proceeding.","Sériová čísla jsou rezervována v záznamech skladové rezervace, je třeba je před pokračováním zrušit.",
Serial Nos {0} are already Delivered. You cannot use them again in Manufacture / Repack entry.,Sériová čísla {0} již byla doručena. Nelze je znovu použít v záznamu výroby / přebalení.,
Serial Number Series,Číselná řada sériových čísel,
Serial number {0} entered more than once,Sériové číslo {0} bylo zadáno vícekrát,
Serial numbers unavailable for Item {0} under warehouse {1}. Please try changing warehouse.,Sériová čísla nejsou dostupná pro položku {0} ve skladu {1}. Zkuste změnit sklad.,
Series,Řada,
Series counter for {} updated to {} successfully,Počítadlo řady pro {} bylo úspěšně aktualizováno na {},
Series for Asset Depreciation Entry (Journal Entry),Řada pro záznam odpisu majetku (účetní zápis),
Series is mandatory,Řada je povinná,
Series List for this Transaction,Seznam řad pro tuto transakci,
Series Updated for {},Řada byla aktualizována pro {},
Series {0} already used in {1},Řada {0} je již použita v {1},
Server Error,Chyba serveru,
Server IP,IP adresa serveru,
Server is busy. Please try again in a few seconds.,Server je zaneprázdněn. Zkuste to prosím za několik sekund znovu.,
Server Script,Serverový skript,
Server Scripts are disabled. Please enable server scripts from bench configuration.,Serverové skripty jsou zakázány. Povolte serverové skripty v konfiguraci bench.,
Server Scripts feature is not available on this site.,Funkce serverových skriptů není na tomto webu dostupná.,
Service,Služba,
Service Address,Adresa služby,
Service Cost Per Qty,Náklady na službu za množství,
Service Day,Den služby,
Service Details,Podrobnosti služby,
Service End Date,Datum ukončení služby,
Service Expense,Náklady na službu,
Service Expense Account,Účet nákladů na službu,
Service Expense Total Amount,Celková částka nákladů na službu,
Service Expenses,Náklady na služby,
Service Item,Položka služby,
Service Item Qty,Množství položky služby,
Service Item UOM,Měrná jednotka položky služby,
Service Item {0} is disabled.,Položka služby {0} je zakázána.,
Service Item {0} must be a non-stock item.,Položka služby {0} musí být neskladová položka.,
Service Items,Položky služby,
Service Level Agreement,Dohoda o úrovni služeb,
Service Level Agreement Creation,Vytvoření dohody o úrovni služeb,
Service Level Agreement Details,Podrobnosti dohody o úrovni služeb,
Service Level Agreement for {0} {1} already exists.,Dohoda o úrovni služeb pro {0} {1} již existuje.,
Service Level Agreement has been changed to {0}.,Dohoda o úrovni služeb byla změněna na {0}.,
Service Level Agreement Status,Stav dohody o úrovni služeb,
Service Level Agreement was reset.,Dohoda o úrovni služeb byla resetována.,
Service Level Agreements,Dohody o úrovni služeb,
Service Level Name,Název úrovně služby,
Service Level Priority,Priorita úrovně služby,
Service Provider,Poskytovatel služby,
Service Start Date,Datum zahájení služby,
Service Stop Date,Datum zastavení služby,
Service Stop Date cannot be after Service End Date,Datum zastavení služby nesmí být po datu konce služby,
Service Stop Date cannot be before Service Start Date,Datum zastavení služby nesmí být před datem zahájení služby,
Services,Služby,
Session Created,Relace byla vytvořena,
Session Default,Výchozí relace,
Session Default Settings,Výchozí nastavení relace,
Session Defaults,Výchozí hodnoty relace,
Session Expired,Relace vypršela,
Session Expiry (idle timeout),Vypršení relace (časový limit nečinnosti),
Session Expiry must be in format {0},Vypršení relace musí být ve formátu {0},
Sessions,Relace,
Set,Nastavit,
Set Accepted Warehouse,Nastavit sklad příjmu,
Set Advances and Allocate (FIFO),Nastavit zálohy a přiřadit (FIFO),
Set as Closed,Nastavit jako uzavřeno,
Set as Completed,Nastavit jako dokončeno,
Set as Default,Nastavit jako výchozí,
Set as Default Theme,Nastavit jako výchozí motiv,
Set as Lost,Nastavit jako ztraceno,
Set as Open,Nastavit jako otevřeno,
Set Assignment Details,Nastavit podrobnosti přiřazení,
Set Banner from Image,Nastavit banner z obrázku,
Set Basic Rate Manually,Nastavit základní sazbu ručně,
Set by Item Tax Template,Nastaveno podle šablony daně z položky,
Set default inventory account for perpetual inventory,Nastavit výchozí skladový účet pro průběžnou inventarizaci,
Set Default Supplier,Nastavit výchozího dodavatele,
Set default {0} account for non stock items,Nastavit výchozí účet {0} pro neskladové položky,
Set Delivery Warehouse,Nastavit dodací sklad,
Set Dropship Items Delivered Quantity,Nastavit doručené množství položek přímé dodávky,
Set Dynamic Filters,Nastavit dynamické filtry,
Set Filters,Nastavit filtry,
Set From Warehouse,Nastavit sklad odeslání,
Set Grand Total to Default Payment Method,Nastavit celkovou částku na výchozí způsob platby,
Set incoming rate as zero for expired Batch,Nastavit vstupní cenu na nulu pro prošlou šarži,
Set Landed Cost Based on Purchase Invoice Rate,Nastavit vedlejší pořizovací náklady podle sazby přijaté faktury,
Set Leave Details,Nastavit podrobnosti volna,
Set Loyalty Program,Nastavit věrnostní program,
Set New Password,Nastavit nové heslo,
Set New Release Date,Nastavit nové datum vydání,
Set Number of Backups,Nastavit počet záloh,
Set only once,Nastavit pouze jednou,
Set Operating Cost / Secondary Items From Sub-assemblies,Nastavit provozní náklady / vedlejší položky z podsestav,
Set Operating Cost Based On BOM Quantity,Nastavit provozní náklady podle množství v kusovníku,
Set Parent Row No in Items Table,Nastavit číslo nadřazeného řádku v tabulce položek,
Set Password,Nastavit heslo,
Set Permissions,Nastavit oprávnění,
Set Posting Date,Nastavit datum zaúčtování,
Set Process Loss Item Quantity,Nastavit množství ztráty procesu položky,
Set Project and all Tasks to status {0}?,Nastavit projekt a všechny úkoly na stav {0}?,
Set Project Status,Nastavit stav projektu,
Set Properties,Nastavit vlastnosti,
Set Property After Alert,Nastavit vlastnost po upozornění,
Set Quantity,Nastavit množství,
Set quantity of process loss item:,Nastavit množství položky ztráty procesu:,
Set rate of sub-assembly item based on BOM,Nastavit cenu položky podsestavy podle kusovníku,
Set Relieving Date for Employee: {0},Nastavit datum ukončení pro zaměstnance: {0},
Set Reserve Warehouse,Nastavit rezervní sklad,
Set Response Time for Priority {0} in row {1}.,Nastavte dobu odezvy pro prioritu {0} na řádku {1}.,
Set Role For,Nastavit roli pro,
Set Serial and Batch Bundle Naming Based on Naming Series,Nastavit pojmenování svazku sériových čísel a šarží podle číselné řady,
Set Source Warehouse,Nastavit zdrojový sklad,
Set Supplier,Nastavit dodavatele,
Set Supplier for All Items,Nastavit dodavatele pro všechny položky,
Set Target Warehouse,Nastavit cílový sklad,
Set the default account for the {0} {1},Nastavte výchozí účet pro {0} {1},
Set the frequency for holiday reminders,Nastavte frekvenci připomínek svátků,
Set the Planned Start Date (an Estimated Date at which you want the Production to begin),"Nastavte plánované datum zahájení (odhadované datum, kdy chcete zahájit výrobu)",
Set the status to {0} if required.,V případě potřeby nastavte stav na {0}.,
Set this if the customer is a Public Administration company.,"Nastavte, pokud je klient organizací veřejné správy.",
Set User Permissions,Nastavit uživatelská oprávnění,
Set Valuation Rate Based on Source Warehouse,Nastavit oceňovací cenu podle zdrojového skladu,
Set valuation rate for rejected Materials,Nastavit oceňovací cenu pro zamítnuté materiály,
Set Value,Nastavit hodnotu,
Set Warehouse,Nastavit sklad,
Set {0} for selected employees,Nastavit {0} pro vybrané zaměstnance,
Set {0} in asset category {1} for company {2},Nastavte {0} v kategorii majetku {1} pro firmu {2},
Set {0} in asset category {1} or company {2},Nastavte {0} v kategorii majetku {1} nebo ve firmě {2},
Set {0} in company {1},Nastavte {0} ve firmě {1},
set {0} to,nastavit {0} na,
set {0} to {1} in row #{2},nastavit {0} na {1} na řádku č. {2},
Setting defaults,Nastavování výchozích hodnot,
"Setting Events to {0}, since the Employee attached to the below Sales Persons does not have a User ID{1}","Nastavování událostí na {0}, protože zaměstnanec přiřazený k níže uvedeným obchodním zástupcům nemá ID uživatele{1}",
Setting Item Locations...,Nastavování umístění položek...,
Setting this Address Template as default as there is no other default,"Tato šablona adresy se nastavuje jako výchozí, protože žádná jiná výchozí není k dispozici",
Setting up company,Nastavování firmy,
Setting up Global Search documents.,Nastavování dokumentů globálního vyhledávání.,
Setting up your system,Nastavování vašeho systému,
Setting {0} is required,Nastavení {0} je povinné,
Settings,Nastavení,
Settings Dropdown,Rozbalovací nabídka nastavení,
Settings Missing,Chybí nastavení,
Settle against Advances,Vyrovnat proti zálohám,
Settle all Payables and Receivables before submission,Před odesláním vyrovnejte všechny závazky a pohledávky,
Settled,Vyrovnáno,
Setup,Nastavení,
Setup > Customize Form,Nastavení > Přizpůsobit formulář,
Setup > User,Nastavení > Uživatel,
Setup > User Permissions,Nastavení > Uživatelská oprávnění,
Setup Complete,Nastavení dokončeno,
Setup failed,Nastavení selhalo,
Setup Series for transactions,Nastavit řady pro transakce,
Share,Sdílet,
Share Balance,Zůstatek podílů,
Share Ledger,Kniha podílů,
Share Management,Správa podílů,
Share Transfer,Převod podílů,
Share Type,Typ podílu,
Shared document with the user {0} with 'Submit' permission,"Dokument byl sdílen s uživatelem {0} s oprávněním ""Odeslat""",
Shared with the following Users with Read access:{0},Sdíleno s následujícími uživateli s přístupem pro čtení: {0},
Shareholder,Podílník,
Shelf Life In Days,Doba trvanlivosti ve dnech,
Shelf Life in Days,Doba trvanlivosti ve dnech,
Shift,Směna,
Shift & Attendance,Směny a docházka,
Shift Actual End,Skutečný konec směny,
Shift Actual End Time,Skutečný čas konce směny,
Shift Actual Start,Skutečný začátek směny,
Shift Actual Start Time,Skutečný čas začátku směny,
Shift and Attendance,Směny a docházka,
Shift Assignment,Přiřazení směny,
Shift Assignment Details,Podrobnosti přiřazení směny,
Shift Assignment History,Historie přiřazení směn,
Shift Assignment Tool,Nástroj pro přiřazení směn,
Shift Assignment: {0} created for Employee: {1},Přiřazení směny: {0} vytvořeno pro zaměstnance: {1},
Shift Assignments created for the schedule between {0} and {1} via background job,Přiřazení směn byla vytvořena pro plán mezi {0} a {1} pomocí úlohy na pozadí,
Shift assignments for {0} after {1} are already created. Please change {2} date to a date later than {3} {4},Přiřazení směn pro {0} po {1} již byla vytvořena. Změňte prosím datum {2} na datum pozdější než {3} {4},
Shift Attendance,Docházka na směně,
Shift Details,Podrobnosti směny,
Shift End,Konec směny,
Shift End Time,Konec směny,
Shift Factor,Faktor směny,
Shift has been successfully updated to {0}.,Směna byla úspěšně aktualizována na {0}.,
Shift Location,Místo směny,
Shift Name,Název směny,
Shift Request,Žádost o směnu,
Shift Request Approver,Schvalovatel žádosti o směnu,
Shift Request Filters,Filtry žádostí o směnu,
Shift Request History,Historie žádostí o směnu,
Shift Schedule,Plán směn,
Shift Schedule Assignment,Přiřazení plánu směn,
Shift Settings,Nastavení směny,
Shift Start,Začátek směny,
Shift Start Time,Začátek směny,
Shift Status,Stav směny,
Shift Time (In Hours),Doba směny (v hodinách),
Shift Timings,Časy směny,
Shift Type,Typ směny,
Shifts,Směny,
Shipment,Zásilka,
Shipment Amount,Částka zásilky,
Shipment Delivery Note,Dodací list zásilky,
Shipment details,Podrobnosti zásilky,
Shipment ID,ID zásilky,
Shipment Information,Informace o zásilce,
Shipment Parcel,Balík zásilky,
Shipment Parcel Template,Šablona balíku zásilky,
Shipment Type,Typ zásilky,
Shipments,Zásilky,
Shipping Account,Účet dopravy,
Shipping Address,Dodací adresa,
Shipping Address Details,Podrobnosti dodací adresy,
Shipping Address does not belong to the {0},Dodací adresa nepatří k {0},
"Shipping Address does not have country, which is required for this Shipping Rule","Dodací adresa nemá vyplněnou zemi, která je pro toto přepravní pravidlo povinná",
Shipping Address Name,Název dodací adresy,
Shipping Address Template,Šablona dodací adresy,
Shipping Amount,Částka za dopravu,
Shipping City,Město dodací adresy,
Shipping Country,Země dodací adresy,
Shipping County,Kraj dodací adresy,
Shipping Rule,Přepravní pravidlo,
Shipping Rule Condition,Podmínka přepravního pravidla,
Shipping Rule Conditions,Podmínky přepravního pravidla,
Shipping Rule Country,Země přepravního pravidla,
Shipping Rule Label,Popisek přepravního pravidla,
Shipping rule not applicable for country {0} in Shipping Address,Přepravní pravidlo se nevztahuje na zemi {0} uvedenou v dodací adrese,
Shipping rule only applicable for Buying,Přepravní pravidlo platí pouze pro nákup,
Shipping rule only applicable for Selling,Přepravní pravidlo platí pouze pro prodej,
Shipping Rule Type,Typ přepravního pravidla,
Shipping State,Stát dodací adresy,
Shipping Zipcode,PSČ dodací adresy,
Shopping Cart,Nákupní košík,
Short keyboard patterns are easy to guess,Krátké klávesové vzory lze snadno uhodnout,
Short Name,Krátký název,
Short Term Loan Account,Účet krátkodobého úvěru,
Short-term Investments,Krátkodobé investice,
Short-term Provisions,Krátkodobé rezervy,
Shortage Qty,Chybějící množství,
Shortcuts,Zkratky,
Shortlist,Užší výběr,
Show Absolute Datetime in Timeline,Zobrazit absolutní datum a čas v časové ose,
Show Absolute Values,Zobrazit absolutní hodnoty,
Show account deletion link in My Account page,Zobrazit odkaz na smazání účtu na stránce Můj účet,
Show Aggregate Value from Subsidiary Companies,Zobrazit souhrnnou hodnotu z dceřiných firem,
Show all Versions,Zobrazit všechny verze,
Show Alternate UOM Balance,Zobrazit zůstatek v alternativní měrné jednotce,
Show Arrow,Zobrazit šipku,
Show as cc,Zobrazit jako kopii (cc),
Show attachments,Zobrazit přílohy,
Show Auth Server Metadata,Zobrazit metadata autorizačního serveru,
Show availability of exploded items,Zobrazit dostupnost rozložených položek,
Show balances in Chart of Accounts,Zobrazit zůstatky v účtové osnově,
Show barcode field in stock transactions,Zobrazit pole čárového kódu ve skladových transakcích,
Show Board,Zobrazit nástěnku,
Show Calendar,Zobrazit kalendář,
Show Cancelled Entries,Zobrazit stornované záznamy,
Show Completed,Zobrazit dokončené,
Show Confetti,Zobrazit konfety,
Show Credit / Debit in Company Currency,Zobrazit Dal / Má dáti v měně firmy,
Show Cumulative Amount,Zobrazit kumulativní částku,
Show Currency Symbol on Right Side,Zobrazit symbol měny vpravo,
Show Dashboard,Zobrazit dashboard,
Show Description on Click,Zobrazit popis po kliknutí,
Show Dimension Wise Stock,Zobrazit zásoby podle dimenzí,
Show Disabled Items,Zobrazit zakázané položky,
Show Disabled Warehouses,Zobrazit zakázané sklady,
Show Document,Zobrazit dokument,
Show Employee,Zobrazit zaměstnance,
Show External Link Warning,Zobrazit upozornění na externí odkaz,
Show Failed Logs,Zobrazit neúspěšné záznamy protokolu,
Show First Document Tour,Zobrazit první průvodce dokumentem,
Show footer on login,Zobrazit patičku na přihlašovací stránce,
Show Form Tour,Zobrazit průvodce formulářem,
Show Full Error and Allow Reporting of Issues to the Developer,Zobrazit celou chybu a umožnit nahlášení problémů vývojáři,
Show Full Form?,Zobrazit celý formulář?,
Show Full Number,Zobrazit celé číslo,
Show Future Payments,Zobrazit budoucí platby,
Show GL Balance,Zobrazit zůstatek hlavní knihy,
Show Group Accounts,Zobrazit skupinové účty,
Show in Bucket View,Zobrazit v zobrazení podle skupin,
Show in filter,Zobrazit ve filtru,
Show in Module Section,Zobrazit v sekci modulu,
Show in Resource Metadata,Zobrazit v metadatech zdroje,
Show In Website,Zobrazit na webu,
Show in Website,Zobrazit na webu,
Show inclusive tax in print,Zobrazit daň zahrnutou v ceně při tisku,
Show Item Name,Zobrazit název položky,
Show Items,Zobrazit položky,
Show Labels,Zobrazit popisky,
Show Language Picker,Zobrazit výběr jazyka,
Show Latest Forum Posts,Zobrazit nejnovější příspěvky z fóra,
Show Leave Balances in Salary Slip,Zobrazit zůstatky volna ve výplatní pásce,
Show Leaves Of All Department Members In Calendar,Zobrazit volno všech členů oddělení v kalendáři,
Show Ledger View,Zobrazit zobrazení knihy,
Show Line Breaks after Sections,Zobrazit zalomení řádků za sekcemi,
Show link to document,Zobrazit odkaz na dokument,
Show Linked Delivery Notes,Zobrazit propojené dodací listy,
Show list,Zobrazit seznam,
Show net values in opening and closing columns,Zobrazit čisté hodnoty ve sloupcích počátečního a konečného stavu,
Show Net Values in Party Account,Zobrazit čisté hodnoty na účtu partnera,
Show on Timeline,Zobrazit na časové ose,
Show Only Failed Logs,Zobrazit pouze neúspěšné záznamy,
Show only POS,Zobrazit pouze POS,
Show only the Immediate Upcoming Term,Zobrazit pouze nejbližší nadcházející období,
Show Open,Zobrazit otevřené,
Show Opening and Closing Balance,Zobrazit počáteční a konečný zůstatek,
Show Opening Entries,Zobrazit počáteční záznamy,
Show Operations,Zobrazit operace,
Show pay button in Purchase Order portal,Zobrazit tlačítko platby v portálu nákupní objednávky,
Show Payment Details,Zobrazit podrobnosti platby,
Show Payment Schedule in print,Zobrazit platební plán v tisku,
Show pending entries,Zobrazit čekající záznamy,
Show Percentage Stats,Zobrazit statistiky v procentech,
Show Permissions,Zobrazit oprávnění,
Show Preview,Zobrazit náhled,
Show Preview Popup,Zobrazit vyskakovací náhled,
Show Processlist,Zobrazit seznam procesů,
Show Protected Resource Metadata,Zobrazit metadata chráněného zdroje,
Show Remarks,Zobrazit poznámky,
Show Report,Zobrazit report,
Show Return Entries,Zobrazit záznamy vratek,
Show Salary Slip,Zobrazit výplatní pásku,
Show Sales Person,Zobrazit obchodního zástupce,
Show Section Headings,Zobrazit nadpisy sekcí,
Show Sidebar,Zobrazit boční panel,
Show sidebar,Zobrazit boční panel,
Show Similar Errors,Zobrazit podobné chyby,
Show Social Login Key as Authorization Server,Zobrazit klíč sociálního přihlášení jako autorizační server,
Show Stock Ageing Data,Zobrazit data stáří zásob,
Show Tags,Zobrazit štítky,
Show taxes as table in print,Zobrazit daně jako tabulku v tisku,
Show Title,Zobrazit název,
Show Title in Link Fields,Zobrazit název v odkazových polích,
Show Tour,Zobrazit průvodce,
Show Traceback,Zobrazit trasování chyby,
Show unclosed fiscal year's P&L balances,Zobrazit zůstatky výsledovky neuzavřeného fiskálního roku,
Show Users,Zobrazit uživatele,
Show Values over Chart,Zobrazit hodnoty nad grafem,
Show Variant Attributes,Zobrazit atributy varianty,
Show Variants,Zobrazit varianty,
Show Warehouse-wise Stock,Zobrazit zásoby podle skladu,
Show with upcoming revenue/expense,Zobrazit s nadcházejícími výnosy/náklady,
Show zero values,Zobrazit nulové hodnoty,
Show {0},Zobrazit {0},
Sick Leave,Nemocenská,
Sidebar,Boční panel,
Sidebar and Comments,Boční panel a komentáře,
Sidebar Item Group,Skupina položek bočního panelu,
Sidebar Item Group Link,Odkaz na skupinu položek bočního panelu,
Sidebar Items,Položky bočního panelu,
Sidebar Settings,Nastavení bočního panelu,
Sign Out,Odhlásit se,
Sign Up and Confirmation,Registrace a potvrzení,
Sign Up is disabled,Registrace je zakázána,
Sign ups,Registrace,
Signatory Position,Pozice podepisující osoby,
Signature,Podpis,
Signed,Podepsáno,
Signed By (Company),Podepsal(a) (firma),
Signed On,Podepsáno dne,
Signee,Podepisující osoba,
Signee (Company),Podepisující osoba (firma),
Signee Details,Podrobnosti podepisující osoby,
Simultaneous Sessions,Souběžné relace,
"Since there is a process loss of {0} units for the finished good {1}, you should reduce the quantity by {0} units for the finished good {1} in the Items Table.","Vzhledem k tomu, že u hotového výrobku {1} došlo ke ztrátě procesu ve výši {0} jednotek, měli byste snížit množství hotového výrobku {1} v tabulce položek o {0} jednotek.",
"Since you have enabled 'Track Semi Finished Goods', at least one operation must have 'Is Final Finished Good' checked. For that set the FG / Semi FG Item as {0} against an operation.","Protože jste povolili 'Sledovat polotovary', musí mít alespoň jedna operace zaškrtnuto 'Je konečný hotový výrobek'. Za tímto účelem nastavte u operace položku hotového výrobku / polotovaru jako {0}.",
"Since {0} are Serial No/Batch No items, you cannot enable 'Recreate Stock Ledgers' in Repost Item Valuation.","Protože {0} jsou položky se sériovým číslem / číslem šarže, nelze v přeúčtování ocenění položky povolit 'Znovu vytvořit skladové knihy'.",
"Since {0} has 'Update Stock' disabled, you cannot create repost item valuation against it","Protože má {0} zakázáno 'Aktualizovat sklad', nelze pro něj vytvořit přeúčtování ocenění položky",
Single Assignment,Jednotlivé přiřazení,
Single DocTypes cannot be customized.,Jednoduché DocTypy (Single) nelze přizpůsobovat.,
Single Thread,Jedno vlákno,
Single Types have only one record no tables associated. Values are stored in tabSingles,Typy Single mají pouze jeden záznam a nemají přiřazené žádné tabulky. Hodnoty se ukládají do tabSingles,
Single Variant,Jedna varianta,
"Site is running in read only mode for maintenance or site update, this action can not be performed right now. Please try again later.","Web běží v režimu pouze pro čtení kvůli údržbě nebo aktualizaci, tuto akci nyní nelze provést. Zkuste to prosím později.",
Size,Velikost,
Size (MB),Velikost (MB),
Skill,Dovednost,
Skill Assessment,Hodnocení dovedností,
Skill Name,Název dovednosti,
Skills,Dovednosti,
Skip Authorization,Přeskočit autorizaci,
Skip Auto Attendance,Přeskočit automatickou docházku,
Skip Delivery Note,Přeskočit dodací list,
Skip Material Transfer,Přeskočit převod materiálu,
Skip Material Transfer to WIP,Přeskočit převod materiálu do nedokončené výroby,
Skip Material Transfer to WIP Warehouse,Přeskočit převod materiálu do skladu nedokončené výroby,
Skip Next Execution,Přeskočit další spuštění,
Skipped,Přeskočeno,
Skipped {0} DocType(s):<br>{1},Přeskočeno {0} DocType(ů):<br>{1},
Skipping column {0},Přeskakuje se sloupec {0},
Skipping Duplicate Column {0},Přeskakuje se duplicitní sloupec {0},
Skipping fixture syncing for doctype {0} from file {1},Přeskakuje se synchronizace fixtur pro doctype {0} ze souboru {1},
"Skipping Salary Structure Assignment for the following employees, as Salary Structure Assignment records already exists against them. {0}","Přeskakuje se přiřazení mzdové struktury u následujících zaměstnanců, protože pro ně již záznamy o přiřazení mzdové struktury existují. {0}",
Skipping Untitled Column,Přeskakuje se sloupec bez názvu,
"Skipping {0} of {1}, {2}","Přeskakuje se {0} z {1}, {2}",
Skype,Skype,
Skype ID,Skype ID,
SLA Fulfilled On,SLA splněno dne,
Sla Fulfilled on Status,SLA splněno při stavu,
SLA Paused On,SLA pozastaveno dne,
SLA will be applied if {1} is set as {2}{3},"SLA se použije, pokud je {1} nastaveno jako {2}{3}",
SLA will be applied on every {0},SLA se použije na každé {0},
Slack Channel,Kanál Slack,
Slack Webhook Error,Chyba webhooku Slack,
Slack Webhook URL,URL webhooku Slack,
Slack Webhook Url,URL webhooku Slack,
Slideshow,Prezentace,
Slideshow Items,Položky prezentace,
Slideshow Name,Název prezentace,
Small,Malý,
Smallest Currency Fraction Value,Nejmenší zlomková hodnota měny,
Smoothing Constant,Vyhlazovací konstanta,
SMS Center,Centrum SMS,
Sms Center,Centrum SMS,
SMS Gateway URL,URL brány SMS,
SMS Log,Protokol SMS,
Sms Log,Protokol SMS,
Sms Parameter,Parametr SMS,
SMS sent successfully,SMS byla úspěšně odeslána,
SMS Settings,Nastavení SMS,
Sms Settings,Nastavení SMS,
SMTP Server is required,SMTP server je povinný,
Snapshot Report,Report snímku,
Snapshot Reports,Reporty snímků,
Snippet and more variables:  {0},Úryvek a další proměnné: {0},
SO Qty,Množství prodejní objednávky,
SO Total Qty,Celkové množství prodejní objednávky,
Social Link Settings,Nastavení sociálních odkazů,
Social Link Type,Typ sociálního odkazu,
Social Login Key,Klíč sociálního přihlášení,
Social Login Provider,Poskytovatel sociálního přihlášení,
Social Logins,Sociální přihlášení,
SocketIO Ping Check,Kontrola ping SocketIO,
SocketIO Transport Mode,Režim přenosu SocketIO,
Software,Software,
Software ID,ID softwaru,
Software Version,Verze softwaru,
Sold,Prodáno,
Sold by,Prodal(a),
Solvency Ratios,Ukazatele solventnosti,
Some columns might get cut off when printing to PDF. Try to keep number of columns under 10.,Některé sloupce mohou být při tisku do PDF oříznuty. Snažte se udržet počet sloupců pod 10.,
Some required Company details are missing. You don't have permission to update them. Please contact your System Manager.,Chybí některé povinné údaje o firmě. Nemáte oprávnění je aktualizovat. Obraťte se prosím na správce systému.,
Something went wrong during the token generation. Click on {0} to generate a new one.,Při generování tokenu došlo k chybě. Kliknutím na {0} vygenerujete nový.,
Something went wrong please try again,"Něco se pokazilo, zkuste to prosím znovu",
"Sorry, this coupon code is no longer valid","Je nám líto, tento kód kupónu již není platný",
"Sorry, this coupon code's validity has expired","Je nám líto, platnost tohoto kódu kupónu vypršela",
"Sorry, this coupon code's validity has not started","Je nám líto, platnost tohoto kódu kupónu ještě nezačala",
Sort Field,Pole pro řazení,
Sort field {0} must be a valid fieldname,Pole pro řazení {0} musí být platný název pole,
Sort Options,Možnosti řazení,
Sort Order,Pořadí řazení,
Source,Zdroj,
Source and Target Location cannot be same,Zdrojové a cílové umístění nesmí být stejné,
Source and target shifts cannot be the same,Zdrojová a cílová směna nesmí být stejná,
Source and target warehouse cannot be same for row {0},Zdrojový a cílový sklad nesmí být na řádku {0} stejné,
Source and target warehouse must be different,Zdrojový a cílový sklad musí být odlišné,
Source DocType,Zdrojový DocType,
Source Document,Zdrojový dokument,
Source Document Name,Název zdrojového dokumentu,
Source Document No,Číslo zdrojového dokumentu,
Source Document Type,Typ zdrojového dokumentu,
Source Exchange Rate,Zdrojový směnný kurz,
Source Fieldname,Název zdrojového pole,
Source Location,Zdrojové umístění,
Source Manufacture Entry,Zdrojový záznam výroby,
Source Name,Název zdroje,
Source of Funds (Liabilities),Zdroje financování (závazky),
Source Stock Entry (Manufacture),Zdrojový skladový pohyb (výroba),
"Source Stock Entry {0} belongs to Work Order {1}, not {2}. Please use a manufacture entry from the same Work Order.","Zdrojový skladový pohyb {0} patří k výrobnímu příkazu {1}, ne {2}. Použijte prosím výrobní záznam ze stejného výrobního příkazu.",
Source Stock Entry {0} has no finished goods quantity,Zdrojový skladový pohyb {0} nemá množství hotových výrobků,
Source Text,Zdrojový text,
Source Type,Typ zdroje,
Source Warehouse,Zdrojový sklad,
Source Warehouse Address,Adresa zdrojového skladu,
Source Warehouse Address Link,Odkaz na adresu zdrojového skladu,
Source warehouse is mandatory for row {0},Zdrojový sklad je povinný na řádku {0},
Source Warehouse is mandatory for the Item {0}.,Zdrojový sklad je povinný pro položku {0}.,
Source warehouse required for stock item {0},Zdrojový sklad je vyžadován pro skladovou položku {0},
Source Warehouse {0} must be same as Customer Warehouse {1} in the Subcontracting Inward Order.,Zdrojový sklad {0} musí být stejný jako sklad klienta {1} v objednávce příchozí subdodávky.,
Sourced by Supplier,Zajištěno dodavatelem,
South Africa Vat Account,Účet DPH Jihoafrická republika,
South Africa Vat Settings,Nastavení DPH Jihoafrická republika,
Spacer,Rozestup,
Special Characters are not allowed,Speciální znaky nejsou povoleny,
"Special Characters except '-', '#', '.', '/', '{{' and '}}' not allowed in naming series {0}","Speciální znaky kromě '-', '#', '.', '/', '{{' a '}}' nejsou v číselné řadě {0} povoleny",
Spending for Account {0} ({1}) between {2} and {3},Výdaje na účtu {0} ({1}) mezi {2} a {3},
Splash Image,Úvodní obrázek,
Split,Rozdělit,
Split Asset,Rozdělit majetek,
Split Batch,Rozdělit šarži,
Split Columns,Rozdělit sloupce,
Split From,Rozděleno z,
Split Issue,Rozdělit tiket,
Split Qty,Rozdělit množství,
Split Quantity must be less than Asset Quantity,Rozdělované množství musí být menší než množství majetku,
Splitting {0} {1} into {2} rows as per Payment Terms,Rozdělení {0} {1} do {2} řádků podle platebních podmínek,
Sponsored Amount,Sponzorovaná částka,
SQL functions are not allowed as strings in SELECT: {0}. Use dict syntax like {{'COUNT': '*'}} instead.,"SQL funkce nejsou povoleny jako řetězce v SELECT: {0}. Použijte místo toho syntaxi slovníku, například {{'COUNT': '*'}}.",
SQL Output,Výstup SQL,
SQL Queries,SQL dotazy,
SSL/TLS Mode,Režim SSL/TLS,
Stack Trace,Trasování zásobníku,
Staffing Details,Podrobnosti personálního obsazení,
Staffing Plan,Plán personálního obsazení,
Staffing Plan Detail,Podrobnost plánu personálního obsazení,
Staffing Plan {0} already exist for designation {1},Plán personálního obsazení {0} pro pracovní pozici {1} již existuje,
Stage,Fáze,
Stage Name,Název fáze,
Stale Days,Počet dní neaktivity,
Stale Days should start from 1.,Počet dní neaktivity by měl začínat od 1.,
Standard,Standardní,
Standard Buying,Standardní nákup,
Standard Description,Standardní popis,
Standard DocType can not be deleted.,Standardní DocType nelze smazat.,
"Standard DocType cannot have default print format, use Customize Form","Standardní DocType nemůže mít výchozí tiskový formát, použijte Přizpůsobit formulář",
Standard Multiplier,Standardní násobitel,
Standard Not Set,Standard není nastaven,
Standard Permissions,Standardní oprávnění,
Standard Print Format cannot be updated,Standardní tiskový formát nelze aktualizovat,
Standard Print Style cannot be changed. Please duplicate to edit.,Standardní styl tisku nelze změnit. Pro úpravu jej duplikujte.,
Standard Rated Expenses,Náklady se standardní sazbou,
Standard rated supplies in {0},Dodávky se standardní sazbou v {0},
Standard reports can only be created in developer mode.,Standardní reporty lze vytvářet pouze v režimu vývojáře.,
Standard Reports cannot be deleted,Standardní reporty nelze smazat,
Standard Reports cannot be edited,Standardní reporty nelze upravovat,
Standard rich text editor with controls,Standardní editor formátovaného textu s ovládacími prvky,
Standard roles cannot be disabled,Standardní role nelze zakázat,
Standard roles cannot be renamed,Standardní role nelze přejmenovat,
Standard Selling,Standardní prodej,
Standard Selling Rate,Standardní prodejní cena,
Standard Sidebar Menu,Standardní nabídka bočního panelu,
Standard Tax Exemption Amount,Standardní částka daňové výjimky,
Standard user type {0} can not be deleted.,Standardní typ uživatele {0} nelze smazat.,
"Standard Web Forms can not be modified, duplicate the Web Form instead.","Standardní webové formuláře nelze upravovat, místo toho webový formulář duplikujte.",
Standard Working Hours,Standardní pracovní doba,
Standing Name,Název stupně hodnocení,
Start,Zahájit,
Start / Resume,Zahájit / obnovit,
"Start and end dates not in a valid Payroll Period, cannot calculate {0}.","Počáteční a koncové datum nejsou v platném mzdovém období, nelze vypočítat {0}.",
Start Date,Datum zahájení,
Start Date cannot be after End Date,Datum zahájení nesmí být po datu ukončení,
Start Date cannot be before the current date,Datum zahájení nesmí být před aktuálním datem,
Start date cannot be greater than end date,Datum zahájení nesmí být pozdější než datum ukončení,
Start date cannot be greater than end date.,Datum zahájení nesmí být pozdější než datum ukončení.,
Start Date Field,Pole data zahájení,
Start date should be less than end date for Item {0},Datum zahájení by mělo být dřívější než datum ukončení pro položku {0},
Start date should be less than end date for task {0},Datum zahájení by mělo být dřívější než datum ukončení pro úkol {0},
Start Date should be lower than End Date,Datum zahájení by mělo být dřívější než datum ukončení,
Start date: {0},Datum zahájení: {0},
Start entering data below this line,Začněte zadávat data pod touto čarou,
Start Import,Zahájit import,
Start Job,Zahájit úlohu,
Start Merge,Zahájit sloučení,
Start new Format,Zahájit nový formát,
Start Recording,Zahájit nahrávání,
Start Reposting,Zahájit přeúčtování,
Start Time,Čas zahájení,
Start time and end time cannot be same.,Čas zahájení a čas ukončení nesmí být stejné.,
Start Time can't be greater than or equal to End Time for {0}.,Čas zahájení nesmí být pro {0} vyšší nebo roven času ukončení.,
Start Timer,Spustit časovač,
Start Year,Počáteční rok,
Start Year and End Year are mandatory,Počáteční a koncový rok jsou povinné,
Started,Zahájeno,
Started a background job to create {1} {0}. {2},Byla zahájena úloha na pozadí pro vytvoření {1} {0}. {2},
Started At,Zahájeno v,
Starting Frappe ...,Spouštění Frappe...,
Starting location from left edge,Počáteční poloha od levého okraje,
Starting position from top edge,Počáteční poloha od horního okraje,
starting the setup...,spouští se nastavení...,
Starts on,Začíná dne,
State,Kraj/stát,
State/Province,Kraj/stát,
Statement Format,Formát výpisu,
Statement Of Accounts,Výpis účtů,
Statement PDF Password,Heslo PDF výpisu,
Statement Period,Období výpisu,
States,Státy/kraje,
Static Parameters,Statické parametry,
Statistical Component,Statistická složka,
Statistics,Statistiky,
Stats,Statistiky,
Stats Time Interval,Časový interval statistik,
Status,Stav,
status,Stav,
Status and Reference,Stav a reference,
Status Details,Podrobnosti stavu,
Status for Other Half,Stav pro druhou polovinu dne,
Status Illustration,Ilustrace stavu,
Status must be Cancelled or Completed,Stav musí být Stornováno nebo Dokončeno,
Status must be one of {0},Stav musí být jeden z {0},
Status set to rejected as there are one or more rejected readings.,"Stav nastaven na zamítnuto, protože existuje jedno nebo více zamítnutých měření.",
Status Updated. The email will be picked up in the next scheduled run.,Stav byl aktualizován. E-mail bude zpracován při dalším plánovaném spuštění.,
Step,Krok,
Steps,Kroky,
Sticky,Připnuté,
Stock,Sklad,
Stock Adjustment,Skladová úprava,
Stock Adjustment Account,Účet skladové úpravy,
Stock Ageing,Stáří zásob,
Stock Analytics,Skladová analytika,
Stock and Account Value Comparison,Porovnání skladové a účetní hodnoty,
Stock and accounting values could not be reconciled by reposting for {0}.,Skladovou a účetní hodnotu nebylo možné sesouhlasit přeúčtováním pro {0}.,
Stock and Manufacturing,Sklad a výroba,
Stock Asset Account,Účet skladového majetku,
Stock Assets,Skladový majetek,
Stock Available,Dostupné zásoby,
Stock Balance,Skladový zůstatek,
Stock Balance Report,Report skladového zůstatku,
Stock cannot be reserved in group warehouse {0}.,Zásoby nelze rezervovat ve skupinovém skladu {0}.,
Stock cannot be reserved in the group warehouse {0}.,Zásoby nelze rezervovat ve skupinovém skladu {0}.,
Stock cannot be updated against the following Delivery Notes: {0},Sklad nelze aktualizovat u následujících dodacích listů: {0},
Stock cannot be updated because the invoice contains a drop shipping item. Please disable 'Update Stock' or remove the drop shipping item.,"Sklad nelze aktualizovat, protože faktura obsahuje položku přímé dodávky. Zakažte prosím 'Aktualizovat sklad' nebo odeberte položku přímé dodávky.",
Stock cannot be updated for Purchase Invoice {0} because a Purchase Receipt {1} has already been created for this transaction. Please disable the 'Update Stock' checkbox in the Purchase Invoice and save the invoice.,"Sklad nelze aktualizovat pro přijatou fakturu {0}, protože k této transakci již byla vytvořena příjemka {1}. Zrušte prosím zaškrtnutí 'Aktualizovat sklad' na přijaté faktuře a fakturu uložte.",
Stock Capacity,Skladová kapacita,
Stock Closing,Skladová uzávěrka,
Stock Closing Balance,Zůstatek skladové uzávěrky,
Stock Closing Entry,Záznam skladové uzávěrky,
Stock Closing Entry In Progress,Záznam skladové uzávěrky probíhá,
Stock Closing Entry Outdated,Záznam skladové uzávěrky je zastaralý,
Stock Closing Entry Required,Je vyžadován záznam skladové uzávěrky,
Stock Closing Entry {0} already exists for the selected date range,Záznam skladové uzávěrky {0} pro vybrané období již existuje,
Stock Closing Entry {0} belongs to a closed accounting period. Cancel the Period Closing Voucher {1} first.,Záznam skladové uzávěrky {0} patří k uzavřenému účetnímu období. Nejprve stornujte doklad o uzávěrce období {1}.,
"Stock Closing Entry {0} has been queued for processing, system will take sometime to complete it.","Záznam skladové uzávěrky {0} byl zařazen do fronty ke zpracování, systém bude nějakou dobu potřebovat k jeho dokončení.",
Stock Closing Log,Protokol skladové uzávěrky,
Stock Details,Podrobnosti skladu,
Stock Entries already created for Work Order {0}: {1},Skladové pohyby již byly vytvořeny pro výrobní příkaz {0}: {1},
"Stock entries exist with the old account. Changing the account may lead to a mismatch between the warehouse closing balance and the account closing balance. The overall closing balance will still match, but not for the specific account.","Se starým účtem existují skladové pohyby. Změna účtu může vést k nesouladu mezi konečným zůstatkem skladu a konečným zůstatkem účtu. Celkový konečný zůstatek bude i nadále souhlasit, ale ne u konkrétního účtu.",
Stock Entry,Skladový pohyb,
Stock Entry (Outward GIT),Skladový pohyb (odchozí zboží na cestě),
Stock Entry Child,Podřízený záznam skladového pohybu,
Stock Entry Detail,Podrobnost skladového pohybu,
Stock Entry Item,Položka skladového pohybu,
Stock Entry Type,Typ skladového pohybu,
Stock Entry {0} created,Skladový pohyb {0} byl vytvořen,
Stock Entry {0} has created,Skladový pohyb {0} byl vytvořen,
Stock Entry {0} is not submitted,Skladový pohyb {0} není odeslán,
Stock Expense,Skladový náklad,
Stock Expense Accounting,Účtování skladových nákladů,
Stock Expenses,Skladové náklady,
Stock Frozen,Sklad zmrazen,
Stock frozen up to,Sklad zmrazen do,
Stock has been unreserved for work order {0}.,Rezervace zásob pro výrobní příkaz {0} byla zrušena.,
Stock In Hand,Zásoby na skladě,
Stock Items,Skladové položky,
Stock Ledger,Skladová kniha,
Stock Ledger Entries and GL Entries are reposted for the selected Purchase Receipts,Záznamy skladové knihy a záznamy hlavní knihy byly přeúčtovány pro vybrané příjemky,
Stock Ledger Entry,Záznam skladové knihy,
Stock Ledger ID,ID skladové knihy,
Stock Ledger Invariant Check,Kontrola invariantu skladové knihy,
Stock Ledger Variance,Odchylka skladové knihy,
Stock Levels,Úrovně zásob,
Stock Levels HTML,HTML úrovní zásob,
Stock Liabilities,Skladové závazky,
Stock Movement,Pohyb zásob,
Stock not available for Item {0} in Warehouse {1}.,Zásoby pro položku {0} nejsou ve skladu {1} k dispozici.,
Stock not available to reserve for the Item {0} in Warehouse {1}.,Zásoby k rezervaci pro položku {0} nejsou ve skladu {1} k dispozici.,
Stock Planning,Plánování zásob,
Stock Projected Qty,Předpokládané množství zásob,
Stock Qty,Skladové množství,
Stock Qty vs Batch Qty,Skladové množství vs. množství šarže,
Stock Qty vs Serial No Count,Skladové množství vs. počet sériových čísel,
Stock quantity not enough for Item Code: {0} under warehouse {1}. Available quantity {2} {3}.,Nedostatečné skladové množství pro kód položky: {0} ve skladu {1}. Dostupné množství {2} {3}.,
Stock Received But Not Billed,"Přijaté, ale nevyfakturované zásoby",
Stock Reconciliation,Skladová inventura,
Stock Reconciliation Item,Položka skladové inventury,
Stock Reconciliations,Skladové inventury,
Stock Reports,Skladové reporty,
Stock Reposting Settings,Nastavení přeúčtování skladu,
Stock Reservation,Skladová rezervace,
Stock Reservation can only be created against {0}.,Skladovou rezervaci lze vytvořit pouze vůči {0}.,
Stock Reservation Entries Cancelled,Záznamy skladové rezervace byly stornovány,
Stock Reservation Entries Created,Záznamy skladové rezervace byly vytvořeny,
Stock Reservation Entries created,Záznamy skladové rezervace byly vytvořeny,
Stock Reservation Entry,Záznam skladové rezervace,
Stock Reservation Entry cannot be updated as it has been delivered.,"Záznam skladové rezervace nelze aktualizovat, protože byl doručen.",
"Stock Reservation Entry created against a Pick List cannot be updated. If you need to make changes, we recommend canceling the existing entry and creating a new one.","Záznam skladové rezervace vytvořený k vychystávacímu seznamu nelze aktualizovat. Pokud potřebujete provést změny, doporučujeme stornovat existující záznam a vytvořit nový.",
Stock Reservation Warehouse Mismatch,Neshoda skladu skladové rezervace,
Stock Reserved Qty,Rezervované skladové množství,
Stock Reserved Qty (in Stock UOM),Rezervované skladové množství (v měrné jednotce skladu),
Stock Settings,Nastavení skladu,
Stock Summary,Souhrn skladu,
Stock Transactions,Skladové transakce,
Stock transactions before {0} are frozen,Skladové transakce před {0} jsou zmrazené,
"Stock transactions dated on or before {0} are frozen because the period is closed and the Stock Closing Entry {1} has been generated. To make changes, cancel the Period Closing Voucher first.","Skladové transakce s datem {0} nebo starším jsou zmrazené, protože období je uzavřeno a byl vygenerován záznam skladové uzávěrky {1}. Pro provedení změn nejprve stornujte doklad o uzávěrce období.",
Stock transactions were created or modified after the Stock Closing Entry {0} was generated. Regenerate it before submitting the Period Closing Voucher.,Skladové transakce byly vytvořeny nebo upraveny po vygenerování záznamu skladové uzávěrky {0}. Před odesláním dokladu o uzávěrce období jej znovu vygenerujte.,
Stock Unreservation,Zrušení skladové rezervace,
Stock UOM,Skladová měrná jednotka,
Stock Uom,Skladová měrná jednotka,
Stock Update Not Allowed,Aktualizace skladu není povolena,
Stock Validations,Validace skladu,
Stock Value,Skladová hodnota,
Stock Value by Item Group,Skladová hodnota podle skupiny položek,
Stock Value Mismatch,Neshoda skladové hodnoty,
Stock/Accounts can not be frozen as processing of backdated entries is going on. Please try again later.,"Sklad/účty nelze zmrazit, protože právě probíhá zpracování zpětně datovaných záznamů. Zkuste to prosím později.",
Stop,Zastavit,
Stop Reason,Důvod zastavení,
Stopped,Zastaveno,
"Stopped Work Order cannot be cancelled, Unstop it first to cancel","Zastavený výrobní příkaz nelze stornovat, nejprve jej obnovte a poté stornujte",
Storage Usage (MB),Využití úložiště (MB),
Storage Usage By Table,Využití úložiště podle tabulky,
Store Attached PDF Document,Uložit přiložený PDF dokument,
Store the API secret securely. It won't be displayed again.,Uložte si API secret bezpečně. Znovu se již nezobrazí.,
Stores,Sklady,
Straight rows of keys are easy to guess,Rovné řady kláves lze snadno uhodnout,
Strip EXIF tags from uploaded images,Odstranit EXIF tagy z nahraných obrázků,
Structures have been assigned successfully,Struktury byly úspěšně přiřazeny,
Style,Styl,
Style Settings,Nastavení stylu,
Stylesheet,Šablona stylů,
Sub Assemblies,Podsestavy,
Sub Assemblies & Raw Materials,Podsestavy a suroviny,
Sub Assembly Item Code,Kód položky podsestavy,
Sub Assembly Item Reference,Reference na položku podsestavy,
Sub assembly item references are missing. Please fetch the sub assemblies and raw materials again.,Chybí reference na položky podsestav. Načtěte prosím podsestavy a suroviny znovu.,
Sub Assembly Items,Položky podsestav,
Sub Assembly Warehouse,Sklad podsestav,
Sub Operation,Podoperace,
Sub Operations,Podoperace,
Sub Procedure,Dílčí postup,
Sub-assembly BOM Count,Počet kusovníků podsestav,
Sub-contracting,Subdodávka,
Subcontract,Subdodávka,
Subcontract BOM,Kusovník subdodávky,
Subcontract Order,Objednávka subdodávky,
Subcontract Order Summary,Souhrn objednávky subdodávky,
Subcontract Return,Vratka subdodávky,
Subcontracted Item,Položka subdodávky,
Subcontracted Item To Be Received,Položka subdodávky k přijetí,
Subcontracted Purchase Order,Nákupní objednávka subdodávky,
Subcontracted Quantity,Množství subdodávky,
Subcontracted Raw Materials To Be Transferred,Suroviny subdodávky k převodu,
Subcontracting,Subdodávka,
Subcontracting BOM,Kusovník subdodávky,
Subcontracting Conversion Factor,Převodní faktor subdodávky,
Subcontracting Delivery,Dodávka v rámci subdodávky,
Subcontracting Finished Good,Hotový výrobek subdodávky,
Subcontracting Inward,Příchozí subdodávka,
Subcontracting Inward Order,Objednávka příchozí subdodávky,
Subcontracting Inward Order Count,Počet objednávek příchozí subdodávky,
Subcontracting Inward Order Item,Položka objednávky příchozí subdodávky,
Subcontracting Inward Order Received Item,Přijatá položka objednávky příchozí subdodávky,
Subcontracting Inward Order Secondary Item,Vedlejší položka objednávky příchozí subdodávky,
Subcontracting Inward Order Service Item,Položka služby objednávky příchozí subdodávky,
Subcontracting Order,Objednávka subdodávky,
Subcontracting Order Item,Položka objednávky subdodávky,
Subcontracting Order Service Item,Položka služby objednávky subdodávky,
Subcontracting Order Supplied Item,Dodaná položka objednávky subdodávky,
Subcontracting Order {0} created.,Objednávka subdodávky {0} byla vytvořena.,
Subcontracting Outward Order,Objednávka odchozí subdodávky,
Subcontracting Outward Order Count,Počet objednávek odchozí subdodávky,
Subcontracting Purchase Order,Nákupní objednávka subdodávky,
Subcontracting Receipt,Příjemka subdodávky,
Subcontracting Receipt Item,Položka příjemky subdodávky,
Subcontracting Receipt Supplied Item,Dodaná položka příjemky subdodávky,
Subcontracting Return,Vratka subdodávky,
Subcontracting Sales Order,Prodejní objednávka subdodávky,
Subcontracting Service Item,Položka služby subdodávky,
Subcontracting Settings,Nastavení subdodávky,
Subdomain,Subdoména,
Subject,Předmět,
Subject Field,Pole předmětu,
"Subject Field type should be Data, Text, Long Text, Small Text, Text Editor","Typ pole předmětu by měl být Data, Text, Long Text, Small Text nebo Text Editor",
Submission Date,Datum odeslání,
Submission Failed,Odeslání selhalo,
Submission of {0} before {1} is not allowed,Odeslání {0} před {1} není povoleno,
Submission Queue,Fronta odesílání,
Submit,Odeslat,
Submit Action Failed,Akce odeslání selhala,
Submit After Import,Odeslat po importu,
Submit an Issue,Nahlásit problém,
Submit button label,Popisek tlačítka Odeslat,
Submit Feedback,Odeslat zpětnou vazbu,
Submit Generated Invoices,Odeslat vygenerované faktury,
Submit Journal entries,Odeslat účetní zápisy,
Submit on Creation,Odeslat při vytvoření,
Submit Overtime Slips,Odeslat výkazy přesčasů,
Submit Proof,Odeslat doklad,
Submit Salary Slip,Odeslat výplatní pásku,
Submit this Leave Application to confirm.,Odešlete tuto žádost o volno pro potvrzení.,
Submit this to create the Employee record,Odešlete tento formulář pro vytvoření záznamu zaměstnance,
Submit this Work Order for further processing.,Odešlete tento výrobní příkaz k dalšímu zpracování.,
Submit your Quotation,Odešlete svou nabídku,
Submitted,Odesláno,
submitted,odesláno,
Submitted Document cannot be converted back to draft. Transition row {0},Odeslaný dokument nelze převést zpět na koncept. Přechodový řádek {0},
Submitted Job Card cannot be processed.,Odeslanou výrobní kartu nelze zpracovat.,
submitted this document,odeslal(a) tento dokument,
Submitted via Payroll Entry,Odesláno přes zpracování mezd,
Submitting Salary Slips and creating Journal Entry...,Odesílání výplatních pásek a vytváření účetního zápisu...,
Submitting Salary Slips...,Odesílání výplatních pásek...,
Submitting {0},Odesílání {0},
Subscription,Předplatné,
Subscription End Date,Datum ukončení předplatného,
Subscription End Date is mandatory to follow calendar months,Datum ukončení předplatného je povinné pro dodržování kalendářních měsíců,
Subscription End Date must be after {0} as per the subscription plan,Datum ukončení předplatného musí být podle plánu předplatného po {0},
Subscription for Future dates cannot be processed.,Předplatné pro budoucí data nelze zpracovat.,
Subscription Invoice,Faktura předplatného,
subscription is already cancelled.,předplatné je již stornováno.,
Subscription Management,Správa předplatného,
Subscription Period,Období předplatného,
Subscription Plan,Plán předplatného,
Subscription Plan Detail,Podrobnost plánu předplatného,
Subscription Plans,Plány předplatného,
Subscription Price Based On,Cena předplatného založená na,
Subscription Settings,Nastavení předplatného,
Subscription Start Date,Datum zahájení předplatného,
Subscriptions,Předplatná,
Subsidiary companies have already planned for {1} vacancies at a budget of {2}. Staffing Plan for {0} should allocate more vacancies and budget for {3} than planned for its subsidiary companies,"Dceřiné firmy již naplánovaly {1} volných pozic s rozpočtem {2}. Plán personálního obsazení pro {0} by měl přidělit více volných pozic a rozpočet pro {3}, než je naplánováno pro jeho dceřiné firmy",
Subtitle,Podtitul,
Succeeded,Úspěšně dokončeno,
Succeeded Entries,Úspěšné záznamy,
Success,Úspěch,
Success Action,Akce při úspěchu,
Success message,Zpráva o úspěchu,
Success Redirect URL,URL přesměrování při úspěchu,
Success title,Nadpis úspěchu,
Success URI,URI při úspěchu,
Success URL,URL při úspěchu,
Successful Job Count,Počet úspěšných úloh,
Successful Transactions,Úspěšné transakce,
Successful: {0} to {1},Úspěšné: {0} do {1},
"Successfully changed Stock UOM, please redefine conversion factors for new UOM.","Skladová měrná jednotka byla úspěšně změněna, znovu prosím definujte převodní faktory pro novou měrnou jednotku.",
Successfully created {0} for employees:,Úspěšně vytvořeno {0} pro zaměstnance:,
Successfully imported {0},Úspěšně importováno {0},
Successfully imported {0} out of {1} records.,Úspěšně importováno {0} z {1} záznamů.,
"Successfully imported {0} record out of {1}. Click on Export Errored Rows, fix the errors and import again.","Úspěšně importován {0} záznam z {1}. Klikněte na Exportovat chybné řádky, opravte chyby a importujte znovu.",
Successfully imported {0} record.,Úspěšně importován {0} záznam.,
"Successfully imported {0} records out of {1}. Click on Export Errored Rows, fix the errors and import again.","Úspěšně importováno {0} záznamů z {1}. Klikněte na Exportovat chybné řádky, opravte chyby a importujte znovu.",
Successfully imported {0} records.,Úspěšně importováno {0} záznamů.,
Successfully linked to Customer,Úspěšně propojeno s klientem,
Successfully linked to Supplier,Úspěšně propojeno s dodavatelem,
Successfully merged {0} out of {1}.,Úspěšně sloučeno {0} z {1}.,
Successfully Reconciled,Úspěšně sesouhlaseno,
Successfully reset onboarding status for all users.,Stav zaškolení byl úspěšně resetován pro všechny uživatele.,
Successfully Set Supplier,Dodavatel byl úspěšně nastaven,
Successfully signed out,Úspěšně odhlášeno,
Successfully Updated,Úspěšně aktualizováno,
Successfully updated {0},Úspěšně aktualizováno {0},
Successfully updated {0} out of {1} records.,Úspěšně aktualizováno {0} z {1} záznamů.,
"Successfully updated {0} record out of {1}. Click on Export Errored Rows, fix the errors and import again.","Úspěšně aktualizován {0} záznam z {1}. Klikněte na Exportovat chybné řádky, opravte chyby a importujte znovu.",
Successfully updated {0} record.,Úspěšně aktualizován {0} záznam.,
"Successfully updated {0} records out of {1}. Click on Export Errored Rows, fix the errors and import again.","Úspěšně aktualizováno {0} záznamů z {1}. Klikněte na Exportovat chybné řádky, opravte chyby a importujte znovu.",
Successfully updated {0} records.,Úspěšně aktualizováno {0} záznamů.,
Suggest Optimizations,Navrhnout optimalizace,
Suggested Indexes,Navrhované indexy,
Suggested Username: {0},Navrhované uživatelské jméno: {0},
Sum of benefit amounts {0} exceeds maximum limit of {1},Součet částek benefitů {0} přesahuje maximální limit {1},
Summarized View,Souhrnné zobrazení,
Summary,Souhrn,
Summary for this month and pending activities,Souhrn za tento měsíc a čekající aktivity,
Summary for this week and pending activities,Souhrn za tento týden a čekající aktivity,
Sunday,Neděle,
Supplied Item,Dodaná položka,
Supplied Items,Dodané položky,
Supplied Qty,Dodané množství,
Supplier,Dodavatel,
Supplier > Supplier Type,Dodavatel > Typ dodavatele,
Supplier Address,Adresa dodavatele,
Supplier Address Details,Podrobnosti adresy dodavatele,
Supplier Addresses And Contacts,Adresy a kontakty dodavatele,
Supplier Contact,Kontakt dodavatele,
Supplier Defaults,Výchozí hodnoty dodavatele,
Supplier delivers to Customer,Dodavatel dodává přímo klientovi,
Supplier Delivery Note,Dodací list dodavatele,
Supplier Details,Podrobnosti dodavatele,
Supplier Group,Skupina dodavatelů,
Supplier Group Item,Položka skupiny dodavatelů,
Supplier Group Name,Název skupiny dodavatelů,
Supplier Info,Informace o dodavateli,
Supplier Invoice,Faktura dodavatele,
Supplier Invoice Date,Datum faktury dodavatele,
Supplier Invoice No,Číslo faktury dodavatele,
Supplier Invoice No exists in Purchase Invoice {0},Číslo faktury dodavatele již existuje v přijaté faktuře {0},
Supplier is required for all selected Items,Dodavatel je povinný pro všechny vybrané položky,
Supplier Item,Položka dodavatele,
Supplier Lead Time (days),Dodací lhůta dodavatele (dny),
Supplier Ledger,Kniha dodavatele,
Supplier Ledger Summary,Souhrn knihy dodavatele,
Supplier Name,Název dodavatele,
Supplier Naming By,Pojmenování dodavatele podle,
Supplier Number,Číslo dodavatele,
Supplier Number At Customer,Číslo dodavatele u klienta,
Supplier Numbers,Čísla dodavatele,
Supplier Part No,Katalogové číslo dodavatele,
Supplier Part Number,Katalogové číslo dodavatele,
Supplier Portal Users,Uživatelé portálu dodavatele,
Supplier Quotation,Nabídka dodavatele,
Supplier Quotation Comparison,Porovnání nabídek dodavatelů,
Supplier Quotation Item,Položka nabídky dodavatele,
Supplier Quotation {0} already exists against Request for Quotation {1},Nabídka dodavatele {0} pro poptávku {1} již existuje,
Supplier Quotation {0} Created,Nabídka dodavatele {0} byla vytvořena,
Supplier Required,Dodavatel je povinný,
Supplier Score,Skóre dodavatele,
Supplier Scorecard,Hodnoticí karta dodavatele,
Supplier Scorecard Criteria,Kritéria hodnoticí karty dodavatele,
Supplier Scorecard Period,Období hodnoticí karty dodavatele,
Supplier Scorecard Scoring Criteria,Kritéria bodování hodnoticí karty dodavatele,
Supplier Scorecard Scoring Standing,Stupeň bodování hodnoticí karty dodavatele,
Supplier Scorecard Scoring Variable,Proměnná bodování hodnoticí karty dodavatele,
Supplier Scorecard Setup,Nastavení hodnoticí karty dodavatele,
Supplier Scorecard Standing,Stupeň hodnoticí karty dodavatele,
Supplier Scorecard Variable,Proměnná hodnoticí karty dodavatele,
Supplier Type,Typ dodavatele,
Supplier Warehouse,Sklad dodavatele,
Supplier {0} not found in {1},Dodavatel {0} nebyl nalezen v {1},
Supplier(s),Dodavatel(é),
Suppliers,Dodavatelé,
Supplies subject to the reverse charge provision,Dodávky podléhající režimu přenesení daňové povinnosti,
Supply,Dodávka,
Support,Podpora,
Support Hour Distribution,Rozdělení hodin podpory,
Support Portal,Portál podpory,
Support Search Source,Zdroj vyhledávání podpory,
Support Settings,Nastavení podpory,
Support Tickets,Tikety podpory,
Suspected Discount Amount,Podezřelá výše slevy,
Suspend Sending,Pozastavit odesílání,
Suspended,Pozastaveno,
SWIFT Number,Číslo SWIFT,
SWIFT number,Číslo SWIFT,
Switch Between Payment Modes,Přepínat mezi způsoby platby,
Symbol,Symbol,
symbol,symbol,
Sync,Synchronizovat,
Sync Calendar,Synchronizovat kalendář,
Sync Contacts,Synchronizovat kontakty,
Sync Data,Synchronizovat data,
Sync events from Google as public,Synchronizovat události z Google jako veřejné,
Sync In Batches,Synchronizovat po dávkách,
Sync Now,Synchronizovat nyní,
Sync on Migrate,Synchronizovat při migraci,
Sync Serial No Status,Synchronizovat stav sériového čísla,
Sync Started,Synchronizace byla zahájena,
Sync Timeout (Seconds),Časový limit synchronizace (sekundy),
"Sync token was invalid and has been reset, Retry syncing.",Synchronizační token byl neplatný a byl resetován. Zkuste synchronizaci znovu.,
Sync with Google Calendar,Synchronizovat s Google Kalendářem,
Sync with Google Contacts,Synchronizovat s Google Kontakty,
Sync {0},Synchronizovat {0},
Sync {0} Fields,Synchronizovat pole {0},
Synced,Synchronizováno,
Synced Fields,Synchronizovaná pole,
Synchronize all accounts every hour,Synchronizovat všechny účty každou hodinu,
Syncing,Synchronizace,
Syncing {0} of {1},Synchronizace {0} z {1},
Syntax Error,Syntaktická chyba,
Syntax error,Syntaktická chyba,
Syntax error in condition: {0} in Income Tax Slab,Syntaktická chyba v podmínce: {0} v daňovém pásmu,
System,Systém,
System Console,Systémová konzole,
System Generated Fields can not be renamed,Systémem generovaná pole nelze přejmenovat,
System Health Report,Report stavu systému,
System Health Report Errors,Chyby reportu stavu systému,
System Health Report Failing Jobs,Selhávající úlohy reportu stavu systému,
System Health Report Queue,Fronta reportu stavu systému,
System Health Report Tables,Tabulky reportu stavu systému,
System Health Report Workers,Pracovní procesy reportu stavu systému,
System In Use,Systém se používá,
System Manager,Správce systému,
System Manager privileges required.,Jsou vyžadována oprávnění správce systému.,
System Page,Systémová stránka,
System Settings,Nastavení systému,
System Users,Systémoví uživatelé,
System will not check over billing since amount for Item {0} in {1} is zero,"Systém nebude kontrolovat přefakturaci, protože částka pro položku {0} v {1} je nulová",
Tab,Karta,
Tab 1 Content,Obsah karty 1,
Tab 1 Title,Název karty 1,
Tab 2 Content,Obsah karty 2,
Tab 2 Title,Název karty 2,
Tab 3 Content,Obsah karty 3,
Tab 3 Title,Název karty 3,
Tab 4 Content,Obsah karty 4,
Tab 4 Title,Název karty 4,
Tab 5 Content,Obsah karty 5,
Tab 5 Title,Název karty 5,
Tab 6 Content,Obsah karty 6,
Tab 6 Title,Název karty 6,
Table,Tabulka,
Table Field,Pole tabulky,
Table Fieldname,Název pole tabulky,
Table Fieldname Missing,Chybí název pole tabulky,
Table HTML,HTML tabulky,
"Table MultiSelect requires a table with at least one Link field, but none was found in {0}","Table MultiSelect vyžaduje tabulku s alespoň jedním polem Link, ale žádné nebylo nalezeno v {0}",
Table Trimmed,Tabulka byla oříznuta,
Table {0} cannot be empty,Tabulka {0} nesmí být prázdná,
Tag,Štítek,
Tag Link,Odkaz štítku,
Tap,Klepnutí,
Target,Cíl,
Target  Amount,Cílová částka,
Target ({}),Cíl ({}),
Target Asset,Cílový majetek,
Target Asset {0} cannot be cancelled,Cílový majetek {0} nelze stornovat,
Target Asset {0} cannot be submitted,Cílový majetek {0} nelze odeslat,
Target Asset {0} cannot be {1},Cílový majetek {0} nemůže být {1},
Target Asset {0} does not belong to company {1},Cílový majetek {0} nepatří firmě {1},
Target Asset {0} needs to be composite asset,Cílový majetek {0} musí být složený majetek,
Target Detail,Podrobnost cíle,
Target Details,Podrobnosti cíle,
Target Distribution,Rozložení cíle,
Target Exchange Rate,Cílový směnný kurz,
Target Fieldname (Stock Ledger Entry),Název cílového pole (záznam skladové knihy),
Target Fixed Asset Account,Cílový účet dlouhodobého majetku,
Target Incoming Rate,Cílová vstupní cena,
Target Item Code,Kód cílové položky,
Target Item {0} must be a Fixed Asset item,Cílová položka {0} musí být položkou dlouhodobého majetku,
Target Location,Cílové umístění,
Target Location is required for transferring Asset {0},Cílové umístění je povinné pro přesun majetku {0},
Target Location is required while receiving Asset {0},Cílové umístění je povinné při přijetí majetku {0},
Target On,Cíl dne,
Target Qty,Cílové množství,
Target Warehouse,Cílový sklad,
Target Warehouse Address,Adresa cílového skladu,
Target Warehouse Address Link,Odkaz na adresu cílového skladu,
Target Warehouse for Finished Good must be same as Finished Good Warehouse {1} in Work Order {2} linked to the Subcontracting Inward Order.,Cílový sklad pro hotový výrobek musí být stejný jako sklad hotových výrobků {1} ve výrobním příkazu {2} propojeném s objednávkou příchozí subdodávky.,
Target warehouse is mandatory for row {0},Cílový sklad je povinný na řádku {0},
Target Warehouse is required before Submit,Cílový sklad je před odesláním povinný,
Target Warehouse is set for some items but the customer is not an internal customer.,"Cílový sklad je nastaven u některých položek, ale klient není interním klientem.",
Target Warehouse Reservation Error,Chyba rezervace cílového skladu,
Target Warehouse {0} must be same as Delivery Warehouse {1} in the Subcontracting Inward Order Item.,Cílový sklad {0} musí být stejný jako dodací sklad {1} v položce objednávky příchozí subdodávky.,
Targets,Cíle,
Tariff Number,Celní sazební číslo,
Task,Úkol,
Task Assignee Email,E-mail řešitele úkolu,
Task Depends on,Úkol závisí na,
Task Description,Popis úkolu,
Task id is required.,ID úkolu je povinné.,
Task Name,Název úkolu,
Task Type,Typ úkolu,
Task Weight,Váha úkolu,
Task {0} depends on Task {1}. Please add Task {1} to the Tasks list.,Úkol {0} závisí na úkolu {1}. Přidejte prosím úkol {1} do seznamu úkolů.,
Tasks,Úkoly,
Tasks Completed,Dokončené úkoly,
Tasks Overdue,Úkoly po termínu,
Tax,Daň,
Tax & Benefits,Daně a benefity,
Tax Account,Daňový účet,
Tax Amount,Výše daně,
Tax Amount After Discount Amount,Výše daně po slevě,
Tax Amount After Discount Amount (Company Currency),Výše daně po slevě (měna firmy),
Tax Assets,Daňová aktiva,
Tax Breakup,Rozpis daně,
Tax Category,Daňová kategorie,
"Tax Category has been changed to ""Total"" because all the Items are non-stock items","Daňová kategorie byla změněna na ""Celkem"", protože všechny položky jsou neskladové",
Tax Deducted Till Date,Sražená daň k datu,
Tax Exemption Category,Kategorie daňové výjimky,
Tax Exemption Declaration,Prohlášení o daňové výjimce,
Tax Exemption Proofs,Doklady o daňové výjimce,
Tax Expense,Daňový náklad,
Tax ID,Daňové identifikační číslo,
Tax Id,Daňové identifikační číslo,
Tax Identification,Daňová identifikace,
Tax Masters,Daňové číselníky,
Tax on additional salary,Daň z dodatečné mzdy,
Tax on flexible benefit,Daň z flexibilního benefitu,
Tax Rate,Sazba daně,
Tax Rate %,Sazba daně %,
Tax Rates,Sazby daně,
Tax Refunds provided to Tourists under the Tax Refunds for Tourists Scheme,Vrácení daně poskytnuté turistům v rámci systému vrácení daně turistům,
Tax Row,Řádek daně,
Tax Rule,Daňové pravidlo,
Tax Rule Conflicts with {0},Daňové pravidlo je v konfliktu s {0},
Tax Settings,Nastavení daní,
Tax Setup,Nastavení daní,
Tax Template,Daňová šablona,
Tax Template is mandatory.,Daňová šablona je povinná.,
Tax Total,Celková daň,
Tax Type,Typ daně,
Tax Withholding,Srážková daň,
Tax Withholding Account,Účet srážkové daně,
Tax Withholding Category,Kategorie srážkové daně,
Tax Withholding Details,Podrobnosti srážkové daně,
Tax Withholding Entries,Záznamy srážkové daně,
Tax Withholding Entry,Záznam srážkové daně,
Tax Withholding Group,Skupina srážkové daně,
Tax Withholding Rate,Sazba srážkové daně,
Tax Withholding Rates,Sazby srážkové daně,
Taxable Amount,Zdanitelná částka,
Taxable Date,Datum zdanění,
Taxable Document Name,Název zdanitelného dokladu,
Taxable Document Type,Typ zdanitelného dokladu,
Taxable Earnings Till Date,Zdanitelný příjem k datu,
Taxable Income Relief Threshold Limit,Limit úlevy na zdanitelný příjem,
Taxable Salary Slab,Zdanitelné mzdové pásmo,
Taxable Salary Slabs,Zdanitelná mzdová pásma,
Taxes,Daně,
Taxes & Charges,Daně a poplatky,
Taxes and Charges,Daně a poplatky,
Taxes and Charges Added,Přidané daně a poplatky,
Taxes and Charges Added (Company Currency),Přidané daně a poplatky (měna firmy),
Taxes and Charges Calculation,Výpočet daní a poplatků,
Taxes and Charges Deducted,Odečtené daně a poplatky,
Taxes and Charges Deducted (Company Currency),Odečtené daně a poplatky (měna firmy),
Taxes and Charges on Income Tax,Daně a poplatky z daně z příjmu,
Taxes row #{0}: {1} cannot be smaller than {2},"Daně, řádek č. {0}: {1} nesmí být menší než {2}",
TDS Computation Summary,Souhrn výpočtu srážkové daně (TDS),
TDS Deducted,Sražená daň TDS,
TDS Payable,Splatná daň TDS,
Team,Tým,
Team Advances,Zálohy týmu,
Team Claims,Vyúčtování výdajů týmu,
Team Leaves,Volno týmu,
Team Member,Člen týmu,
Team Members,Členové týmu,
Team Members Heading,Nadpis členů týmu,
Team Members Subtitle,Podtitul členů týmu,
Team Requests,Žádosti týmu,
Team Updates,Aktualizace týmu,
Telemetry,Telemetrie,
Telephone Expenses,Náklady na telefon,
Telephony Call Type,Typ telefonního hovoru,
Template,Šablona,
Template Error,Chyba šablony,
Template File,Soubor šablony,
Template Item,Šablonová položka,
Template Item Selected,Vybrána šablonová položka,
Template Name,Název šablony,
Template Options,Možnosti šablony,
Template Task,Šablona úkolu,
Template Title,Název šablony,
Template Warnings,Upozornění šablony,
Temporarily Disabled,Dočasně zakázáno,
Temporarily on Hold,Dočasně pozastaveno,
Temporary,Dočasné,
Temporary Accounts,Dočasné účty,
temporary name,dočasný název,
Temporary Opening,Dočasné otevření,
Temporary Opening Account,Účet dočasného otevření,
Tenure,Doba trvání,
Term Details,Podrobnosti období,
Terms,Podmínky,
Terms & Conditions,Obchodní podmínky,
Terms and Conditions,Obchodní podmínky,
Terms and Conditions Content,Obsah obchodních podmínek,
Terms and Conditions Details,Podrobnosti obchodních podmínek,
Terms and Conditions Help,Nápověda k obchodním podmínkám,
Terms and Conditions Template,Šablona obchodních podmínek,
Terms Template,Šablona podmínek,
Territory,Teritorium,
territory,teritorium,
Territory Item,Položka teritoria,
Territory Manager,Manažer teritoria,
Territory Name,Název teritoria,
Territory Target Variance Based On Item Group,Odchylka cíle teritoria podle skupiny položek,
Territory Targets,Cíle teritoria,
Territory-wise Sales,Prodej podle teritoria,
Test Data,Testovací data,
Test Job ID,ID testovací úlohy,
Testimonials,Reference,
Text Align,Zarovnání textu,
Text Color,Barva textu,
Text Content,Textový obsah,
Thank you,Děkujeme,
Thank you for reaching out to us. We will get back to you at the earliest.,"Děkujeme, že jste nás kontaktovali. Ozveme se vám co nejdříve.",
Thank you for your business!,Děkujeme za vaši spolupráci!,
The 'From Package No.' field must neither be empty nor it's value less than 1.,Pole 'Od čísla balíku' nesmí být prázdné ani mít hodnotu menší než 1.,
"The Access to Request for Quotation From Portal is Disabled. To Allow Access, Enable it in Portal Settings.",Přístup k poptávkám z portálu je zakázán. Pro povolení přístupu jej povolte v nastavení portálu.,
The account type of {0} cannot be changed from {1} because stock ledger entries exist against it.,"Typ účtu {0} nelze změnit z {1}, protože k němu existují záznamy skladové knihy.",
The allocated amount is greater than the outstanding amount of Payment Request {0},Přidělená částka je vyšší než nesplacená částka platebního požadavku {0},
The amount exceeds the available balance for Employee Advance {0}. Available amount for return: {1}.,Částka přesahuje dostupný zůstatek zálohy zaměstnanci {0}. Dostupná částka k vrácení: {1}.,
The amount of {0} set in this payment request is different from the calculated amount of all payment plans: {1}. Make sure this is correct before submitting the document.,"Částka {0} nastavená v tomto platebním požadavku se liší od vypočtené částky všech platebních plánů: {1}. Před odesláním dokladu se ujistěte, že je to správně.",
The bank account is disabled. Please enable it,Bankovní účet je zakázán. Povolte jej prosím,
The bank account is not a company account. Please select a company account,Bankovní účet není firemním účtem. Vyberte prosím firemní účet,
"The Batch {0} has negative batch quantity {1}. To fix this, go to the batch and click on Recalculate Batch Qty. If the issue still persists, create an inward entry.","Šarže {0} má záporné množství {1}. Pro opravu přejděte na šarži a klikněte na Přepočítat množství šarže. Pokud problém přetrvává, vytvořte příjmový záznam.",
"The batch {0} is reserved for {1} in the warehouse {2} and the remaining quantity is not enough to cover the reservations. So, cannot proceed with the {3} {4}.",Šarže {0} je rezervována pro {1} ve skladu {2} a zbývající množství nestačí k pokrytí rezervací. Proto nelze pokračovat s {3} {4}.,
The Bulk Update could not happen due to <b>{0}</b>,Hromadnou aktualizaci nebylo možné provést kvůli <b>{0}</b>,
The Campaign '{0}' already exists for the {1} '{2}',Kampaň '{0}' pro {1} '{2}' již existuje,
The changes have been reverted.,Změny byly vráceny zpět.,
The closing balance {0} of the Stock Asset accounts does not match the closing value {1} of the Stock Balance report as on {2}. Resolve the difference using the Stock Ledger Variance report before closing the period.,Konečný zůstatek {0} účtů skladového majetku neodpovídá konečné hodnotě {1} reportu skladového zůstatku k datu {2}. Před uzavřením období vyřešte rozdíl pomocí reportu odchylky skladové knihy.,
The column {0} has {1} different date formats. Automatically setting {2} as the default format as it is the most common. Please change other values in this column to this format.,"Sloupec {0} obsahuje {1} různých formátů data. Jako výchozí formát se automaticky nastavuje {2}, protože je nejběžnější. Změňte prosím ostatní hodnoty v tomto sloupci na tento formát.",
The comment cannot be empty,Komentář nesmí být prázdný,
The company {0} is not in South Africa. VAT Audit Report is only available for companies in South Africa.,Firma {0} nesídlí v Jihoafrické republice. Report kontroly DPH je dostupný pouze pro firmy v Jihoafrické republice.,
The company {0} is not in United Arab Emirates. UAE VAT 201 report is only available for companies in United Arab Emirates.,Firma {0} nesídlí ve Spojených arabských emirátech. Report UAE VAT 201 je dostupný pouze pro firmy ve Spojených arabských emirátech.,
The Company {0} of Sales Forecast {1} does not match with the Company {2} of Master Production Schedule {3}.,Firma {0} u prodejní prognózy {1} neodpovídá firmě {2} u hlavního výrobního plánu {3}.,
The completed quantity {0} of an operation {1} cannot be greater than the completed quantity {2} of a previous operation {3}.,Dokončené množství {0} operace {1} nesmí být vyšší než dokončené množství {2} předchozí operace {3}.,
The completed quantity {0} of an operation {1} cannot be greater than the manufactured quantity {2} of a previous operation {3}. Submit the manufacturing entry for the operation {3} first.,Dokončené množství {0} operace {1} nesmí být vyšší než vyrobené množství {2} předchozí operace {3}. Nejprve odešlete výrobní záznam pro operaci {3}.,
The Condition '{0}' is invalid,Podmínka '{0}' je neplatná,
The configured SMTP server does not support DSN (Delivery Status Notification).,Nakonfigurovaný SMTP server nepodporuje DSN (oznámení o stavu doručení).,
The cost of the secondary items cannot exceed the raw material cost of {0}.,Náklady na vedlejší položky nesmí přesáhnout náklady na suroviny {0}.,
The currency of invoice {} ({}) is different from the currency of this dunning ({}).,Měna faktury {} ({}) se liší od měny této upomínky ({}).,
The currency of {0} should be same as the company's default currency. Please select another account.,Měna {0} by měla být stejná jako výchozí měna firmy. Vyberte prosím jiný účet.,
The current POS opening entry is outdated. Please close it and create a new one.,Aktuální zahajovací pokladní záznam POS je zastaralý. Uzavřete jej prosím a vytvořte nový.,
The day(s) on which you are applying for leave are holidays. You need not apply for leave.,"Den(dny), na které žádáte o volno, jsou svátky. Nemusíte o volno žádat.",
The days between {0} to {1} are not valid holidays.,Dny mezi {0} a {1} nejsou platnými svátky.,
The default BOM for that item will be fetched by the system. You can also change the BOM.,Systém načte výchozí kusovník pro tuto položku. Kusovník můžete také změnit.,
The default value for the Check field {0} must be either '0' or '1',"Výchozí hodnota pole zaškrtávacího políčka {0} musí být buď '0', nebo '1'",
The difference between from time and To Time must be a multiple of Appointment,Rozdíl mezi časem od a časem do musí být násobkem délky schůzky,
The Document Type {0} must have a Status field to configure Service Level Agreement,"Typ dokumentu {0} musí mít pole Stav, aby bylo možné nastavit dohodu o úrovni služeb",
The email button is enabled for the user in the document.,Tlačítko e-mailu je pro uživatele v dokumentu povoleno.,
The Excluded Fee is bigger than the Deposit it is deducted from.,"Vyloučený poplatek je vyšší než záloha, ze které je odečítán.",
The field Asset Account cannot be blank,Pole Účet majetku nesmí být prázdné,
The field Equity/Liability Account cannot be blank,Pole Účet vlastního kapitálu/závazků nesmí být prázdné,
The field From Shareholder cannot be blank,Pole Od podílníka nesmí být prázdné,
The field To Shareholder cannot be blank,Pole Podílníkovi nesmí být prázdné,
The field {0} in row {1} is not set,Pole {0} na řádku {1} není nastaveno,
The field {0} in {1} does not allow ignoring user permissions,Pole {0} v {1} neumožňuje ignorovat uživatelská oprávnění,
The field {0} in {1} links to {2} and not {3},"Pole {0} v {1} odkazuje na {2}, nikoli na {3}",
The fieldname you've specified in Attached To Field is invalid,Název pole zadaný v poli Připojeno k poli je neplatný,
The fields From Shareholder and To Shareholder cannot be blank,Pole Od podílníka a Podílníkovi nesmí být prázdná,
The File URL you've entered is incorrect,Zadaná URL adresa souboru je nesprávná,
The first Approver in the list will be set as the default Approver.,První schvalovatel v seznamu bude nastaven jako výchozí schvalovatel.,
The folio numbers are not matching,Čísla folia se neshodují,
The following assets have failed to automatically post depreciation entries: {0},U následujícího majetku se nepodařilo automaticky zaúčtovat odpisy: {0},
The following Assignment Days have been repeated: {0},Následující dny přiřazení se opakují: {0},
"The following batches are expired, please restock them: <br> {0}","Následující šarže jsou prošlé, doplňte je prosím: <br> {0}",
The following cancelled repost entries exist for <b>{0}</b>:<br><br>{1}<br><br>,Pro <b>{0}</b> existují následující stornované záznamy přeúčtování:<br><br>{1}<br><br>,
The following deleted attributes exist in Variants but not in the Template. You can either delete the Variants or keep the attribute(s) in template.,"Následující smazané atributy existují u variant, ale ne v šabloně. Můžete buď smazat varianty, nebo ponechat atributy v šabloně.",
The following employees are currently still reporting to {0}:,Následující zaměstnanci jsou nyní stále podřízeni {0}:,
The following Header Script will add the current date to an element in 'Header HTML' with class 'header-content',Následující skript záhlaví přidá aktuální datum k prvku v 'Header HTML' se třídou 'header-content',
The following invalid Pricing Rules are deleted:,Následující neplatná cenová pravidla byla smazána:,
"The following Items, having Putaway Rules, could not be accomodated:",Následující položky s pravidly uskladnění nebylo možné umístit:,
The following payment schedule(s) already exist:\n{0},"Následující platební plán(y) již existují:
{0}",
The following Purchase Invoices are not submitted:,Následující přijaté faktury nejsou odeslány:,
The following rows are duplicates:,Následující řádky jsou duplicitní:,
The following rows are not valid fields of {0} and have to be removed: {1},Následující řádky nejsou platnými poli {0} a musí být odstraněny: {1},
The following values are invalid: {0}. Values must be one of {1},Následující hodnoty jsou neplatné: {0}. Hodnoty musí být jedny z {1},
The following values do not exist for {0}: {1},Následující hodnoty pro {0} neexistují: {1},
The following vouchers are not submitted: {0},Následující doklady nejsou odeslány: {0},
The following {0} were created: {1},Byly vytvořeny následující {0}: {1},
The fraction of Daily Salary per Leave should be between 0 and 1,Podíl denní mzdy na volno by měl být mezi 0 a 1,
"The GL Entries and closing balances will be processed in the background, it can take a few minutes.","Záznamy hlavní knihy a konečné zůstatky budou zpracovány na pozadí, může to trvat několik minut.",
"The GL Entries will be cancelled in the background, it can take a few minutes.","Záznamy hlavní knihy budou stornovány na pozadí, může to trvat několik minut.",
The holiday on {0} is not between From Date and To Date,Svátek {0} neleží mezi datem od a datem do,
The item {item} is not marked as {type_of} item. You can enable it as {type_of} item from its Item master.,Položka {item} není označena jako {type_of}. Můžete ji jako {type_of} povolit v jejím kmenovém záznamu položky.,
The items {0} and {1} are present in the following {2} :,Položky {0} a {1} se nacházejí v následujícím {2}:,
The items {items} are not marked as {type_of} item. You can enable them as {type_of} item from their Item masters.,Položky {items} nejsou označeny jako {type_of}. Můžete je jako {type_of} povolit v jejich kmenových záznamech položek.,
"The Job Card {0} has only {1} left to produce, but this entry books {2} ({3} finished goods and {4} process loss). Cancel or update its other manufacture entries first.","Výrobní karta {0} má k výrobě zbývajících pouze {1}, ale tento záznam zaúčtovává {2} ({3} hotových výrobků a {4} ztráty procesu). Nejprve stornujte nebo aktualizujte její ostatní výrobní záznamy.",
The job card {0} is in {1} state and you cannot complete.,Výrobní karta {0} je ve stavu {1} a nelze ji dokončit.,
The job card {0} is in {1} state and you cannot start it again.,Výrobní karta {0} je ve stavu {1} a nelze ji znovu spustit.,
The last account row must not have any debit or credit amounts set.,Poslední řádek účtu nesmí mít nastavenu žádnou částku Má dáti ani Dal.,
The link you trying to login is invalid or expired.,"Odkaz, přes který se pokoušíte přihlásit, je neplatný nebo vypršel.",
The lowest tier must have a minimum spent amount of 0. Customers need to be part of a tier as soon as they are enrolled in the program.,Nejnižší úroveň musí mít minimální utracenou částku 0. Klienti musí být zařazeni do úrovně hned po zapojení do programu.,
The Loyalty Program isn't valid for the selected company,Věrnostní program není platný pro vybranou firmu,
"The meta description is an HTML attribute that provides a brief summary of a web page. Search engines such as Google often display the meta description in search results, which can influence click-through rates.","Meta popis je HTML atribut, který poskytuje stručné shrnutí webové stránky. Vyhledávače jako Google často zobrazují meta popis ve výsledcích vyhledávání, což může ovlivnit míru prokliku.",
"The meta image is unique image representing the content of the page. Images for this Card should be at least 280px in width, and at least 150px in height.",Meta obrázek je jedinečný obrázek reprezentující obsah stránky. Obrázky pro tuto kartu by měly mít šířku alespoň 280 px a výšku alespoň 150 px.,
The metrics for this report are calculated based on the {0}. Please set {0} in {1}.,Metriky tohoto reportu se počítají na základě {0}. Nastavte prosím {0} v {1}.,
The metrics for this report are calculated based on {0}. Please set {0} in {1}.,Metriky tohoto reportu se počítají na základě {0}. Nastavte prosím {0} v {1}.,
The Next Scheduled Date cannot be later than the End Date.,Datum dalšího plánovaného spuštění nesmí být pozdější než datum ukončení.,
The number of shares and the share numbers are inconsistent,Počet podílů a čísla podílů nejsou v souladu,
The operation {0} can not add multiple times,Operaci {0} nelze přidat vícekrát,
The operation {0} can not be the sub operation,Operace {0} nemůže být podoperací,
The original invoice should be consolidated before or along with the return invoice.,Původní faktura by měla být konsolidována před vratkovou fakturou nebo společně s ní.,
The outstanding amount {0} in {1} is lesser than {2}. Updating the outstanding to this invoice.,Nesplacená částka {0} v {1} je nižší než {2}. Nesplacená částka se u této faktury aktualizuje.,
The parent account {0} does not exists in the uploaded template,Nadřazený účet {0} v nahrané šabloně neexistuje,
The payment gateway account in plan {0} is different from the payment gateway account in this payment request,Účet platební brány v plánu {0} se liší od účtu platební brány v tomto platebním požadavku,
"The Payment Request {0} is already paid, cannot process payment twice","Platební požadavek {0} je již uhrazen, platbu nelze zpracovat dvakrát",
The Payment Term at row {0} is possibly a duplicate.,Platební podmínka na řádku {0} je pravděpodobně duplicitní.,
"The Pick List having Stock Reservation Entries cannot be updated. If you need to make changes, we recommend canceling the existing Stock Reservation Entries before updating the Pick List.","Vychystávací seznam se záznamy skladové rezervace nelze aktualizovat. Pokud potřebujete provést změny, doporučujeme před aktualizací vychystávacího seznamu stornovat existující záznamy skladové rezervace.",
The print button is enabled for the user in the document.,Tlačítko tisku je pro uživatele v dokumentu povoleno.,
The process for deletion of {0} data associated with {1} has been initiated.,Byl zahájen proces mazání dat {0} souvisejících s {1}.,
The Process Loss Qty has reset as per job cards Process Loss Qty,Množství ztráty procesu bylo resetováno podle množství ztráty procesu výrobních karet,
The Push Relay Server URL key (`push_relay_server_url`) is missing in your site config,V konfiguraci vašeho webu chybí klíč URL push relay serveru (`push_relay_server_url`),
The report you requested has been generated.<br><br>,Vámi požadovaný report byl vygenerován.<br><br>,
The reserved stock will be released. Are you certain you wish to proceed?,"Rezervované zásoby budou uvolněny. Jste si jisti, že chcete pokračovat?",
The reset password link has been expired,Odkaz pro obnovení hesla vypršel,
The reset password link has either been used before or is invalid,Odkaz pro obnovení hesla byl již použit nebo je neplatný,
The resource you are looking for is not available,"Zdroj, který hledáte, není k dispozici",
The root account {0} must be a group,Kořenový účet {0} musí být skupina,
The Sales Person is linked with {0},Obchodní zástupce je propojen s {0},
The selected BOMs are not for the same item,Vybrané kusovníky nejsou pro stejnou položku,
The selected change account {} doesn't belongs to Company {}.,Vybraný účet pro vrácení {} nepatří firmě {}.,
The selected document {0} is not a {1}.,Vybraný dokument {0} není {1}.,
The selected item cannot have Batch,Vybraná položka nemůže mít šarži,
The sell quantity is less than the total asset quantity. The remaining quantity will be split into a new asset. This action cannot be undone. <br><br><b>Do you want to continue?</b>,Prodávané množství je nižší než celkové množství majetku. Zbývající množství bude rozděleno do nového majetku. Tuto akci nelze vrátit zpět. <br><br><b>Chcete pokračovat?</b>,
The seller and the buyer cannot be the same,Prodávající a kupující nesmí být stejní,
The Serial and Batch Bundle {0} is not valid for this transaction. The 'Type of Transaction' should be 'Outward' instead of 'Inward' in Serial and Batch Bundle {0},"Svazek sériových čísel a šarží {0} není pro tuto transakci platný. ""Typ transakce"" by měl být ve svazku sériových čísel a šarží {0} ""Výdej"", nikoli ""Příjem""",
The serial and batch bundle {0} not linked to {1} {2},Svazek sériových čísel a šarží {0} není propojen s {1} {2},
The Serial No at Row #{0}: {1} is not available in warehouse {2}.,Sériové číslo na řádku č. {0}: {1} není ve skladu {2} k dispozici.,
The serial no {0} does not belong to item {1},Sériové číslo {0} nepatří k položce {1},
The Serial No {0} is reserved against the {1} {2} and cannot be used for any other transaction.,Sériové číslo {0} je rezervováno vůči {1} {2} a nelze jej použít pro jinou transakci.,
The shareholder does not belong to this company,Podílník nepatří k této firmě,
The shares already exist,Podíly již existují,
The shares don't exist with the {0},Podíly u {0} neexistují,
The Stock Closing Entry for {0} is not completed yet. Wait for it to complete before submitting the Period Closing Voucher.,Záznam skladové uzávěrky pro {0} ještě není dokončen. Před odesláním dokladu o uzávěrce období počkejte na jeho dokončení.,
"The Stock Entry of type 'Manufacture' is known as backflush. Raw materials being consumed to manufacture finished goods is known as backflushing. <br><br> When creating Manufacture Entry, raw-material items are backflushed based on BOM of production item. If you want raw-material items to be backflushed based on Material Transfer entry made against that Work Order instead, then you can set it under this field.","Skladový pohyb typu 'Výroba' se nazývá zpětný odpis (backflush). Spotřeba surovin pro výrobu hotových výrobků se nazývá backflushing. <br><br> Při vytváření výrobního záznamu jsou položky surovin odepisovány zpětně na základě kusovníku vyráběné položky. Pokud chcete, aby se položky surovin odepisovaly zpětně na základě záznamu převodu materiálu vytvořeného pro tento výrobní příkaz, můžete to nastavit v tomto poli.",
"The stock for the item {0} in the {1} warehouse was negative on the {2}. You should create a positive entry {3} before the date {4} and time {5} to post the correct valuation rate. For more details, please read the <a href='https://docs.erpnext.com/docs/user/manual/en/stock-adjustment-cogs-with-negative-stock'>documentation<a>.","Zásoby položky {0} ve skladu {1} byly k datu {2} záporné. Před datem {4} a časem {5} byste měli vytvořit kladný záznam {3}, abyste zaúčtovali správnou oceňovací cenu. Pro více informací si prosím přečtěte <a href='https://docs.erpnext.com/docs/user/manual/en/stock-adjustment-cogs-with-negative-stock'>dokumentaci<a>.",
"The stock has been reserved for the following Items and Warehouses, un-reserve the same to {0} the Stock Reconciliation: <br /><br /> {1}","Zásoby byly rezervovány pro následující položky a sklady, zrušte jejich rezervaci, abyste mohli {0} skladovou inventuru: <br /><br /> {1}",
"The sync has started in the background, please check the {0} list for new records.","Synchronizace byla zahájena na pozadí, zkontrolujte prosím seznam {0} kvůli novým záznamům.",
The system is being updated. Please refresh again after a few moments.,Systém se právě aktualizuje. Obnovte stránku prosím za chvíli znovu.,
The system provides many pre-defined roles. You can add new roles to set finer permissions.,Systém poskytuje mnoho předdefinovaných rolí. Můžete přidat nové role pro jemnější nastavení oprávnění.,
"The task has been enqueued as a background job. In case there is any issue on processing in background, the system will add a comment about the error on this Stock Reconciliation and revert to the Draft stage","Úloha byla zařazena do fronty jako úloha na pozadí. Pokud při zpracování na pozadí dojde k problému, systém přidá k této skladové inventuře komentář o chybě a vrátí ji do stavu Koncept",
"The task has been enqueued as a background job. In case there is any issue on processing in background, the system will add a comment about the error on this Stock Reconciliation and revert to the Submitted stage","Úloha byla zařazena do fronty jako úloha na pozadí. Pokud při zpracování na pozadí dojde k problému, systém přidá k této skladové inventuře komentář o chybě a vrátí ji do stavu Odesláno",
The total Issue / Transfer quantity {0} in Material Request {1}  cannot be greater than allowed requested quantity {2} for Item {3},Celkové vydané / převedené množství {0} v požadavku na materiál {1}  nesmí být vyšší než povolené požadované množství {2} pro položku {3},
The total Issue / Transfer quantity {0} in Material Request {1} cannot be greater than requested quantity {2} for Item {3},Celkové vydané / převedené množství {0} v požadavku na materiál {1} nesmí být vyšší než požadované množství {2} pro položku {3},
The uploaded file could not be parsed as a genericode XML document.,Nahraný soubor nebylo možné zpracovat jako XML dokument genericode.,
The uploaded file does not appear to be in valid MT940 format.,Nahraný soubor pravděpodobně není v platném formátu MT940.,
The uploaded file does not match the selected Code List.,Nahraný soubor neodpovídá vybranému seznamu kódů.,
The user can create a new Item but cannot edit existing items.,"Uživatel může vytvořit novou položku, ale nemůže upravovat existující položky.",
The user can delete Draft / Cancelled documents.,Uživatel může mazat dokumenty ve stavu Koncept / Stornováno.,
The user can export report data.,Uživatel může exportovat data reportu.,
The user can import new records or update existing data for the document.,Uživatel může importovat nové záznamy nebo aktualizovat existující data dokumentu.,
The user can select a Customer in Sales Order but cannot open the Customer master.,"Uživatel může v prodejní objednávce vybrat klienta, ale nemůže otevřít kmenový záznam klienta.",
The user can share document access with another user.,Uživatel může sdílet přístup k dokumentu s jiným uživatelem.,
The user can update a customer or any other fields in an existing Sales Order but cannot create a new Sales Order.,"Uživatel může aktualizovat klienta nebo jiná pole v existující prodejní objednávce, ale nemůže vytvořit novou prodejní objednávku.",
The user can view Sales Invoices but cannot modify any field values in them.,"Uživatel může zobrazovat vydané faktury, ale nemůže v nich měnit hodnoty žádných polí.",
The user cannot submit the Serial and Batch Bundle manually,Uživatel nemůže svazek sériových čísel a šarží odeslat ručně,
The User record for this request has been auto-deleted due to inactivity by system admins.,Záznam uživatele pro tento požadavek byl správci systému automaticky smazán kvůli nečinnosti.,
"The value of the field {0} is too long in the {1} document. To resolve this issue, please reduce the value length or change the {0} field Type to Long Text using customize form, and then try again.",Hodnota pole {0} je v dokumentu {1} příliš dlouhá. Pro vyřešení tohoto problému zkraťte prosím hodnotu nebo změňte typ pole {0} na Long Text pomocí Přizpůsobit formulář a zkuste to znovu.,
The value of {0} differs between Items {1} and {2},Hodnota {0} se liší mezi položkami {1} a {2},
The value {0} is already assigned to an existing Item {1}.,Hodnota {0} je již přiřazena existující položce {1}.,
The warehouse account(s) below are not of type 'Stock'. Please set a correct Stock asset account on the warehouse (Account Type must be 'Stock'):,Níže uvedené skladové účty nejsou typu 'Sklad'. Nastavte prosím na skladu správný účet skladového majetku (typ účtu musí být 'Sklad'):,
The warehouse where you store finished Items before they are shipped.,"Sklad, ve kterém uchováváte hotové položky před jejich expedicí.",
"The warehouse where you store your raw materials. Each required item can have a separate source warehouse. Group warehouse also can be selected as source warehouse. On submission of the Work Order, the raw materials will be reserved in these warehouses for production usage.","Sklad, ve kterém uchováváte suroviny. Každá požadovaná položka může mít samostatný zdrojový sklad. Jako zdrojový sklad lze vybrat i skupinový sklad. Při odeslání výrobního příkazu budou suroviny v těchto skladech rezervovány pro použití při výrobě.",
The warehouse where your Items will be transferred when you begin production. Group Warehouse can also be selected as a Work in Progress warehouse.,"Sklad, do kterého budou vaše položky převedeny při zahájení výroby. Jako sklad nedokončené výroby lze vybrat i skupinový sklad.",
The {0} is already on auto repeat {1},{0} je již v automatickém opakování {1},
"The {0} prefix '{1}' already exists. Please change the Serial No Series, otherwise you will get a Duplicate Entry error.","Předpona {0} '{1}' již existuje. Změňte prosím číselnou řadu sériových čísel, jinak obdržíte chybu duplicitního záznamu.",
The {0} {1} created successfully,{0} {1} byl úspěšně vytvořen,
The {0} {1} does not match with the {0} {2} in the {3} {4},{0} {1} neodpovídá {0} {2} v {3} {4},
The {0} {1} is used to calculate the valuation cost for the finished good {2}.,{0} {1} se používá k výpočtu oceňovacích nákladů pro hotový výrobek {2}.,
Theme,Motiv,
Theme Configuration,Konfigurace motivu,
Theme URL,URL motivu,
"Then Pricing Rules are filtered out based on Customer, Customer Group, Territory, Supplier, Supplier Type, Campaign, Sales Partner etc.","Cenová pravidla se poté filtrují podle klienta, skupiny klientů, teritoria, dodavatele, typu dodavatele, kampaně, obchodního partnera atd.",
There are active maintenance or repairs against the asset. You must complete all of them before cancelling the asset.,K tomuto majetku existují aktivní údržby nebo opravy. Před stornováním majetku musíte všechny dokončit.,
There are documents which have workflow states that do not exist in this Workflow. It is recommended that you add these states to the Workflow and change their states before removing these states.,"Existují dokumenty se stavy workflow, které v tomto workflow neexistují. Doporučujeme tyto stavy do workflow přidat a před jejich odstraněním změnit stavy těchto dokumentů.",
"There are inconsistencies between the rate, no of shares and the amount calculated","Mezi sazbou, počtem podílů a vypočtenou částkou jsou nesrovnalosti",
There are ledger entries against this account. Changing {0} to non-{1} in live system will cause incorrect output in 'Accounts {2}' report,K tomuto účtu existují záznamy v knize. Změna {0} na ne-{1} v produkčním systému způsobí nesprávný výstup v reportu 'Účty {2}',
There are more holidays than working days this month.,Tento měsíc je více svátků než pracovních dní.,
There are multiple shifts assigned to the employee for the same period. Please mention the shift,Zaměstnanci je pro stejné období přiřazeno více směn. Uveďte prosím směnu,
There are no active Fiscal Years for which Demo Data can be generated.,"Neexistují žádné aktivní fiskální roky, pro které lze vygenerovat demo data.",
There are no arrear differences between existing and new salary structure components.,Mezi existujícími a novými složkami mzdové struktury nejsou žádné nedoplatkové rozdíly.,
There are no Failed transactions,Neexistují žádné neúspěšné transakce,
There are no slots available on this date,K tomuto datu nejsou k dispozici žádné termíny,
There are no vacancies under staffing plan {0},V plánu personálního obsazení {0} nejsou žádná volná místa,
"There are two options to maintain valuation of stock. FIFO (first in - first out) and Moving Average. To understand this topic in detail please visit <a href='https://docs.frappe.io/erpnext/user/manual/en/calculation-of-valuation-rate-in-fifo-and-moving-average' target='_blank'>Item Valuation, FIFO and Moving Average.</a>","Existují dvě možnosti vedení oceňování zásob: FIFO (first in - first out) a klouzavý průměr. Pro podrobné pochopení tohoto tématu navštivte prosím <a href='https://docs.frappe.io/erpnext/user/manual/en/calculation-of-valuation-rate-in-fifo-and-moving-average' target='_blank'>Oceňování položek, FIFO a klouzavý průměr.</a>",
There aren't any item variants for the selected item,Pro vybranou položku neexistují žádné varianty,
There can be multiple tiered collection factor based on the total spent. But the conversion factor for redemption will always be same for all the tier.,Podle celkové utracené částky může existovat více úrovňových sběrných faktorů. Převodní faktor pro uplatnění bodů však bude vždy stejný pro všechny úrovně.,
There can be only 9 Page Break fields in a Web Form,Ve webovém formuláři může být pouze 9 polí zalomení stránky,
There can be only one Fold in a form,Ve formuláři může být pouze jedno rozbalení (Fold),
There can only be 1 Account per Company in {0} {1},V {0} {1} může být na firmu pouze 1 účet,
"There can only be one Shipping Rule Condition with 0 or blank value for ""To Value""","Může existovat pouze jedna podmínka přepravního pravidla s hodnotou 0 nebo prázdnou hodnotou pro ""Do hodnoty""",
There is already a valid Lower Deduction Certificate {0} for Supplier {1} against category {2} for this time period.,Pro dodavatele {1} v kategorii {2} pro toto období již existuje platný certifikát o nižší srážce {0}.,
There is already an active Subcontracting BOM {0} for the Finished Good {1}.,Pro hotový výrobek {1} již existuje aktivní kusovník subdodávky {0}.,
There is an error in your Address Template {0},Ve vaší šabloně adresy {0} je chyba,
There is no batch found against the {0}: {1},Pro {0}: {1} nebyla nalezena žádná šarže,
There is no data to be exported,Nejsou žádná data k exportu,
There is no Salary Structure assigned to {0}. First assign a Salary Structure.,Zaměstnanci {0} není přiřazena žádná mzdová struktura. Nejprve přiřaďte mzdovou strukturu.,
"There is no task called ""{}""","Neexistuje žádný úkol nazvaný ""{}""",
There is some problem with the file url: {0},S URL adresou souboru je problém: {0},
There must be atleast 1 Finished Good in this Stock Entry,V tomto skladovém pohybu musí být alespoň 1 hotový výrobek,
There must be atleast one permission rule.,Musí existovat alespoň jedno pravidlo oprávnění.,
There was an error building this page,Při sestavování této stránky došlo k chybě,
There was an error creating Bank Account while linking with Plaid.,Při vytváření bankovního účtu během propojování s Plaid došlo k chybě.,
There was an error syncing transactions.,Při synchronizaci transakcí došlo k chybě.,
There was an error updating Bank Account {} while linking with Plaid.,Při aktualizaci bankovního účtu {} během propojování s Plaid došlo k chybě.,
There was an issue connecting to Plaid's authentication server. Check browser console for more information,Při připojování k autentizačnímu serveru Plaid došlo k problému. Podrobnosti najdete v konzoli prohlížeče,
There were errors while sending email. Please try again.,Při odesílání e-mailu došlo k chybám. Zkuste to prosím znovu.,
There were issues unlinking payment entry {0}.,Při odpojování platby {0} došlo k problémům.,
"There were some errors setting the name, please contact the administrator","Při nastavování názvu došlo k chybám, obraťte se prosím na administrátora",
There's no Employee with Salary Structure: {0}. Assign {1} to an Employee to preview Salary Slip,Neexistuje žádný zaměstnanec se mzdovou strukturou: {0}. Přiřaďte {1} zaměstnanci pro náhled výplatní pásky,
Third Party Authentication,Autentizace třetí strany,
This action is irreversible. Do you wish to continue?,Tuto akci nelze vrátit zpět. Chcete pokračovat?,
This action is only allowed for {},Tato akce je povolena pouze pro {},
This action will prevent making changes to the linked appraisal feedback/goals.,Tato akce zabrání provádění změn v propojené zpětné vazbě/cílech hodnocení.,
This action will stop future billing. Are you sure you want to cancel this subscription?,Tato akce zastaví budoucí fakturaci. Opravdu chcete toto předplatné zrušit?,
This action will unlink this account from any external service integrating ERPNext with your bank accounts. It cannot be undone. Are you certain ?,Tato akce odpojí tento účet od jakékoli externí služby propojující ERPNext s vašimi bankovními účty. Nelze ji vrátit zpět. Jste si jisti?,
This asset category is marked as non-depreciable. Please disable depreciation calculation or choose a different category.,Tato kategorie majetku je označena jako neodepisovatelná. Zakažte prosím výpočet odpisů nebo zvolte jinou kategorii.,
This card is visible only to Administrator and System Managers by default. Set a DocType to share with users who have read access.,"Tato karta je ve výchozím nastavení viditelná pouze pro administrátora a správce systému. Nastavte DocType pro sdílení s uživateli, kteří mají oprávnění ke čtení.",
"This check-in is outside assigned shift hours and will not be considered for attendance. If a shift is assigned, adjust its time window and Fetch Shift again.","Tento příchod je mimo hodiny přiřazené směny a nebude započítán do docházky. Pokud je přiřazena směna, upravte její časové okno a znovu načtěte směnu.",
This compensatory leave will be applicable from {0}.,Toto náhradní volno bude platit od {0}.,
This covers all scorecards tied to this Setup,Toto zahrnuje všechny hodnoticí karty svázané s tímto nastavením,
This Currency is disabled. Enable to use in transactions,Tato měna je zakázána. Povolte ji pro použití v transakcích,
This doctype has no orphan fields to trim,Tento doctype nemá žádná osiřelá pole k oříznutí,
"This doctype has pending migrations, run 'bench migrate' before modifying the doctype to avoid losing changes.","Tento doctype má čekající migrace, před úpravou doctype spusťte 'bench migrate', abyste neztratili změny.",
This document can not be deleted right now as it's being modified by another user. Please try again after some time.,"Tento dokument nyní nelze smazat, protože jej upravuje jiný uživatel. Zkuste to prosím za chvíli znovu.",
This document has already been queued for submission. You can track the progress over {0}.,Tento dokument již byl zařazen do fronty k odeslání. Průběh můžete sledovat přes {0}.,
This document is currently locked and queued for execution. Please try again after some time.,Tento dokument je nyní uzamčen a zařazen do fronty ke zpracování. Zkuste to prosím za chvíli znovu.,
This document is over limit by {0} {1} for item {4}. Are you making another {3} against the same {2}?,Tento dokument překračuje limit o {0} {1} pro položku {4}. Vytváříte další {3} vůči stejnému {2}?,
This employee already has a log with the same timestamp.{0},Tento zaměstnanec již má záznam se stejným časovým razítkem.{0},
This error can be due to invalid formula or condition.,Tato chyba může být způsobena neplatným vzorcem nebo podmínkou.,
This error can be due to invalid syntax.,Tato chyba může být způsobena neplatnou syntaxí.,
This error can be due to missing or deleted field.,Tato chyba může být způsobena chybějícím nebo smazaným polem.,
This field allows you to set the maximum number of consecutive leaves an Employee can apply for.,"Toto pole umožňuje nastavit maximální počet po sobě jdoucích dnů volna, o které může zaměstnanec žádat.",
This field allows you to set the maximum number of leaves that can be allocated annually for this Leave Type while creating the Leave Policy,"Toto pole umožňuje nastavit maximální počet dnů volna, které lze ročně přidělit pro tento typ volna při vytváření politiky volna",
This field is used to set the 'Customer'.,Toto pole slouží k nastavení 'klienta'.,
This file is attached to a protected document and cannot be deleted.,Tento soubor je přiložen k chráněnému dokumentu a nelze jej smazat.,
This file is public. It can be accessed without authentication.,Tento soubor je veřejný. Lze k němu přistupovat bez ověření.,
This geolocation provider is not supported yet.,Tento poskytovatel geolokace zatím není podporován.,
This invoice has already been paid.,Tato faktura již byla uhrazena.,
This is a preview of the email to be sent. A PDF of the document will automatically be attached with the email.,"Toto je náhled e-mailu, který bude odeslán. K e-mailu bude automaticky přiloženo PDF dokumentu.",
This is a root account and cannot be edited.,Toto je kořenový účet a nelze jej upravovat.,
This is a root customer group and cannot be edited.,Toto je kořenová skupina klientů a nelze ji upravovat.,
This is a root department and cannot be edited.,Toto je kořenové oddělení a nelze jej upravovat.,
This is a root item group and cannot be edited.,Toto je kořenová skupina položek a nelze ji upravovat.,
This is a root sales person and cannot be edited.,Toto je kořenový obchodní zástupce a nelze jej upravovat.,
This is a root supplier group and cannot be edited.,Toto je kořenová skupina dodavatelů a nelze ji upravovat.,
This is a root territory and cannot be edited.,Toto je kořenové teritorium a nelze jej upravovat.,
This is a Template BOM and will be used to make the work order for {0} of the item {1},Toto je šablonový kusovník a bude použit k vytvoření výrobního příkazu pro {0} položky {1},
This is a top-10 common password.,Toto je jedno z 10 nejběžnějších hesel.,
This is a top-100 common password.,Toto je jedno ze 100 nejběžnějších hesel.,
This is a very common password.,Toto je velmi běžné heslo.,
This is a virtual doctype and data is cleared periodically.,Toto je virtuální doctype a data se pravidelně mažou.,
This is based on stock movement. See {0} for details,Je to založeno na pohybu zásob. Podrobnosti naleznete v {0},
This is based on the attendance of this Employee,Je to založeno na docházce tohoto zaměstnance,
This is based on the Time Sheets created against this project,Je to založeno na výkazech práce vytvořených k tomuto projektu,
This is based on transactions against this Sales Person. See timeline below for details,Je to založeno na transakcích vůči tomuto obchodnímu zástupci. Podrobnosti naleznete v časové ose níže,
This is considered dangerous from accounting point of view.,Z účetního hlediska je to považováno za nebezpečné.,
This is done to handle accounting for cases when Purchase Receipt is created after Purchase Invoice,"Toto slouží k zaúčtování případů, kdy je příjemka vytvořena až po přijaté faktuře",
"This is enabled by default. If you want to plan materials for sub-assemblies of the Item you're manufacturing leave this enabled. If you plan and manufacture the sub-assemblies separately, you can disable this checkbox.","Toto je ve výchozím nastavení povoleno. Pokud chcete plánovat materiál pro podsestavy vyráběné položky, ponechte toto povolené. Pokud podsestavy plánujete a vyrábíte samostatně, můžete toto zaškrtávací políčko zakázat.",
"This is for raw material Items that'll be used to create finished goods. If the Item is an additional service like 'washing' that'll be used in the BOM, keep this unchecked.","Toto je pro položky surovin, které se použijí k výrobě hotových výrobků. Pokud je položka doplňkovou službou, například 'praní', která se použije v kusovníku, ponechte toto nezaškrtnuté.",
This is similar to a commonly used password.,Toto je podobné běžně používanému heslu.,
This item filter has already been applied for the {0},Tento filtr položek již byl u {0} použit,
This Item is a Template and cannot be used in transactions.<br>All fields present in the 'Copy Fields to Variant' table in Item Variant Settings will be copied to its variant items.,Tato položka je šablona a nelze ji použít v transakcích.<br>Všechna pole uvedená v tabulce 'Kopírovat pole do varianty' v nastavení variant položky budou zkopírována do jejích variant.,
This Item is a Variant of {0} (Template).,Tato položka je variantou {0} (šablony).,
This link has already been activated for verification.,Tento odkaz již byl aktivován k ověření.,
This link is invalid or expired. Please make sure you have pasted correctly.,"Tento odkaz je neplatný nebo vypršel. Ujistěte se prosím, že jste jej vložili správně.",
This may get printed on multiple pages,Toto se může vytisknout na více stránek,
This method is only meant for developer mode,Tato metoda je určena pouze pro režim vývojáře,
This month,Tento měsíc,
This Month's Summary,Souhrn tohoto měsíce,
This option can be checked to edit the 'Posting Date' and 'Posting Time' fields.,Tuto možnost lze zaškrtnout pro úpravu polí 'Datum zaúčtování' a 'Čas zaúčtování'.,
This Payment Entry is reconciled with {0}. Cancelling will automatically unreconcile it. Do you want to proceed?,Tato platba je sesouhlasena s {0}. Stornování automaticky zruší toto sesouhlasení. Chcete pokračovat?,
This PDF cannot be uploaded as it contains unsafe content.,"Toto PDF nelze nahrát, protože obsahuje nebezpečný obsah.",
This Purchase Order has been fully subcontracted.,Tato nákupní objednávka byla zcela předána subdodavateli.,
This request has not yet been approved by the user.,Tento požadavek zatím nebyl uživatelem schválen.,
This Sales Order has been fully subcontracted.,Tato prodejní objednávka byla zcela předána subdodavateli.,
This schedule was created when Asset {0} was adjusted through Asset Value Adjustment {1}.,Tento plán byl vytvořen při úpravě majetku {0} prostřednictvím úpravy hodnoty majetku {1}.,
This schedule was created when Asset {0} was consumed through Asset Capitalization {1}.,Tento plán byl vytvořen při spotřebování majetku {0} prostřednictvím kapitalizace majetku {1}.,
This schedule was created when Asset {0} was repaired through Asset Repair {1}.,Tento plán byl vytvořen při opravě majetku {0} prostřednictvím opravy majetku {1}.,
This schedule was created when Asset {0} was restored due to Sales Invoice {1} cancellation.,Tento plán byl vytvořen při obnovení majetku {0} kvůli stornování vydané faktury {1}.,
This schedule was created when Asset {0} was restored on Asset Capitalization {1}'s cancellation.,Tento plán byl vytvořen při obnovení majetku {0} kvůli stornování kapitalizace majetku {1}.,
This schedule was created when Asset {0} was restored.,Tento plán byl vytvořen při obnovení majetku {0}.,
This schedule was created when Asset {0} was returned through Sales Invoice {1}.,Tento plán byl vytvořen při vrácení majetku {0} prostřednictvím vydané faktury {1}.,
This schedule was created when Asset {0} was scrapped.,Tento plán byl vytvořen při vyřazení majetku {0} do šrotu.,
This schedule was created when Asset {0} was {1} into new Asset {2}.,"Tento plán byl vytvořen, když byl majetek {0} {1} do nového majetku {2}.",
This schedule was created when Asset {0} was {1} through Sales Invoice {2}.,"Tento plán byl vytvořen, když byl majetek {0} {1} prostřednictvím vydané faktury {2}.",
This schedule was created when Asset {0}'s Asset Value Adjustment {1} was cancelled.,Tento plán byl vytvořen při stornování úpravy hodnoty majetku {1} majetku {0}.,
This schedule was created when Asset {0}'s shifts were adjusted through Asset Shift Allocation {1}.,Tento plán byl vytvořen při úpravě směn majetku {0} prostřednictvím přiřazení směn majetku {1}.,
This site is running in developer mode. Any change made here will be updated in code.,Tento web běží v režimu vývojáře. Jakákoli zde provedená změna se projeví v kódu.,
This statement has already been imported.,Tento výpis již byl importován.,
"This table is used to set details about the 'Item', 'Qty', 'Basic Rate', etc.","Tato tabulka slouží k nastavení podrobností o 'položce', 'množství', 'základní sazbě' atd.",
This title will be used as the title of the webpage as well as in meta tags,Tento název bude použit jako název webové stránky a také v meta tazích,
This verification link is invalid. Please book the appointment again.,Tento ověřovací odkaz je neplatný. Zarezervujte si prosím schůzku znovu.,
This Web Form Request has already been used,Tento požadavek webového formuláře již byl použit,
This Web Form Request has expired,Platnost tohoto požadavku webového formuláře vypršela,
This Week's Summary,Souhrn tohoto týdne,
"This will be automatically generated when you publish the page, you can also enter a route yourself if you wish","Toto se automaticky vygeneruje při publikování stránky, můžete si však také zadat vlastní cestu, pokud chcete",
This will overwrite the tax component {0} in the salary slip and tax won't be calculated based on the Income Tax Slabs,Toto přepíše daňovou složku {0} ve výplatní pásce a daň se nebude počítat podle daňových pásem,
This will reset this tour and show it to all users. Are you sure?,Toto resetuje tohoto průvodce a zobrazí ho všem uživatelům. Jste si jisti?,
This will submit Salary Slips and create accrual Journal Entry. Do you want to proceed?,Toto odešle výplatní pásky a vytvoří akruální účetní zápis. Chcete pokračovat?,
"This will terminate the job immediately and might be dangerous, are you sure?","Toto okamžitě ukončí úlohu a může to být nebezpečné, jste si jisti?",
This will update the warehouse and status of Serial Nos counted in {0} to match the stock ledger. Continue?,"Toto aktualizuje sklad a stav sériových čísel spočítaných v {0} tak, aby odpovídaly skladové knize. Pokračovat?",
This {} will be treated as material transfer.,Toto {} bude zpracováno jako převod materiálu.,
Threshold for Suggestion,Práh pro návrh,
Threshold for Suggestion (In Percentage),Práh pro návrh (v procentech),
Throttled,Omezeno,
Thumbnail,Náhled,
Thumbnail URL,URL náhledu,
Thursday,Čtvrtek,
Tier Name,Název úrovně,
Time,Čas,
time,čas,
Time (In Mins),Čas (v minutách),
Time Between Operations (Mins),Čas mezi operacemi (min),
Time Format,Formát času,
Time format,Formát času,
Time In Mins,Čas v minutách,
Time in Queries,Čas v dotazech,
Time Interval,Časový interval,
Time Logs,Časové záznamy,
Time logs are required for {0} {1},Časové záznamy jsou vyžadovány pro {0} {1},
Time Required (In Mins),Požadovaný čas (v minutách),
Time Series,Časová řada,
Time Series Based On,Časová řada založená na,
Time series based on is required to create a dashboard chart,Pro vytvoření grafu dashboardu je vyžadována časová řada,
Time Sheet,Výkaz práce,
Time Sheet List,Seznam výkazů práce,
Time Sheets,Výkazy práce,
Time slot is not available,Časový termín není k dispozici,
Time Taken,Spotřebovaný čas,
Time Taken to Deliver,Čas potřebný k dodání,
Time to Fill,Doba k obsazení,
Time Tracking,Sledování času,
Time Window (Seconds),Časové okno (sekundy),
Time Zone,Časové pásmo,
Time Zones,Časová pásma,
Timeline,Časová osa,
Timeline DocType,DocType časové osy,
Timeline Field,Pole časové osy,
Timeline field must be a Link or Dynamic Link,Pole časové osy musí být Link nebo Dynamic Link,
Timeline field must be a valid fieldname,Pole časové osy musí být platný název pole,
Timeline Links,Odkazy časové osy,
Timeline Name,Název časové osy,
Timelines,Časové osy,
Timeout,Časový limit,
Timeout (In Seconds),Časový limit (v sekundách),
Timer,Časovač,
Timeseries,Časová řada,
Timesheet,Výkaz práce,
timesheet,Výkaz práce,
Timesheet Billing Summary,Souhrn fakturace výkazů práce,
Timesheet Detail,Podrobnost výkazu práce,
Timesheet Details,Podrobnosti výkazu práce,
Timesheet for tasks.,Výkaz práce pro úkoly.,
Timesheet Working Hours,Pracovní hodiny výkazu práce,
Timesheet {0} cannot be invoiced in its current state,Výkaz práce {0} nelze v aktuálním stavu vyfakturovat,
Timesheets,Výkazy práce,
"Timesheets help keep track of time, cost and billing for activities done by your team","Výkazy práce pomáhají sledovat čas, náklady a fakturaci činností prováděných vaším týmem",
Timeslots,Časové termíny,
Timespan,Časový rozsah,
Timestamp,Časové razítko,
timestamp,časové razítko,
Tip,Tip,
Tip: Select report lines to view their accounts,Tip: Vyberte řádky reportu pro zobrazení jejich účtů,
Title,Název,
title,název,
Title Field,Pole názvu,
Title field must be a valid fieldname,Pole názvu musí být platný název pole,
Title of the page,Název stránky,
Title Prefix,Předpona názvu,
To add Operations tick the 'With Operations' checkbox.,Pro přidání operací zaškrtněte políčko 'S operacemi'.,
To add subcontracted Item's raw materials if include exploded items is disabled.,"Pro přidání surovin subdodávané položky, pokud je zakázáno zahrnutí rozložených položek.",
To allow more reports update limit in System Settings.,Pro povolení více reportů aktualizujte limit v nastavení systému.,
"To allow over billing, update ""Over Billing Allowance"" in Accounts Settings or the Item.","Pro povolení přefakturace aktualizujte ""Povolenou toleranci přefakturace"" v nastavení účetnictví nebo u položky.",
"To allow over ordering, update ""Over Order Allowance"" in Buying Settings.","Pro povolení nadměrného objednání aktualizujte ""Povolenou toleranci nadměrného objednání"" v nastavení nákupu.",
"To allow over receipt / delivery, update ""Over Receipt/Delivery Allowance"" in Stock Settings or the Item.","Pro povolení nadměrného příjmu / dodání aktualizujte ""Povolenou toleranci nadměrného příjmu/dodání"" v nastavení skladu nebo u položky.",
"To allow this, enable {0} under {1}.",Pro povolení tohoto povolte {0} v {1}.,
To Amount,Do částky,
To and CC,Komu a kopie,
To apply for a Half Day check 'Half Day' and select the Half Day Date,Pro žádost o půl dne zaškrtněte 'Půl dne' a vyberte datum půldenní docházky,
To be Delivered to Customer,K dodání klientovi,
To Bill,K fakturaci,
To cancel a {} you need to cancel the POS Closing Entry {}.,Pro stornování {} musíte stornovat závěrečný pokladní záznam POS {}.,
To cancel this Sales Invoice you need to cancel the POS Closing Entry {}.,Pro stornování této vydané faktury musíte stornovat závěrečný pokladní záznam POS {}.,
"To configure Auto Repeat, enable ""Allow Auto Repeat"" from {0}.","Pro nastavení automatického opakování povolte ""Povolit automatické opakování"" v {0}.",
To create a Payment Request reference document is required,Pro vytvoření platebního požadavku je vyžadován referenční doklad,
To Currency,Do měny,
To Date,Do data,
To date can not be equal or less than from date,Datum do nesmí být stejné nebo menší než datum od,
To date can not be greater than employee's relieving date.,Datum do nesmí být pozdější než datum ukončení pracovního poměru zaměstnance.,
To date can not be less than from date,Datum do nesmí být menší než datum od,
To date can not greater than employee's relieving date,Datum do nesmí být pozdější než datum ukončení pracovního poměru zaměstnance,
To Date cannot be before From Date,Datum do nesmí být před datem od,
To date cannot be before from date,Datum do nesmí být před datem od,
To Date cannot be before From Date.,Datum do nesmí být před datem od.,
To Date cannot be less than From Date,Datum do nesmí být menší než datum od.,
To Date Field,Pole Do data,
To Date is mandatory,Datum do je povinné,
To Date must be greater than From Date,Datum do musí být větší než datum od,
To Date should be within the Fiscal Year. Assuming To Date = {0},Datum do by mělo spadat do fiskálního roku. Předpokládá se datum do = {0},
To Datetime,Do data a času,
To Delete list generated with {0} DocTypes,Seznam k odstranění vygenerován s {0} DocTypy,
To Deliver,K dodání,
To Deliver and Bill,K dodání a vyúčtování,
To Delivery Date,Do data dodání,
To Do,Úkol,
To Doctype,Cílový DocType,
To Due Date,Do data splatnosti,
To Employee,Cílový zaměstnanec,
"To enable server scripts, read the {0}.","Chcete-li povolit skripty serveru, přečtěte si {0}.",
"To export this step as JSON, link it in a Onboarding document and save the document.","Chcete-li tento krok exportovat jako JSON, propojte jej v dokumentu Onboarding a dokument uložte.",
To Fiscal Year,Do fiskálního roku,
To Folio No,Do čísla folia,
To generate password click {0},"Chcete-li vygenerovat heslo, klikněte na {0}",
To include non-stock items in the material request planning. i.e. Items for which 'Maintain Stock' checkbox is unticked.,"Zahrnout neskladové položky do plánování požadavků na materiál, tj. položky, u kterých není zaškrtnuto políčko „Vést skladovou evidenci“.",
"To include tax in row {0} in Item rate, taxes in rows {1} must also be included","Aby byla daň z řádku {0} zahrnuta do ceny položky, musí být zahrnuty i daně z řádků {1}",
To Invoice Date,Do data faktury,
To know more click {0},"Chcete-li se dozvědět více, klikněte na {0}",
"To merge, following properties must be same for both items",Pro sloučení musí být u obou položek shodné následující vlastnosti,
To No,Do čísla,
"To not apply Pricing Rule in a particular transaction, all applicable Pricing Rules should be disabled.","Aby se cenové pravidlo v konkrétní transakci nepoužilo, musí být zakázána všechna příslušná cenová pravidla.",
"To overrule this, enable '{0}' in company {1}","Chcete-li toto přepsat, povolte „{0}“ ve firmě {1}",
"To overwrite the salary component amount for a tax component, please enable {0}","Chcete-li přepsat částku mzdové složky u daňové složky, povolte {0}",
To Package No.,Do čísla balíku,
To Pay,K úhradě,
To Payment Date,Do data platby,
To Posting Date,Do data zaúčtování,
To Range,Do rozsahu,
To Receive,K přijetí,
To Receive and Bill,K přijetí a vyúčtování,
To Reference Date,Do referenčního data,
To Rename,K přejmenování,
"To set the role {0} in the user {1}, kindly set the {2} field as {3} in one of the {4} record.","Chcete-li nastavit roli {0} uživateli {1}, nastavte pole {2} na {3} v jednom ze záznamů {4}.",
To Shareholder,Nový akcionář,
"To still proceed with editing this Attribute Value, enable {0} in Item Variant Settings.","Chcete-li přesto pokračovat v úpravě této hodnoty atributu, povolte {0} v nastavení variant položek.",
To submit the invoice without purchase order please set {0} as {1} in {2},"Chcete-li odeslat fakturu bez nákupní objednávky, nastavte {0} na {1} v {2}",
To submit the invoice without purchase receipt please set {0} as {1} in {2},"Chcete-li odeslat fakturu bez příjemky, nastavte {0} na {1} v {2}",
To Time,Do času,
To Time cannot be before from date,Čas do nemůže být dřívější než datum od,
to unallocate the amount of this Return Invoice before cancelling it.,zrušit alokaci částky této vratné faktury před jejím stornováním.,
"To use a different finance book, please uncheck 'Include Default FB Assets'","Chcete-li použít jinou účetní knihu, zrušte zaškrtnutí „Zahrnout výchozí FB majetek“",
"To use a different finance book, please uncheck 'Include Default FB Entries'","Chcete-li použít jinou účetní knihu, zrušte zaškrtnutí „Zahrnout výchozí FB zápisy“",
"To use Google Calendar, enable {0}.","Chcete-li používat Google Kalendář, povolte {0}.",
"To use Google Contacts, enable {0}.","Chcete-li používat Kontakty Google, povolte {0}.",
"To use Serial / Batch feature, enable {0} in {1}.","Chcete-li používat funkci sériových čísel / šarží, povolte {0} v {1}.",
To User,Cílový uživatel,
To Value,Do hodnoty,
To Warehouse,Do skladu,
To Warehouse (Optional),Do skladu (volitelné),
To(Year),Do (rok),
To(Year) year can not be less than From(year),Rok „Do“ nemůže být menší než rok „Od“,
Today is {0}'s birthday 🎉,Dnes má {0} narozeniny 🎉,
Today {0} completed {1} {2} at our Company! 🎉,Dnes {0} slaví {1} {2} v naší firmě! 🎉,
ToDo,Úkol,
Todo,Úkol,
Toggle Awesomebar,Přepnout Awesomebar,
Token Cache,Cache tokenu,
Token Endpoint Auth Method,Metoda ověřování Token Endpointu,
Token Type,Typ tokenu,
Token URI,URI tokenu,
Too many changes to database in single action.,Příliš mnoho změn v databázi v rámci jedné akce.,
Too many columns. Export the report and print it using a spreadsheet application.,Příliš mnoho sloupců. Exportujte report a vytiskněte jej pomocí tabulkového procesoru.,
Too Many Documents,Příliš mnoho dokumentů,
Too many queued background jobs ({0}). Please retry after some time.,Příliš mnoho čekajících úloh na pozadí ({0}). Zkuste to prosím znovu později.,
Too Many Requests,Příliš mnoho požadavků,
"Too many users signed up recently, so the registration is disabled. Please try back in an hour","V poslední době se zaregistrovalo příliš mnoho uživatelů, proto je registrace dočasně zakázána. Zkuste to prosím znovu za hodinu.",
Tools,Nástroje,
Top 10,Top 10,
Top Bar Item,Položka horní lišty,
Top Bar Items,Položky horní lišty,
Top Errors,Nejčastější chyby,
Topic,Téma,
TOS URI,URI smluvních podmínek,
Total,Celkem,
Total (Company Currency),Celkem (měna firmy),
Total (Credit),Celkem (Dal),
Total Absent,Celková nepřítomnost,
Total Absent (This Month),Celková nepřítomnost (tento měsíc),
Total Accrued,Celkem naběhlo,
Total Achieved,Celkem dosaženo,
Total Active Items,Celkem aktivních položek,
Total Actual,Celkem skutečnost,
Total Actual Amount,Celková skutečná částka,
Total Additional Costs,Celkové dodatečné náklady,
Total Advance,Celková záloha,
Total Advance Amount,Celková výše zálohy,
Total Advance Amount (Company Currency),Celková výše zálohy (měna firmy),
Total advance amount cannot be greater than total sanctioned amount,Celková výše zálohy nesmí být vyšší než celková schválená částka,
Total Allocated Amount,Celková přidělená částka,
Total Allocated Amount (Company Currency),Celková přidělená částka (měna firmy),
Total Allocated Leave(s),Celkem přidělených dnů volna,
Total Allocated Leaves,Celkem přidělených dnů volna,
Total allocated leaves are more than maximum allocation allowed for {0} leave type for employee {1} in the period,Celkem přidělených dnů volna přesahuje maximální povolený limit pro typ volna {0} u zaměstnance {1} v daném období,
Total allocated leaves {0} cannot be less than already approved leaves {1} for the period,Celkem přidělených dnů volna {0} nesmí být nižší než již schválené volno {1} za dané období,
Total allocated percentage for sales team should be 100,Celkové přidělené procento pro obchodní tým by mělo být 100,
Total Allocations,Celkem přidělení,
Total Amount,Celková částka,
Total Amount cannot be zero,Celková částka nesmí být nulová,
Total Amount Currency,Měna celkové částky,
Total Amount Due,Celková splatná částka,
Total Amount in Words,Celková částka slovy,
Total Amount Reimbursed,Celková proplacená částka,
Total Applicable Charges in Purchase Receipt Items table must be same as Total Taxes and Charges,Celkové platné poplatky v tabulce položek příjemky musí odpovídat celkovým daním a poplatkům,
Total Applicants (This Month),Celkem uchazečů (tento měsíc),
Total Asset,Celkový majetek,
Total Asset Cost,Celkové náklady na majetek,
Total Asset Recovery Cost,Celkové náklady na obnovu majetku,
Total Assets,Celkový majetek,
Total Background Workers,Celkový počet procesů na pozadí,
Total Billable Amount,Celková fakturovatelná částka,
Total Billable Amount (via Timesheet),Celková fakturovatelná částka (dle výkazu práce),
Total Billable Hours,Celkem fakturovatelných hodin,
Total Billed Amount,Celková vyúčtovaná částka,
Total Billed Amount (via Sales Invoice),Celková vyúčtovaná částka (dle vydané faktury),
Total Billed Hours,Celkem vyúčtovaných hodin,
Total Billing Amount,Celková fakturovaná částka,
Total Billing Hours,Celkem fakturovaných hodin,
Total Budget,Celkový rozpočet,
Total Characters,Celkem znaků,
Total Claimed Amount,Celková uplatněná částka,
Total Claimed Amount (Company Currency),Celková uplatněná částka (měna firmy),
Total Commission,Celková provize,
Total Completed Qty,Celkové dokončené množství,
"Total Completed Qty ({0}), Process Loss Qty ({1}) and Pending Qty ({2}) must add up to the Qty to Manufacture ({3}).","Celkové dokončené množství ({0}), množství ztráty procesem ({1}) a čekající množství ({2}) musí dohromady odpovídat množství k výrobě ({3}).",
"Total Completed Qty is required for Job Card {0}, please start and complete the job card before submission","U výrobní karty {0} je vyžadováno celkové dokončené množství, před odesláním kartu spusťte a dokončete",
Total Consumed Material Cost (via Stock Entry),Celkové náklady na spotřebovaný materiál (dle skladového pohybu),
Total Contribution Amount Against Invoices: {0},Celková výše příspěvku vůči fakturám: {0},
Total Contribution Amount Against Orders: {0},Celková výše příspěvku vůči objednávkám: {0},
Total contribution percentage should be equal to 100,Celkové procento příspěvku by mělo být rovno 100,
Total Cost,Celkové náklady,
Total Cost (Company Currency),Celkové náklady (měna firmy),
Total Cost To Company (CTC),Celkové náklady pro firmu (CTC),
Total Costing Amount,Celková nákladová částka,
Total Costing Amount (via Timesheet),Celková nákladová částka (dle výkazu práce),
Total Credit,Celkem Dal,
Total Credit Transactions,Celkem transakcí Dal,
Total Credit/ Debit Amount should be same as linked Journal Entry,Celková částka Dal / Má dáti by měla odpovídat propojenému účetnímu zápisu,
Total Credits,Celkem Dal,
Total Days Without Pay,Celkem dnů bez nároku na mzdu,
Total Debit,Celkem Má dáti,
Total Debit must be equal to Total Credit. The difference is {0},Celkem Má dáti se musí rovnat celkem Dal. Rozdíl činí {0},
Total Debit Transactions,Celkem transakcí Má dáti,
Total Debits,Celkem Má dáti,
Total Declaration Submitted,Celkem odeslaných prohlášení,
Total Declared Amount,Celková deklarovaná částka,
Total Deduction,Celková srážka,
Total Deduction (Company Currency),Celková srážka (měna firmy),
Total Delivered Amount,Celková dodaná částka,
Total Demand (Past Data),Celková poptávka (historická data),
Total distributed amount {0} must be equal to Budget Amount {1},Celková rozdělená částka {0} se musí rovnat částce rozpočtu {1},
Total distribution percent must equal 100 (currently {0}),Celkové procento rozdělení musí být rovno 100 (aktuálně {0}),
Total Early Exits,Celkem předčasných odchodů,
Total Earning,Celkové příjmy,
Total Earnings,Celkové příjmy,
Total Equity,Celkový vlastní kapitál,
Total Errors (last 1 day),Celkem chyb (poslední 1 den),
Total Estimated Budget,Celkový odhadovaný rozpočet,
Total Estimated Cost,Celkové odhadované náklady,
Total Estimated Distance,Celková odhadovaná vzdálenost,
Total Exchange Gain/Loss,Celkový kurzový zisk/ztráta,
Total Exemption Amount,Celková částka osvobození,
Total Expense,Celkové výdaje,
Total Expense Claim (via Expense Claim),Celkové vyúčtování výdajů (dle vyúčtování výdajů),
Total Expense Claim (via Expense Claims),Celkové vyúčtování výdajů (dle vyúčtování výdajů),
Total Expense This Year,Celkové výdaje za tento rok,
Total Expenses booked through,Celkové výdaje zaúčtované přes,
Total Experience,Celková praxe,
Total Forecast (Future Data),Celková prognóza (budoucí data),
Total Forecast (Past Data),Celková prognóza (historická data),
Total Gain/Loss,Celkový zisk/ztráta,
Total Goal Score,Celkové skóre cílů,
Total Gross Pay,Celková hrubá mzda,
Total Hold Time,Celková doba pozastavení,
Total Holidays,Celkem svátků,
Total Hours (T),Celkem hodin (T),
Total hours: {0},Celkem hodin: {0},
Total in words,Celkem slovy,
Total in words (Company Currency),Celkem slovy (měna firmy),
Total Incentive Given(Last month),Celkem poskytnutých odměn (minulý měsíc),
Total Income,Celkové příjmy,
Total Income Tax,Celková daň z příjmu,
Total Income This Year,Celkové příjmy za tento rok,
Total Incoming Bills,Celkem příchozích faktur,
Total Incoming Payment,Celkem příchozích plateb,
Total Incoming Value (Receipt),Celková příchozí hodnota (příjem),
Total Interest,Celkový úrok,
Total Interest Amount,Celková výše úroku,
Total Invoiced Amount,Celková fakturovaná částka,
Total Issues,Celkem problémů,
Total Items,Celkem položek,
Total Landed Cost,Celkové náklady na pořízení,
Total Landed Cost (Company Currency),Celkové náklady na pořízení (měna firmy),
Total Late Entries,Celkem pozdních příchodů,
Total Leave Days,Celkem dnů volna,
Total Leaves,Celkem volna,
Total Leaves ({0}),Celkem volna ({0}),
Total Leaves Allocated,Celkem přiděleno volna,
Total leaves allocated cannot exceed annual allocation of {0}.,Celkem přiděleného volna nesmí přesáhnout roční příděl {0}.,
Total leaves allocated is mandatory for Leave Type {0},Celkem přiděleného volna je povinné pro typ volna {0},
Total Leaves Encashed,Celkem proplaceného volna,
Total Leaves Taken,Celkem čerpáno volna,
Total Ledgers,Celkem knih,
Total Liability,Celkové závazky,
Total Loan Repayment,Celková splátka úvěru,
Total Message(s),Celkem zpráv,
Total Monthly Sales,Celkový měsíční prodej,
Total Net Pay,Celková čistá mzda,
Total Net Weight,Celková čistá hmotnost,
Total Non-Billed Hours,Celkem nevyúčtovaných hodin,
Total Number of Booked Depreciations,Celkový počet zaúčtovaných odpisů,
Total Number of Depreciations,Celkový počet odpisů,
Total of all employee benefits cannot be greater that Max Benefits Amount {0},Součet všech zaměstnaneckých výhod nesmí být vyšší než maximální částka výhod {0},
Total Only,Pouze celkem,
Total Operating Cost,Celkové provozní náklady,
Total Operation Time,Celkový čas operace,
Total Order Considered,Celkem zohledněných objednávek,
Total Order Value,Celková hodnota objednávky,
Total Other Charges,Celkové ostatní poplatky,
Total Outgoing,Celkem odchozích,
Total Outgoing Bills,Celkem odchozích faktur,
Total Outgoing Emails,Celkem odchozích e-mailů,
Total Outgoing Payment,Celkem odchozích plateb,
Total Outgoing Salary(Last month),Celkem vyplacených mezd (minulý měsíc),
Total Outgoing Value (Consumption),Celková odchozí hodnota (spotřeba),
Total Outstanding,Celkem neuhrazeno,
Total Outstanding Amount,Celková neuhrazená částka,
Total Overtime Duration,Celková doba přesčasu,
Total Paid Amount,Celková zaplacená částka,
Total Payable Amount,Celková splatná částka,
Total Payment,Celková platba,
Total Payment Amount in Payment Schedule must be equal to Grand / Rounded Total,Celková částka plateb v platebním kalendáři se musí rovnat celkové / zaokrouhlené celkové částce,
Total Payment Request amount cannot be greater than {0} amount,Celková částka platebního požadavku nesmí být vyšší než částka {0},
Total Payments,Celkem plateb,
Total payments amount can't be greater than {},Celková výše plateb nesmí být vyšší než {},
Total Payout,Celková výplata,
Total percentage against cost centers should be 100,Celkové procento u nákladových středisek by mělo být 100,
Total Picked Quantity {0} is more than ordered qty {1}. You can set the Over Picking Allowance in Stock Settings.,Celkové vychystané množství {0} je vyšší než objednané množství {1}. Toleranci přebytečného vychystání můžete nastavit v Nastavení skladu.,
Total Planned Qty,Celkové plánované množství,
Total Present,Celková přítomnost,
Total Present (This Month),Celková přítomnost (tento měsíc),
Total Principal Amount,Celková jistina,
Total Produced Qty,Celkové vyrobené množství,
Total Projected Qty,Celkové plánované množství,
Total Purchase Amount,Celková nákupní částka,
Total Purchase Cost (via Purchase Invoice),Celkové nákupní náklady (dle přijaté faktury),
Total Qty,Celkové množství,
Total Quantity,Celkové množství,
Total quantity in delivery schedule cannot be greater than the item quantity,Celkové množství v dodacím plánu nesmí být vyšší než množství položky,
Total Receivable Amount,Celková pohledávka,
Total Received Amount,Celková přijatá částka,
Total Repair Cost,Celkové náklady na opravu,
Total Resignations,Celkem odchodů ze zaměstnání,
Total Revenue,Celkové tržby,
Total Salary Structure,Celková mzdová struktura,
Total Sales Amount,Celková prodejní částka,
Total Sales Amount (via Sales Order),Celková prodejní částka (dle prodejní objednávky),
Total Sanctioned Amount,Celková schválená částka,
Total Sanctioned Amount (Company Currency),Celková schválená částka (měna firmy),
Total Score,Celkové skóre,
Total Self Score,Celkové vlastní skóre,
Total Stock Summary,Celkový přehled skladu,
Total Stock Value,Celková hodnota skladu,
Total Subscribers,Celkem odběratelů,
Total Supplied Qty,Celkové dodané množství,
Total System Users,Celkem uživatelů systému,
Total Target,Celkový cíl,
Total Tasks,Celkem úkolů,
Total Tax,Celková daň,
Total Taxable Amount,Celková zdanitelná částka,
Total Taxes and Charges,Celkové daně a poplatky,
Total Taxes and Charges (Company Currency),Celkové daně a poplatky (měna firmy),
Total Time (in Mins),Celkový čas (v minutách),
Total Time in Mins,Celkový čas v minutách,
Total Users,Celkem uživatelů,
Total Value,Celková hodnota,
Total Value Difference (Incoming - Outgoing),Celkový rozdíl hodnoty (příjem - výdej),
Total Variance,Celková odchylka,
Total Vendor Invoices Cost (Company Currency),Celkové náklady na faktury dodavatele (měna firmy),
Total Views,Celkem zobrazení,
Total Warehouses,Celkem skladů,
Total Website Users,Celkem uživatelů webu,
Total Weight,Celková hmotnost,
Total Weight (kg),Celková hmotnost (kg),
"Total weightage for all {0} must add up to 100. Currently, it is {1}%",Celková váha pro všechny {0} musí dát dohromady 100. Aktuálně je to {1} %,
Total working Days Per Year,Celkem pracovních dní za rok,
Total Working Hours,Celkové odpracované hodiny,
Total working hours should not be greater than max working hours {0},Celkové odpracované hodiny by neměly být vyšší než maximální pracovní doba {0},
Total Working Time,Celková pracovní doba,
Total Workstation Time (In Hours),Celkový čas pracoviště (v hodinách),
Total {0} ({1}),Celkem {0} ({1}),
"Total {0} for all items is zero, may be you should change 'Distribute Charges Based On'","Celkem {0} u všech položek je nula, možná byste měli změnit „Rozdělit poplatky podle“",
Total(Amt),Celkem (částka),
Total(Qty),Celkem (množství),
Totals,Celkem,
Totals (Company Currency),Celkem (měna firmy),
Trace ID,ID trasování,
Traceability,Sledovatelnost,
Traceback,Traceback,
Tracebility Direction,Směr sledovatelnosti,
Track Changes,Sledovat změny,
Track Email Status,Sledovat stav e-mailu,
Track Field,Sledované pole,
Track Seen,Sledovat zobrazení,
Track Semi Finished Goods,Sledovat polotovary,
Track Service Level Agreement,Sledovat SLA,
Track Steps,Sledovat kroky,
Track Views,Sledovat zobrazení,
Tracking Status,Stav sledování,
Tracking Status Info,Informace o stavu sledování,
Tracking URL,URL pro sledování,
Trainer Email,E-mail školitele,
Trainer Name,Jméno školitele,
Training,Školení,
Training Date,Datum školení,
Training Event,Školení,
Training Event Employee,Zaměstnanec na školení,
Training Events,Školení,
Training Feedback,Zpětná vazba ke školení,
Training Program,Vzdělávací program,
Training Result,Výsledek školení,
Training Result Employee,Výsledek školení zaměstnance,
Trainings,Školení,
Trainings (This Month),Školení (tento měsíc),
Trainings (This Week),Školení (tento týden),
Transaction,Transakce,
Transaction Currency,Měna transakce,
Transaction currency must be same as Payment Gateway currency,Měna transakce musí odpovídat měně platební brány,
Transaction currency: {0} cannot be different from Bank Account({1}) currency: {2},Měna transakce: {0} se nesmí lišit od měny bankovního účtu ({1}): {2},
Transaction Date,Datum transakce,
Transaction date can't be earlier than previous movement date,Datum transakce nemůže být dřívější než datum předchozího pohybu,
Transaction Deletion Document {0} has been triggered for company {1},Dokument mazání transakcí {0} byl spuštěn pro firmu {1},
Transaction Deletion Record,Záznam o odstranění transakcí,
Transaction Deletion Record Details,Podrobnosti záznamu o odstranění transakcí,
Transaction Deletion Record Item,Položka záznamu o odstranění transakcí,
Transaction Deletion Record to Delete,Záznam transakce k odstranění,
Transaction Deletion Record {0} is already running. {1},Záznam o odstranění transakcí {0} již běží. {1},
Transaction Deletion Record {0} is currently deleting {1}. Cannot save documents until deletion completes.,"Záznam o odstranění transakcí {0} nyní odstraňuje {1}. Dokumenty nelze ukládat, dokud odstraňování nedokončí.",
Transaction Details,Podrobnosti transakce,
Transaction Exchange Rate,Směnný kurz transakce,
Transaction ID,ID transakce,
Transaction Information,Informace o transakci,
Transaction Name,Název transakce,
Transaction not allowed against stopped Work Order {0},Transakce není povolena vůči zastavenému výrobnímu příkazu {0},
Transaction Qty,Množství transakce,
Transaction reference no {0} dated {1},Referenční číslo transakce {0} ze dne {1},
Transaction Settings,Nastavení transakcí,
Transaction Threshold,Práh transakce,
Transaction Type,Typ transakce,
Transactions,Transakce,
Transactions against the Company already exist! Chart of Accounts can only be imported for a Company with no transactions.,Pro tuto firmu již existují transakce! Účtovou osnovu lze importovat pouze pro firmu bez transakcí.,
Transactions Annual History,Roční historie transakcí,
Transactions cannot be created for an Inactive Employee {0}.,Pro neaktivního zaměstnance {0} nelze vytvářet transakce.,
Transactions using Sales Invoice in POS are disabled.,Transakce pomocí vydané faktury v POS jsou zakázány.,
Transfer,Přesun,
Transfer Asset,Přesunout majetek,
Transfer Date,Datum přesunu,
Transfer Extra Raw Materials to WIP (%),Přesunout nadbytečný materiál do rozpracované výroby (%),
Transfer From Warehouses,Přesun ze skladů,
Transfer Material Against,Přesun materiálu vůči,
Transfer Materials,Přesunout materiál,
Transfer Materials For Warehouse {0},Přesunout materiál pro sklad {0},
Transfer Status,Stav přesunu,
Transfer Type,Typ přesunu,
Transferred,Přesunuto,
Transferred Qty,Přesunuté množství,
Transferred Qty (in Stock UOM),Přesunuté množství (ve skladové MJ),
Transferred Quantity,Přesunuté množství,
Transferred Raw Materials,Přesunutý materiál,
Transfers (This Month),Přesuny (tento měsíc),
Transgender,Transgender,
Transit,Tranzit,
Transit Entry,Tranzitní pohyb,
Transition Rules,Pravidla přechodu,
Transition Tasks,Úkoly přechodu,
Transitions,Přechody,
Translatable,Přeložitelné,
Translate Link Fields,Přeložit odkazová pole,
Translated Text,Přeložený text,
Translation,Překlad,
"Translations can be viewed by guests, avoid storing private details in translations.","Překlady mohou zobrazit i hosté, proto do nich neukládejte soukromé údaje.",
Transport Receipt Date,Datum přepravního dokladu,
Transport Receipt No,Číslo přepravního dokladu,
Transporter,Dopravce,
Transporter Details,Podrobnosti dopravce,
Transporter Info,Informace o dopravci,
Transporter Name,Jméno dopravce,
Travel,Cesta,
Travel Advance Required,Vyžadována cestovní záloha,
Travel Expenses,Cestovní náklady,
Travel From,Cesta z,
Travel Funding,Financování cesty,
Travel Itinerary,Itinerář cesty,
Travel Request,Žádost o cestu,
Travel Request Costing,Kalkulace žádosti o cestu,
Travel To,Cesta do,
Travel Type,Typ cesty,
Tree Details,Podrobnosti stromu,
Tree of Procedures,Strom postupů,
Tree Type,Typ stromu,
Trial Balance,Předvaha,
Trial Balance (Simple),Předvaha (jednoduchá),
Trial Balance for Party,Předvaha dle partnera,
Trial Balance requires {0} to be synced to DuckDB,Předvaha vyžaduje synchronizaci {0} do DuckDB,
Trial Period End Date,Datum konce zkušební doby,
Trial Period End Date Cannot be before Trial Period Start Date,Datum konce zkušební doby nesmí být dříve než datum začátku zkušební doby,
Trial Period Start Date,Datum začátku zkušební doby,
Trial Period Start date cannot be after Subscription Start Date,Datum začátku zkušební doby nesmí být později než datum začátku předplatného,
Trialing,Ve zkušební době,
Trigger Method,Metoda spuštění,
Trim Table,Zkrátit tabulku,
Try a Naming Series,Vyzkoušet číselnou řadu,
Try the {0} for a better experience.,Pro lepší zážitek vyzkoušejte {0}.,
Try to avoid repeated words and characters,Vyhněte se opakujícím se slovům a znakům,
Try to use a longer keyboard pattern with more turns,Zkuste použít delší klávesový vzor s více zákruty,
Tuesday,Úterý,
Turnover Ratios,Ukazatele obratovosti,
Two Factor Authentication,Dvoufaktorové ověření,
Two Factor Authentication method,Metoda dvoufaktorového ověření,
Two-way,Obousměrné,
Type,Typ,
Type Name,Název typu,
Type Of Call,Typ hovoru,
Type of Material,Typ materiálu,
Type of Payment,Typ platby,
Type of Proof,Typ dokladu,
Type of Transaction,Typ transakce,
Type your reply here...,Sem napište odpověď...,
Type:,Typ:,
Types of activities for Time Logs,Typy činností pro záznamy času,
Uae Vat Account,Účet DPH SAE,
UAE VAT Accounts,Účty DPH SAE,
Uae Vat Settings,Nastavení DPH SAE,
UI Tour,Průvodce rozhraním,
UID,UID,
Un-following document {0},Zrušeno sledování dokumentu {0},
Unable to fetch DocType details. Please contact system administrator.,Nepodařilo se načíst podrobnosti DocType. Kontaktujte prosím správce systému.,
Unable to find DocType {0},Nepodařilo se najít DocType {0},
Unable to find exchange rate for {0} to {1} for key date {2}. Please create a Currency Exchange record manually,Nepodařilo se najít směnný kurz z {0} na {1} k datu {2}. Vytvořte prosím záznam směnného kurzu ručně,
Unable to find exchange rate for {0} to {1} for key date {2}. Please create a Currency Exchange record manually.,Nepodařilo se najít směnný kurz z {0} na {1} k datu {2}. Vytvořte prosím záznam směnného kurzu ručně.,
Unable to find score starting at {0}. You need to have standing scores covering 0 to 100,Nepodařilo se najít skóre začínající na {0}. Je třeba mít hodnoticí škálu pokrývající rozsah 0 až 100,
Unable to find the time slot in the next {0} days for the operation {1}. Please increase the 'Capacity Planning For (Days)' in the {2}.,Nepodařilo se najít časový slot v následujících {0} dnech pro operaci {1}. Zvyšte prosím hodnotu „Plánování kapacity na (dny)“ v {2}.,
Unable to find variable:,Nepodařilo se najít proměnnou:,
Unable to open attached file. Did you export it as CSV?,Nepodařilo se otevřít přiložený soubor. Exportovali jste jej jako CSV?,
Unable to read file format for {0},Nepodařilo se přečíst formát souboru {0},
Unable to Repost Accounting Ledger,Nepodařilo se přeúčtovat hlavní knihu,
Unable to retrieve your location,Nepodařilo se zjistit vaši polohu,
Unable to send mail because of a missing email account. Please setup default Email Account from Settings > Email Account,"Nepodařilo se odeslat e-mail, protože chybí e-mailový účet. Nastavte prosím výchozí e-mailový účet v Nastavení > E-mailový účet",
Unable to write file format for {0},Nepodařilo se zapsat formát souboru {0},
Unallocated Amount,Nepřidělená částka,
Unarchive,Zrušit archivaci,
Unassign Condition,Podmínka zrušení přiřazení,
Unassigned Qty,Nepřiřazené množství,
Unbilled Orders,Nevyúčtované objednávky,
Unblock Invoice,Odblokovat fakturu,
Uncaught Exception,Nezachycená výjimka,
Unclaimed Amount,Neuplatněná částka,
Unclaimed Amount (Company Currency),Neuplatněná částka (měna firmy),
Unclosed Fiscal Years Profit / Loss (Credit),Zisk/ztráta neuzavřených fiskálních roků (Dal),
Under Withheld Reason,Důvod nedostatečně sražené daně,
"Under Working Hours table, you can add start and end times for a Workstation. For example, a Workstation may be active from 9 am to 1 pm, then 2 pm to 5 pm. You can also specify the working hours based on shifts. While scheduling a Work Order, the system will check for the availability of the Workstation based on the working hours specified.",V tabulce Pracovní doba můžete pro pracoviště přidat počáteční a koncový čas. Pracoviště může být například aktivní od 9:00 do 13:00 a poté od 14:00 do 17:00. Pracovní dobu lze také určit podle směn. Při plánování výrobního příkazu systém zkontroluje dostupnost pracoviště na základě zadané pracovní doby.,
Unexpected Naming Series Pattern,Neočekávaný vzor číselné řady,
Unhandled Email,Nezpracovaný e-mail,
Unhandled Emails,Nezpracované e-maily,
Unique,Jedinečné,
Unit Of Measure,Měrná jednotka,
Unit of Measure,Měrná jednotka,
Unit of Measure (UOM),Měrná jednotka (MJ),
Unit of Measure {0} has been entered more than once in Conversion Factor Table,Měrná jednotka {0} byla v tabulce převodních koeficientů zadána více než jednou,
Unit Price,Jednotková cena,
Unknown,Neznámé,
Unknown file encoding. Tried to use: {0},Neznámé kódování souboru. Bylo zkoušeno použít: {0},
Unknown Rounding Method: {},Neznámá metoda zaokrouhlení: {},
Unknown User,Neznámý uživatel,
Unlink Advance Payment on cancellation of order,Zrušit propojení zálohové platby při stornování objednávky,
Unlink external integrations,Zrušit propojení externích integrací,
Unlink Payment on Cancellation of Employee Advance,Zrušit propojení platby při stornování zálohy zaměstnanci,
Unlink Payment on cancellation of invoice,Zrušit propojení platby při stornování faktury,
Unlinked,Odpojeno,
Unlinked Attendance record from Employee Checkins: {},Odpojen záznam docházky od příchodů/odchodů zaměstnance: {},
Unlinked logs,Odpojené záznamy,
Unlock Reference Document,Odemknout referenční dokument,
Unmarked Attendance for days,Neevidovaná docházka za dny,
Unmarked Check-in Logs Found,Nalezeny neoznačené záznamy příchodů/odchodů,
Unmarked Days,Neoznačené dny,
Unmarked days,Neoznačené dny,
Unmarked Employee Header,Záhlaví zaměstnanců bez záznamu,
Unmarked Employees HTML,HTML neoznačených zaměstnanců,
Unpaid,Nezaplaceno,
Unpaid Accrual,Nevyplacená naběhlá částka,
Unpaid Expense Claim,Neproplacené vyúčtování výdajů,
Unpublish,Zrušit publikování,
Unread Notification Sent,Odesláno oznámení o nepřečtení,
Unrealized Exchange Gain/Loss Account,Účet nerealizovaného kurzového zisku/ztráty,
Unrealized Profit / Loss Account,Účet nerealizovaného zisku/ztráty,
Unreconcile Payment,Zrušit spárování platby,
Unreconcile Payment Entries,Zrušit spárování plateb,
Unreconcile Transaction,Zrušit spárování transakce,
Unreconciled,Nespárováno,
Unreconciled Amount,Nespárovaná částka,
Unreconciled Entries,Nespárované zápisy,
Unreserve,Zrušit rezervaci,
Unreserve for Raw Materials,Zrušit rezervaci materiálu,
Unreserve for Sub-assembly,Zrušit rezervaci podsestavy,
Unreserve Stock,Zrušit rezervaci skladu,
Unreserving Stock...,Ruší se rezervace skladu...,
Unresolved,Nevyřešeno,
Unsafe SQL query,Nebezpečný SQL dotaz,
Unsecured Loans,Nezajištěné úvěry,
Unset Matched Payment Request,Zrušit nastavení spárovaného platebního požadavku,
Unsettled Transactions,Nevypořádané transakce,
Unsubmitted Appraisals,Neodeslaná hodnocení,
Unsubscribe,Odhlásit odběr,
Unsubscribe from this Email Digest,Odhlásit odběr tohoto e-mailového přehledu,
Unsubscribe Method,Metoda odhlášení odběru,
Unsubscribe Params,Parametry odhlášení odběru,
Unsubscribed,Odhlášeno,
Unsupported Feature,Nepodporovaná funkce,
Unsupported file format: {0},Nepodporovaný formát souboru: {0},
Unsupported function or operator: {0},Nepodporovaná funkce nebo operátor: {0},
Unsupported {0}: {1},Nepodporovaný {0}: {1},
Untracked Hours,Nesledované hodiny,
Untracked Hours (U),Nesledované hodiny (U),
Unused leaves,Nevyčerpané volno,
Unverified Webhook Data,Neověřená data webhooku,
Unzip,Rozbalit,
UOM,Měrná jednotka,
uom,Měrná jednotka,
UOM Category,Kategorie měrné jednotky,
UOM Conversion Detail,Detail převodu měrné jednotky,
UOM Conversion Details,Podrobnosti převodu měrné jednotky,
UOM Conversion Factor,Převodní koeficient měrné jednotky,
UOM Conversion factor ({0} -> {1}) not found for item: {2},Nebyl nalezen převodní koeficient MJ ({0} -> {1}) pro položku: {2},
UOM Conversion factor is required in row {0},V řádku {0} je vyžadován převodní koeficient MJ,
UOM conversion factor required for UOM: {0} in Item: {1},Pro MJ {0} u položky {1} je vyžadován převodní koeficient,
UOM Defaults,Výchozí hodnoty měrné jednotky,
UOM Name,Název měrné jednotky,
UOM {0} not found in Item {1},MJ {0} nebyla nalezena u položky {1},
Up,Nahoru,
Upcoming Calendar Events,Nadcházející události v kalendáři,
Upcoming Events for Today,Dnešní nadcházející události,
Upcoming Holidays,Nadcházející svátky,
Upcoming Holidays Reminder,Připomenutí nadcházejících svátků,
Upcoming Shifts,Nadcházející směny,
Update,Aktualizovat,
Update Account Name / Number,Aktualizovat název/číslo účtu,
Update Account Number / Name,Aktualizovat číslo/název účtu,
Update Additional Information,Aktualizovat doplňující informace,
Update Amendment Naming,Aktualizovat číslování oprav,
Update Auto Repeat Reference,Aktualizovat referenci automatického opakování,
Update Batch Qty,Aktualizovat množství šarže,
Update Billed Amount in Delivery Note,Aktualizovat vyúčtovanou částku v dodacím listu,
Update Billed Amount in Purchase Order,Aktualizovat vyúčtovanou částku v nákupní objednávce,
Update Billed Amount in Purchase Receipt,Aktualizovat vyúčtovanou částku v příjemce,
Update Billed Amount in Sales Order,Aktualizovat vyúčtovanou částku v prodejní objednávce,
Update BOM Cost Automatically,Automaticky aktualizovat náklady kusovníku,
Update Clearance Date,Aktualizovat datum zúčtování,
Update Consumed Material Cost In Project,Aktualizovat náklady na spotřebovaný materiál v projektu,
Update Cost,Aktualizovat náklady,
Update Cost Center Name / Number,Aktualizovat název/číslo nákladového střediska,
Update Costing and Billing,Aktualizovat kalkulaci a fakturaci,
Update Current Stock,Aktualizovat aktuální stav skladu,
Update existing Price List Rate,Aktualizovat existující cenu z ceníku,
Update Expense,Aktualizovat výdaj,
Update Field,Aktualizovat pole,
Update from Frappe Cloud,Aktualizovat z Frappe Cloud,
Update Hooks Resolution Order,Aktualizovat pořadí vyhodnocení hooků,
Update Items,Aktualizovat položky,
Update Job Applicant,Aktualizovat uchazeče o zaměstnání,
Update latest price in all BOMs,Aktualizovat nejnovější cenu ve všech kusovnících,
Update Order,Aktualizovat objednávku,
Update Password,Aktualizovat heslo,
Update Price List based on,Aktualizovat ceník podle,
Update Print Format,Aktualizovat tiskový formát,
Update Progress,Aktualizovat průběh,
Update Rate and Availability,Aktualizovat cenu a dostupnost,
Update Rate as per Last Purchase,Aktualizovat cenu podle posledního nákupu,
Update Salary Structures,Aktualizovat mzdové struktury,
Update Series Counter,Aktualizovat čítač řady,
Update Series Number,Aktualizovat číslo řady,
Update Status,Aktualizovat stav,
Update Stock,Aktualizovat sklad,
Update stock must be enabled for the purchase invoice {0},U přijaté faktury {0} musí být povoleno „Aktualizovat sklad“,
Update Tax,Aktualizovat daň,
Update timestamp on new communication,Aktualizovat časové razítko při nové komunikaci,
Update Type,Typ aktualizace,
Update Value,Aktualizovat hodnotu,
updated delivered quantity for item {0} to {1},aktualizováno dodané množství položky {0} na {1},
Updated Status for Other Half from {0} to {1} for date {2} in the attendance record {3},Aktualizován stav druhé poloviny dne z {0} na {1} pro datum {2} v záznamu docházky {3},
Updated status from {0} to {1} for date {2} in the attendance record {3},Aktualizován stav z {0} na {1} pro datum {2} v záznamu docházky {3},
Updated Successfully,Úspěšně aktualizováno,
Updated successfully,Úspěšně aktualizováno,
Updated the Job Applicant status to {0},Stav uchazeče o zaměstnání aktualizován na {0},
Updated the status of Job Offer {0} for the linked Job Applicant {1} to {2},Stav nabídky zaměstnání {0} propojeného uchazeče {1} aktualizován na {2},
Updated the status of linked Job Applicant {0} to {1},Stav propojeného uchazeče o zaměstnání {0} aktualizován na {1},
updated {0},aktualizováno {0},
Updated {0} Financial Report Row(s) with new category name,Aktualizováno {0} řádků finančního reportu s novým názvem kategorie,
Updating,Probíhá aktualizace,
Updating Costing and Billing fields against this Project...,Aktualizují se pole kalkulace a fakturace u tohoto projektu...,
Updating counter may lead to document name conflicts if not done properly,Aktualizace čítače může při nesprávném provedení vést ke konfliktům v názvech dokumentů,
Updating Email Queue Statuses. The emails will be picked up in the next scheduled run.,Aktualizují se stavy fronty e-mailů. E-maily budou zpracovány při příštím naplánovaném běhu.,
Updating global settings,Aktualizují se globální nastavení,
Updating naming series options,Aktualizují se možnosti číselné řady,
Updating search index,Aktualizuje se vyhledávací index,
Updating Variants...,Aktualizují se varianty...,
Updating Work Order status,Aktualizuje se stav výrobního příkazu,
Updating {0},Aktualizuje se {0},
"Updating {0} of {1}, {2}","Aktualizuje se {0} z {1}, {2}",
Upload,Nahrát,
Upload Bank Statement,Nahrát bankovní výpis,
Upload images or documents,Nahrát obrázky nebo dokumenty,
Upload XML Invoices,Nahrát XML faktury,
Uploaded To Dropbox,Nahráno do Dropboxu,
Uploaded To Google Drive,Nahráno na Disk Google,
Uploading...,Nahrávání...,
Upper Income,Horní hranice příjmu,
Upper Range,Horní rozsah,
URL,URL,
URL can only be a string,URL může být pouze řetězec,
URL contact must start with https://,Kontaktní URL musí začínat na https://,
URL must start with http:// or https://,URL musí začínat na http:// nebo https://,
URL of the page,URL stránky,
Use 'Repost in background' button to trigger background job. Job can only be triggered when document is in Queued or Failed status.,"Pomocí tlačítka „Přeúčtovat na pozadí“ spustíte úlohu na pozadí. Úlohu lze spustit pouze tehdy, je-li dokument ve stavu Fronta nebo Selhalo.",
Use a few uncommon words together.,Použijte dohromady několik neobvyklých slov.,
Use a name that is different from previous project name,Použijte název odlišný od názvu předchozího projektu,
Use ASCII encoding for password,Použít pro heslo kódování ASCII,
Use Batch-wise Valuation,Použít oceňování dle šarží,
Use Company default Cost Center for Round off,Použít výchozí nákladové středisko firmy pro zaokrouhlení,
Use Company Default Round Off Cost Center,Použít výchozí nákladové středisko firmy pro zaokrouhlení,
Use CSV Sniffer,Použít detekci formátu CSV,
Use Default Warehouse,Použít výchozí sklad,
Use different Email ID,Použít jiný e-mail,
Use First Day of Period,Použít první den období,
Use for Shopping Cart,Použít pro nákupní košík,
Use HTML,Použít HTML,
Use HTTP Protocol,Použít protokol HTTP,
Use IMAP,Použít IMAP,
Use Item based reposting,Použít přeúčtování dle položek,
Use Legacy (Client side) Reactivity,Použít starší (klientskou) reaktivitu,
Use legacy Budget Controller,Použít starší kontrolér rozpočtu,
Use legacy controller for Period Closing Voucher,Použít starší kontrolér pro doklad uzávěrky období,
Use Multi-Level BOM,Použít vícestupňový kusovník,
Use Number Format from Currency,Použít formát čísla z měny,
Use of sub-query or function is restricted,Použití poddotazu nebo funkce je omezeno,
Use POST,Použít POST,
Use Posting Datetime for Naming Documents,Použít datum a čas zaúčtování pro pojmenování dokumentů,
Use prices from Default Price List as fallback,Použít jako záložní ceny z výchozího ceníku,
Use Report Chart,Použít graf reportu,
Use Serial / Batch fields,Použít pole sériové číslo / šarže,
Use Serial No / Batch Fields,Použít pole sériové číslo / šarže,
Use SSL,Použít SSL,
Use STARTTLS,Použít STARTTLS,
Use the new Print Format Builder,Použít nový nástroj pro tvorbu tiskových formátů,
Use TLS,Použít TLS,
Use Transaction Date Exchange Rate,Použít směnný kurz k datu transakce,
Used,Použito,
Used Leave(s),Vyčerpané volno,
Used Leaves,Vyčerpané volno,
Used OAuth,Použit OAuth,
User,Uživatel,
user,Uživatel,
User '{0}' already has the role '{1}',Uživatel „{0}“ již má roli „{1}“,
User Activity Report,Report aktivity uživatele,
User Activity Report Without Sort,Report aktivity uživatele bez řazení,
User Agent,User Agent,
User Cannot Create,Uživatel nemůže vytvářet,
User Cannot Search,Uživatel nemůže vyhledávat,
User Defaults,Výchozí hodnoty uživatele,
User Details,Podrobnosti uživatele,
User Doctype Permissions,Oprávnění uživatele k DocType,
User Document Type,Typ dokumentu uživatele,
User don't have permissions to select/read this account.,Uživatel nemá oprávnění k výběru/čtení tohoto účtu.,
User Email,E-mail uživatele,
User Emails,E-maily uživatele,
User Forum,Uživatelské fórum,
User Group,Skupina uživatelů,
User Group Member,Člen skupiny uživatelů,
User Group Members,Členové skupiny uživatelů,
User has not applied rule on the invoice {0},Uživatel neuplatnil pravidlo na faktuře {0},
User ID,ID uživatele,
User Id,ID uživatele,
User Id Field,Pole ID uživatele,
User Id Field is mandatory in the user type {0},Pole ID uživatele je povinné u typu uživatele {0},
User ID not set for Employee {0},U zaměstnance {0} není nastaveno ID uživatele,
User ID Property,Vlastnost ID uživatele,
User Image,Obrázek uživatele,
User Invitation,Pozvánka uživatele,
User is disabled,Uživatel je zakázán,
User is mandatory for Share,Uživatel je pro sdílení povinný,
User Name,Jméno uživatele,
User not allowed to synchronize data from Frappe CRM on ERPNext. Contact System Manager of ERPNext.,Uživatel nemá oprávnění synchronizovat data z Frappe CRM do ERPNext. Kontaktujte správce systému ERPNext.,
User Permission,Uživatelské oprávnění,
User permission already exists,Uživatelské oprávnění již existuje,
User Permissions,Uživatelská oprávnění,
User Permissions are used to limit users to specific records.,Uživatelská oprávnění slouží k omezení přístupu uživatelů na konkrétní záznamy.,
User Permissions created successfully,Uživatelská oprávnění byla úspěšně vytvořena,
User Remark,Poznámka uživatele,
User Resolution Time,Doba vyřešení uživatelem,
User Role,Role uživatele,
User Role Profile,Profil role uživatele,
User Select Document Type,Typ dokumentu vybraný uživatelem,
User Session Display,Zobrazení relace uživatele,
User Social Login,Sociální přihlášení uživatele,
User Tags,Štítky uživatele,
User Type,Typ uživatele,
User Type Module,Modul typu uživatele,
User with email address {0} does not exist,Uživatel s e-mailovou adresou {0} neexistuje,
User with email: {0} does not exist in the system. Please ask 'System Administrator' to create the user for you.,"Uživatel s e-mailem: {0} v systému neexistuje. Požádejte prosím „Správce systému“, aby pro vás uživatele vytvořil.",
User {0} cannot be deleted,Uživatele {0} nelze smazat,
User {0} cannot be disabled,Uživatele {0} nelze zakázat,
User {0} cannot be renamed,Uživatele {0} nelze přejmenovat,
User {0} does not exist,Uživatel {0} neexistuje,
User {0} does not have access to this document,Uživatel {0} nemá přístup k tomuto dokumentu,
User {0} does not have doctype access via role permission for document {1},Uživatel {0} nemá přístup k DocType prostřednictvím oprávnění role pro dokument {1},
User {0} does not have the permission to create a Workspace.,Uživatel {0} nemá oprávnění vytvořit pracovní plochu.,
User {0} doesn't have any default POS Profile. Check Default at Row {1} for this User.,Uživatel {0} nemá žádný výchozí profil POS. Zkontrolujte výchozí hodnotu na řádku {1} pro tohoto uživatele.,
User {0} has requested for data deletion,Uživatel {0} požádal o smazání dat,
User {0} has started an impersonation session as you. <br><br><b>Reason provided:</b> {1},Uživatel {0} zahájil relaci s vaší identitou. <br><br><b>Uvedený důvod:</b> {1},
User {0} impersonated as {1},Uživatel {0} se vydával za {1},
User {0} is already assigned to Employee {1},Uživatel {0} je již přiřazen zaměstnanci {1},
User {0} is disabled,Uživatel {0} je zakázán,
User {0} is disabled. Please contact your System Manager.,Uživatel {0} je zakázán. Kontaktujte prosím svého správce systému.,
User {0} is not permitted to access this document.,Uživatel {0} nemá oprávnění k přístupu k tomuto dokumentu.,
User {0}: Removed Employee role as there is no mapped employee.,"Uživatel {0}: Role Zaměstnanec byla odebrána, protože není namapován žádný zaměstnanec.",
User {0}: Removed Employee Self Service role as there is no mapped employee.,"Uživatel {0}: Role Samoobsluha zaměstnance byla odebrána, protože není namapován žádný zaměstnanec.",
User {} is disabled. Please select valid user/cashier,Uživatel {} je zakázán. Vyberte prosím platného uživatele/pokladního,
Userinfo URI,URI informací o uživateli,
Username,Uživatelské jméno,
Username {0} already exists,Uživatelské jméno {0} již existuje,
Users,Uživatelé,
Using negative stock disables FIFO/Moving average valuation when inventory is negative.,"Použití záporných skladových zásob vypíná oceňování FIFO / klouzavým průměrem, pokud jsou zásoby záporné.",
Utility Expenses,Náklady na energie,
Utilization,Využití,
Utilization %,Využití (%),
UTM Analytics,UTM analytika,
Utm Campaign,UTM kampaň,
Utm Medium,UTM médium,
UTM Source,UTM zdroj,
Utm Source,UTM zdroj,
Vacancies,Volná místa,
vacancies,volná místa,
Vacancies cannot be lower than the current openings,Počet volných míst nesmí být nižší než aktuální počet otevřených pozic,
Vacancies fulfilled,Obsazená volná místa,
Valid for Countries,Platné pro země,
Valid From,Platné od,
Valid from and valid upto fields are mandatory for the cumulative,Pole „Platné od“ a „Platné do“ jsou pro kumulativní výpočet povinná,
Valid From date not in Fiscal Year {0},Datum „Platné od“ nespadá do fiskálního roku {0},
Valid From must be after {0} as last GL Entry against the cost center {1} posted on this date,"„Platné od“ musí být po {0}, protože k tomuto datu byl zaúčtován poslední zápis hlavní knihy pro nákladové středisko {1}",
Valid Till,Platné do,
Valid till Date cannot be before Transaction Date,Datum „Platné do“ nemůže být dřívější než datum transakce,
Valid till date cannot be before transaction date,Datum „Platné do“ nemůže být dřívější než datum transakce,
Valid Up To,Platné do,
Valid Up To date cannot be before Valid From date,Datum „Platné do“ nemůže být dřívější než datum „Platné od“,
Valid Up To date not in Fiscal Year {0},Datum „Platné do“ nespadá do fiskálního roku {0},
Valid Upto,Platné do,
Validate Applied Rule,Ověřit použité pravidlo,
Validate Attendance,Ověřit docházku,
Validate Components and Quantities Per BOM,Ověřit složky a množství podle kusovníku,
Validate consumed quantity (as per BOM),Ověřit spotřebované množství (dle kusovníku),
Validate Field,Ověřit pole,
Validate Frappe Mail Settings,Ověřit nastavení Frappe Mail,
Validate Material Transfer warehouses,Ověřit sklady pro přesun materiálu,
Validate Negative Stock,Ověřit záporný sklad,
Validate Pricing Rule,Ověřit cenové pravidlo,
Validate selling price for Item against purchase or valuation rate,Ověřit prodejní cenu položky vůči nákupní nebo oceňovací ceně,
Validate SSL Certificate,Ověřit certifikát SSL,
Validate Stock on Save,Ověřit sklad při uložení,
Validating Employee Attendance...,Ověřuje se docházka zaměstnanců...,
Validity,Platnost,
Validity and Usage,Platnost a využití,
Validity Details,Podrobnosti platnosti,
Validity in Days,Platnost ve dnech,
Validity period of this quotation has ended.,Doba platnosti této nabídky vypršela.,
Valuation (I - K),Ocenění (I - K),
Valuation Field Type,Typ pole ocenění,
Valuation Method,Metoda ocenění,
Valuation Rate,Oceňovací cena,
Valuation Rate (In / Out),Oceňovací cena (příjem / výdej),
Valuation rate for customer provided items has been set to zero.,Oceňovací cena u položek poskytnutých klientem byla nastavena na nulu.,
"Valuation Rate for the Item {0}, is required to do accounting entries for {1} {2}.",Pro vytvoření účetních zápisů pro {1} {2} je u položky {0} vyžadována oceňovací cena.,
Valuation Rate is mandatory if Opening Stock entered,"Pokud je zadán počáteční sklad, je oceňovací cena povinná",
Valuation Rate Missing,Chybí oceňovací cena,
Valuation Rate required for Item {0} at row {1},U položky {0} na řádku {1} je vyžadována oceňovací cena,
Valuation Type,Typ ocenění,
Valuation type charges can not be marked as Inclusive,Poplatky typu ocenění nelze označit jako „Včetně“,
Value,Hodnota,
Value (G - D),Hodnota (G - D),
Value ({0}),Hodnota ({0}),
Value / Description,Hodnota / popis,
Value After Depreciation,Hodnota po odpisu,
Value as on,Hodnota ke dni,
Value Based Inspection,Kontrola na základě hodnoty,
Value Based On,Hodnota založená na,
Value cannot be changed for {0},Hodnotu {0} nelze změnit,
Value cannot be negative for {0}: {1},Hodnota nesmí být záporná pro {0}: {1},
Value Change,Změna hodnoty,
Value Changed,Hodnota změněna,
Value Details,Podrobnosti hodnoty,
Value for a check field can be either 0 or 1,Hodnota zaškrtávacího pole může být pouze 0 nebo 1,
Value for Attribute {0} must be within the range of {1} to {2} in the increments of {3} for Item {4},Hodnota atributu {0} musí být v rozsahu {1} až {2} s krokem {3} u položky {4},
Value for field {0} is too long in {1}. Length should be lesser than {2} characters,Hodnota pole {0} je v {1} příliš dlouhá. Délka by měla být kratší než {2} znaků,
Value for {0} cannot be a list,Hodnota {0} nemůže být seznam,
Value missing,Chybí hodnota,
Value must be one of {0},Hodnota musí být jedna z {0},
Value of Goods,Hodnota zboží,
Value of goods cannot be 0,Hodnota zboží nesmí být 0,
Value of New Capitalized Asset,Hodnota nového kapitalizovaného majetku,
Value of New Purchase,Hodnota nového nákupu,
Value of Scrapped Asset,Hodnota vyřazeného majetku,
Value of Sold Asset,Hodnota prodaného majetku,
Value Or Qty,Hodnota nebo množství,
Value Proposition,Hodnotová nabídka,
Value To Be Set,Hodnota k nastavení,
Value to Validate,Hodnota k ověření,
Value too big,Hodnota je příliš velká,
Value Too Long,Hodnota je příliš dlouhá,
Value Type,Typ hodnoty,
Value {0} missing for {1},Chybí hodnota {0} pro {1},
Value {0} must be in the valid duration format: d h m s,Hodnota {0} musí být v platném formátu doby trvání: d h m s,
Value {0} must in {1} format,Hodnota {0} musí být ve formátu {1},
Values Changed,Změněné hodnoty,
Variable,Proměnná,
Variable Based On Taxable Salary,Proměnná založená na zdanitelné mzdě,
Variable Name,Název proměnné,
Variables,Proměnné,
Variance,Odchylka,
Variance ({}),Odchylka ({}),
Variant,Varianta,
Variant Attribute Error,Chyba atributu varianty,
Variant Attributes,Atributy varianty,
Variant Based On,Varianta založená na,
Variant Based On cannot be changed,Hodnotu „Varianta založená na“ nelze změnit,
Variant BOM,Kusovník varianty,
Variant creation has been queued.,Vytvoření varianty bylo zařazeno do fronty.,
Variant Details Report,Report podrobností varianty,
Variant Field,Pole varianty,
Variant Item,Varianta položky,
Variant Items,Varianty položek,
Variant Of,Varianta k,
Variant {0} and its template {1} cannot both be added to the same Pricing Rule,Variantu {0} a její šablonu {1} nelze přidat do stejného cenového pravidla zároveň,
Variants,Varianty,
VAT Accounts,Účty DPH,
VAT Amount (AED),Částka DPH (AED),
VAT Audit Report,Report auditu DPH,
VAT on Expenses and All Other Inputs,DPH z výdajů a všech ostatních vstupů,
VAT on Sales and All Other Outputs,DPH z prodejů a všech ostatních výstupů,
Vehicle,Vozidlo,
Vehicle Date,Datum vozidla,
Vehicle Expenses,Náklady na vozidlo,
Vehicle Log,Kniha jízd,
Vehicle No,Číslo vozidla,
Vehicle Number,Číslo vozidla,
Vehicle Service,Servis vozidla,
Vehicle Service Item,Položka servisu vozidla,
Vehicle Value,Hodnota vozidla,
Vendor Invoice,Faktura dodavatele,
Vendor Invoices,Faktury dodavatele,
Vendor Name,Název dodavatele,
Verification Code,Ověřovací kód,
Verification code has been sent to your registered email address.,Ověřovací kód byl odeslán na váš registrovaný e-mail.,
Verification Link Expiry Duration,Doba platnosti ověřovacího odkazu,
Verification link has expired.,Platnost ověřovacího odkazu vypršela.,
Verification Token,Ověřovací token,
Verified By,Ověřil,
Verify,Ověřit,
Version,Verze,
Vertical Align,Svislé zarovnání,
via Assignment Rule,prostřednictvím pravidla přiřazení,
via Auto Repeat,prostřednictvím automatického opakování,
via BOM Update Tool,prostřednictvím nástroje pro aktualizaci kusovníku,
Via Customer Portal,Přes portál klienta,
via Data Import,prostřednictvím importu dat,
Via Landed Cost Voucher,Přes doklad nákladů na pořízení,
via Notification,prostřednictvím oznámení,
via Salary Component sync,prostřednictvím synchronizace mzdové složky,
Video,Video,
Video Settings,Nastavení videa,
Video URL,URL videa,
Videos,Videa,
View,Zobrazit,
View Account Coverage,Zobrazit pokrytí účtu,
View Additional Salary entries,Zobrazit zápisy dodatečné mzdy,
View All,Zobrazit vše,
View All Prices,Zobrazit všechny ceny,
View all {0} users,Zobrazit všech {0} uživatelů,
View attachments,Zobrazit přílohy,
View BOM Update Log,Zobrazit protokol aktualizace kusovníku,
View Data Based on,Zobrazit data podle,
View Details,Zobrazit podrobnosti,
View Doctype Permissions,Zobrazit oprávnění DocType,
View Exchange Gain/Loss Journals,Zobrazit účetní zápisy kurzového zisku/ztráty,
View File,Zobrazit soubor,
View Goals,Zobrazit cíle,
View Job Offer,Zobrazit nabídku zaměstnání,
View Leads,Zobrazit potenciální zákazníky,
View Leave History,Zobrazit historii volna,
View Ledger,Zobrazit hlavní knihu,
View Ledgers,Zobrazit knihy,
View List,Zobrazit seznam,
View Log,Zobrazit protokol,
View MRP,Zobrazit MRP,
View Now,Zobrazit nyní,
View Permitted Documents,Zobrazit povolené dokumenty,
View Properties (via Customize Form),Zobrazit vlastnosti (přes Přizpůsobit formulář),
View Report,Zobrazit report,
View Salary Slips,Zobrazit výplatní pásky,
View Settings,Zobrazit nastavení,
View Stock Balance,Zobrazit skladový zůstatek,
View Stock Ledger,Zobrazit skladovou knihu,
View Switcher,Přepínač zobrazení,
View Type,Typ zobrazení,
View Website,Zobrazit web,
View {0},Zobrazit {0},
Viewed By,Zobrazil,
Views,Zobrazení,
Virtual,Virtuální,
Virtual DocType,Virtuální DocType,
Virtual DocType {} requires a static method called {} found {},"Virtuální DocType {} vyžaduje statickou metodu nazvanou {}, nalezeno {}",
Virtual DocType {} requires overriding an instance method called {} found {},"Virtuální DocType {} vyžaduje přepsání instanční metody nazvané {}, nalezeno {}",
Virtual tables must be virtual fields,Virtuální tabulky musí být virtuální pole,
Visibility,Viditelnost,
Visit Desktop,Přejít na plochu,
Visit Web Page,Navštívit webovou stránku,
Visited,Navštíveno,
Visitor ID,ID návštěvníka,
Voice Call Settings,Nastavení hlasových hovorů,
Voucher,Doklad,
Voucher #,Doklad č.,
Voucher Detail No,Číslo podrobnosti dokladu,
Voucher Detail Reference,Reference podrobnosti dokladu,
Voucher Details,Podrobnosti dokladu,
Voucher No,Číslo dokladu,
Voucher No is mandatory,Číslo dokladu je povinné,
Voucher Qty,Množství dokladu,
Voucher Subtype,Podtyp dokladu,
Voucher Type,Typ dokladu,
Voucher {0} is over-allocated by {1},Doklad {0} je nadměrně přidělen o {1},
Voucher-wise Balance,Zůstatek dle dokladu,
Vouchers,Doklady,
Wages,Mzdy,
Wait for it to finish. Deleting the lock file {} will not release the lock.,"Počkejte, až úloha dokončí. Smazání zámkového souboru {} zámek neuvolní.",
Waiting for payment...,Čeká se na platbu...,
Walk In,Bez ohlášení,
Warehouse,Sklad,
warehouse,Sklad,
Warehouse and Reference,Sklad a reference,
Warehouse can not be deleted as stock ledger entry exists for this warehouse.,"Sklad nelze smazat, protože pro něj existuje zápis ve skladové knize.",
Warehouse cannot be changed for Serial No.,Sklad nelze u sériového čísla změnit.,
Warehouse Capacity for Item '{0}' must be greater than the existing stock level of {1} {2}.,Kapacita skladu pro položku „{0}“ musí být vyšší než stávající stav zásob {1} {2}.,
Warehouse Capacity Summary,Přehled kapacity skladu,
Warehouse Contact Info,Kontaktní informace skladu,
Warehouse Defaults,Výchozí hodnoty skladu,
Warehouse Detail,Detail skladu,
Warehouse Details,Podrobnosti skladu,
Warehouse Disabled?,Sklad zakázán?,
Warehouse is mandatory,Sklad je povinný,
Warehouse is required to get producible FG Items,Pro zjištění vyrobitelných hotových výrobků je vyžadován sklad,
Warehouse Name,Název skladu,
Warehouse not found against the account {0},U účtu {0} nebyl nalezen sklad,
Warehouse required for stock Item {0},U skladové položky {0} je vyžadován sklad,
Warehouse Settings,Nastavení skladu,
Warehouse Type,Typ skladu,
Warehouse wise Item Balance Age and Value,Stáří a hodnota zůstatku položek dle skladu,
Warehouse Wise Stock Balance,Skladový zůstatek dle skladu,
Warehouse {0} can not be deleted as quantity exists for Item {1},"Sklad {0} nelze smazat, protože u položky {1} existuje množství",
Warehouse {0} does not belong to company {1},Sklad {0} nepatří firmě {1},
Warehouse {0} does not belong to Company {1}.,Sklad {0} nepatří firmě {1}.,
Warehouse {0} does not exist,Sklad {0} neexistuje,
"Warehouse {0} is not allowed for Sales Order {1}, it should be {2}","Sklad {0} není u prodejní objednávky {1} povolen, měl by to být {2}",
"Warehouse {0} is not linked to any account, please mention the account in the warehouse record or set default inventory account in company {1}.","Sklad {0} není propojen s žádným účtem. Uveďte prosím účet v záznamu skladu, nebo nastavte výchozí skladový účet ve firmě {1}.",
Warehouse: {0} does not belong to {1},Sklad: {0} nepatří {1},
Warehouses,Sklady,
Warehouses with child nodes cannot be converted to ledger,Sklady s podřízenými uzly nelze převést na knihu,
Warehouses with existing transaction can not be converted to group.,Sklady s existujícími transakcemi nelze převést na skupinu.,
Warehouses with existing transaction can not be converted to ledger.,Sklady s existujícími transakcemi nelze převést na knihu.,
Warn for new Purchase Orders,Upozornit na nové nákupní objednávky,
Warn for new Request for Quotations,Upozornit na nové poptávky,
Warn POs,Upozornit na nákupní objednávky,
Warn Purchase Orders,Upozornit na nákupní objednávky,
Warn RFQs,Upozornit na poptávky,
Warning,Upozornění,
Warning - Row {0}: Billing Hours are more than Actual Hours,Upozornění – řádek {0}: Fakturované hodiny jsou vyšší než skutečné hodiny,
Warning on Negative Stock,Upozornění na záporný sklad,
Warning!,Upozornění!,
Warning: Account changed for warehouse,Upozornění: Účet skladu byl změněn,
Warning: Another {0} # {1} exists against stock entry {2},Upozornění: Ke skladovému pohybu {2} existuje jiný {0} č. {1},
Warning: DATA LOSS IMMINENT! Proceeding will permanently delete following database columns from doctype {0}:,Upozornění: HROZÍ ZTRÁTA DAT! Pokračováním trvale smažete následující sloupce databáze z DocType {0}:,
"WARNING: Exotel app has been separated from ERPNext, please install the app to continue using Exotel integration.",UPOZORNĚNÍ: Aplikace Exotel byla oddělena od ERPNext. Pro další používání integrace Exotel prosím nainstalujte tuto aplikaci.,
Warning: Insufficient leave balance for Leave Type {0} in this allocation.,Upozornění: Nedostatečný zůstatek volna pro typ volna {0} v tomto přidělení.,
Warning: Insufficient leave balance for Leave Type {0}.,Upozornění: Nedostatečný zůstatek volna pro typ volna {0}.,
Warning: Leave application contains following block dates,Upozornění: Žádost o volno obsahuje následující blokovaná data,
WARNING: Loan Management module has been separated from ERPNext.,UPOZORNĚNÍ: Modul Správa úvěrů byl oddělen od ERPNext.,
Warning: Material Requested Qty is less than Minimum Order Qty,Upozornění: Požadované množství materiálu je nižší než minimální objednací množství,
Warning: Naming is not set,Upozornění: Není nastaveno pojmenování,
Warning: Quantity exceeds maximum producible quantity based on quantity of raw materials received through the Subcontracting Inward Order {0}.,Upozornění: Množství přesahuje maximální vyrobitelné množství na základě množství materiálu přijatého prostřednictvím vstupní objednávky subdodávky {0}.,
Warning: Sales Order {0} already exists against Customer's Purchase Order {1},Upozornění: K nákupní objednávce klienta {1} již existuje prodejní objednávka {0},
Warning: This action cannot be undone!,Upozornění: Tuto akci nelze vrátit zpět!,
Warning: Usage of 'format:' is discouraged.,Upozornění: Použití „format:“ se nedoporučuje.,
Warning: {0} already has an active Shift Assignment {1} for some/all of these dates.,Upozornění: {0} již má pro některá nebo všechna tato data aktivní přiřazení směny {1}.,
Warnings,Upozornění,
Warranty,Záruka,
Warranty / AMC Details,Podrobnosti záruky / AMC,
Warranty / AMC Status,Stav záruky / AMC,
Warranty Claim,Reklamace záruky,
Warranty Expiry (Serial),Konec záruky (sériové číslo),
Warranty Expiry Date,Datum konce záruky,
Warranty Period (Days),Záruční doba (dny),
Warranty Period (in days),Záruční doba (ve dnech),
Watch Video,Sledovat video,
"We can see {0} is made against {1}. If you want {1}'s outstanding to be updated, uncheck the '{2}' checkbox.","Vidíme, že {0} byl vytvořen vůči {1}. Pokud chcete aktualizovat neuhrazenou částku {1}, zrušte zaškrtnutí políčka „{2}“.",
We do not allow editing of this document. Simply click the Edit button on the workspace page to make your workspace editable and customize it as you wish,Úpravy tohoto dokumentu nejsou povoleny. Kliknutím na tlačítko Upravit na stránce pracovní plochy ji zpřístupníte pro úpravy a můžete si ji přizpůsobit dle svého,
We've received your query!,Váš dotaz jsme přijali!,
Web Form,Webový formulář,
Web Form Field,Pole webového formuláře,
Web Form Fields,Pole webového formuláře,
Web Form List Column,Sloupec seznamu webového formuláře,
Web Form Request,Požadavek webového formuláře,
Web Form Request key is required,Je vyžadován klíč požadavku webového formuláře,
Web Form Request link copied,Odkaz požadavku webového formuláře zkopírován,
Web Form Values,Hodnoty webového formuláře,
Web Page,Webová stránka,
Web Page Block,Blok webové stránky,
Web Page View,Zobrazení webové stránky,
Web Template,Webová šablona,
Web Template Field,Pole webové šablony,
Web Template is not specified,Webová šablona není zadána,
Web Template Values,Hodnoty webové šablony,
Web View,Webové zobrazení,
Webhook,Webhook,
Webhook Data,Data webhooku,
Webhook Header,Hlavička webhooku,
Webhook Headers,Hlavičky webhooku,
Webhook Request,Požadavek webhooku,
Webhook Request Log,Protokol požadavků webhooku,
Webhook Secret,Tajný klíč webhooku,
Webhook Security,Zabezpečení webhooku,
Webhook Trigger,Spuštění webhooku,
Webhook URL,URL webhooku,
Website,Web,
Website Analytics,Analytika webu,
Website Attribute,Atribut webu,
Website Description,Popis webu,
Website Filter Field,Filtrovací pole webu,
Website Image,Obrázek webu,
Website Item Group,Skupina položek na webu,
Website Listing,Zobrazení na webu,
Website Meta Tag,Meta tag webu,
Website Route Meta,Meta údaje trasy webu,
Website Route Redirect,Přesměrování trasy webu,
Website Script,Skript webu,
Website Search Field,Vyhledávací pole webu,
Website Search Field must be a valid fieldname,Vyhledávací pole webu musí být platný název pole,
Website Settings,Nastavení webu,
Website Sidebar,Postranní panel webu,
Website Sidebar Item,Položka postranního panelu webu,
Website Slideshow,Prezentace na webu,
Website Slideshow Item,Položka prezentace na webu,
Website Specifications,Specifikace webu,
Website Theme,Motiv webu,
Website Theme Ignore App,Aplikace ignorovaná motivem webu,
Website Theme Image,Obrázek motivu webu,
Website Theme image link,Odkaz na obrázek motivu webu,
Website Themes Available,Dostupné motivy webu,
Website Users,Uživatelé webu,
Website Visits,Návštěvy webu,
Wednesday,Středa,
Week {0} {1},Týden {0} {1},
Weekday,Den v týdnu,
Weekend Multiplier,Násobitel víkendu,
Weekly,Týdně,
Weekly Off,Týdenní volno,
Weekly Time to send,Týdenní čas odeslání,
Weight,Hmotnost,
Weight (kg),Hmotnost (kg),
Weight Per Unit,Hmotnost na jednotku,
Weight UOM,MJ hmotnosti,
Weightage (%),Váha (%),
Weighting Function,Váhová funkce,
Welcome,Vítejte,
Welcome email sent,Uvítací e-mail odeslán,
Welcome Email Template,Šablona uvítacího e-mailu,
Welcome to {0},Vítejte v {0},
Welcome URL,URL pro přivítání,
Welcome Workspace,Uvítací pracovní plocha,
What will be deleted:,Co bude smazáno:,
WhatsApp,WhatsApp,
Wheels,Kola,
"When creating an Item, entering a value for this field will automatically create an Item Price at the backend.",Při vytváření položky se zadáním hodnoty do tohoto pole automaticky vytvoří cena položky na pozadí.,
"When there are multiple finished goods ({0}) in a Repack stock entry, the basic rate for all finished goods must be set manually. To set rate manually, enable the checkbox 'Set Basic Rate Manually' in the respective finished good row.","Pokud je ve skladovém pohybu typu Přebalení více hotových výrobků ({0}), musí být základní cena u všech hotových výrobků nastavena ručně. Ručně ji nastavíte zaškrtnutím políčka „Nastavit základní cenu ručně“ v příslušném řádku hotového výrobku.",
Whereas allocation for Compensatory Leaves is automatically created or updated on submission of Compensatory Leave Request.,Přidělení náhradního volna se automaticky vytváří nebo aktualizuje při odeslání žádosti o náhradní volno.,
"While creating account for Child Company {0}, parent account {1} found as a ledger account.",Při vytváření účtu pro dceřinou firmu {0} byl nadřazený účet {1} nalezen jako analytický účet.,
"While creating account for Child Company {0}, parent account {1} not found. Please create the parent account in corresponding COA",Při vytváření účtu pro dceřinou firmu {0} nebyl nadřazený účet {1} nalezen. Vytvořte prosím nadřazený účet v příslušné účtové osnově,
White,Bílá,
Why is this Candidate Qualified for this Position?,Proč je tento uchazeč kvalifikovaný pro tuto pozici?,
Width,Šířka,
Width (cm),Šířka (cm),
Width of amount in word,Šířka částky slovy,
Widths can be set in px or %.,Šířku lze nastavit v px nebo %.,
Wildcard Filter,Zástupný filtr,
Will be your login ID,Bude vaším přihlašovacím ID,
Will only be shown if section headings are enabled,"Zobrazí se pouze v případě, že jsou povoleny nadpisy sekcí",
WIP Composite Asset,Kompozitní majetek v rozpracované výrobě (WIP),
WIP Warehouse,Sklad rozpracované výroby,
WIP WH,Sklad RV (WIP),
WIP Work Orders,Výrobní příkazy v rozpracované výrobě,
Wire Transfer,Bankovní převod,
With Operations,S operacemi,
With Period Closing Entry For Opening Balances,S dokladem uzávěrky období pro počáteční zůstatky,
Withdrawal,Výběr,
Withholding Date,Datum srážky,
Withholding Document,Dokument srážky,
Withholding Document Name,Název dokumentu srážky,
Withholding Document Type,Typ dokumentu srážky,
wkhtmltopdf 0.12.x (with patched qt).,wkhtmltopdf 0.12.x (s opravenou verzí qt).,
Won Opportunities,Vyhrané obchodní příležitosti,
Won Opportunity (Last 1 Month),Vyhraná obchodní příležitost (poslední 1 měsíc),
Work Anniversaries,Pracovní výročí,
Work Anniversary Reminder,Připomenutí pracovního výročí,
Work Done,Odvedená práce,
Work End Date,Datum konce práce,
Work Experience Calculation Method,Metoda výpočtu pracovní praxe,
Work From Date,Práce od data,
Work From Home,Práce z domova,
Work In Progress,Rozpracovaná výroba,
Work in Progress,Rozpracovaná výroba,
Work Order,Výrobní příkaz,
Work Order / Subcontract PO,Výrobní příkaz / objednávka subdodávky,
Work Order Additional Item,Dodatečná položka výrobního příkazu,
Work Order Analysis,Analýza výrobních příkazů,
Work Order cannot be created for following reason: <br> {0},Výrobní příkaz nelze vytvořit z následujícího důvodu: <br> {0},
Work Order cannot be raised against a Item Template,Výrobní příkaz nelze vytvořit vůči šabloně položky,
Work Order Consumed Materials,Materiál spotřebovaný výrobním příkazem,
Work Order has been {0},Výrobní příkaz byl {0},
Work Order Item,Položka výrobního příkazu,
Work Order Mismatch,Neshoda výrobního příkazu,
Work Order must reference a row in Production Plan {0}.,Výrobní příkaz musí odkazovat na řádek ve výrobním plánu {0}.,
Work Order must reference only one Production Plan row.,Výrobní příkaz musí odkazovat pouze na jeden řádek výrobního plánu.,
Work Order not created,Výrobní příkaz nebyl vytvořen,
Work Order Operation,Operace výrobního příkazu,
Work Order Qty,Množství výrobního příkazu,
Work Order Qty Analysis,Analýza množství výrobních příkazů,
Work Order Stock Report,Skladový report výrobních příkazů,
Work Order Summary,Přehled výrobních příkazů,
Work Order {0} created,Výrobní příkaz {0} vytvořen,
Work Order {0} has no produced qty,Výrobní příkaz {0} nemá žádné vyrobené množství,
Work Order {0}: Job Card not found for the operation {1},Výrobní příkaz {0}: Pro operaci {1} nebyla nalezena výrobní karta,
Work Orders,Výrobní příkazy,
Work Orders Created: {0},Vytvořené výrobní příkazy: {0},
Work Orders in Progress,Probíhající výrobní příkazy,
Work References,Pracovní reference,
Work Summary for {0},Přehled práce za {0},
Work-in-Progress Warehouse,Sklad rozpracované výroby,
Work-in-Progress Warehouse is required before Submit,Před odesláním je vyžadován sklad rozpracované výroby,
Workday,Pracovní den,
Workday {0} has been repeated.,Pracovní den {0} se opakuje.,
Worked On Holiday,Práce ve svátek,
Worker Information,Informace o pracovníkovi,
Worker Name,Jméno pracovníka,
Workflow,Workflow,
Workflow Action,Akce workflow,
Workflow Action Master,Číselník akcí workflow,
Workflow Action Name,Název akce workflow,
Workflow Action Permitted Role,Povolená role pro akci workflow,
Workflow Builder,Tvůrce workflow,
Workflow Builder allows you to create workflows visually. You can drag and drop states and link them to create transitions. Also you can update their properties from the sidebar.,"Tvůrce workflow umožňuje vytvářet workflow vizuálně. Stavy můžete přetahovat a propojovat, čímž vytváříte přechody. Jejich vlastnosti můžete upravovat také v postranním panelu.",
Workflow Builder ID,ID tvůrce workflow,
Workflow Data,Data workflow,
Workflow Document State,Stav dokumentu workflow,
Workflow Evaluation Error,Chyba vyhodnocení workflow,
Workflow Name,Název workflow,
Workflow State,Stav workflow,
Workflow State Field,Pole stavu workflow,
Workflow State not set,Stav workflow není nastaven,
Workflow State transition not allowed from {0} to {1},Přechod stavu workflow z {0} na {1} není povolen,
Workflow States Don't Exist,Stavy workflow neexistují,
Workflow Status,Stav workflow,
Workflow Transition,Přechod workflow,
Workflow Transition Task,Úkol přechodu workflow,
Workflow Transition Tasks,Úkoly přechodu workflow,
Working Days,Pracovní dny,
Working Days and Hours,Pracovní dny a hodiny,
Working From Home,Práce z domova,
Working Hours,Pracovní doba,
Working Hours Calculation Based On,Výpočet pracovní doby založen na,
Working Hours Threshold for Absent,Práh pracovní doby pro nepřítomnost,
Working Hours Threshold for Half Day,Práh pracovní doby pro půl dne,
Workspace,Pracovní plocha,
Workspace added to desktop,Pracovní plocha byla přidána na plochu,
Workspace Chart,Graf pracovní plochy,
Workspace Custom Block,Vlastní blok pracovní plochy,
Workspace Link,Odkaz pracovní plochy,
Workspace Number Card,Číselná karta pracovní plochy,
Workspace Quick List,Rychlý seznam pracovní plochy,
Workspace Shortcut,Zkratka pracovní plochy,
Workspace Sidebar,Postranní panel pracovní plochy,
Workspace Sidebar Item,Položka postranního panelu pracovní plochy,
Workstation,Pracoviště,
Workstation / Machine,Pracoviště / stroj,
Workstation Cost,Náklady pracoviště,
Workstation Dashboard,Dashboard pracoviště,
Workstation is closed on the following dates as per Holiday List: {0},Pracoviště je dle seznamu svátků {0} uzavřeno v následujících dnech,
Workstation Name,Název pracoviště,
Workstation Operating Component,Provozní složka pracoviště,
Workstation Operating Component Account,Účet provozní složky pracoviště,
Workstation Status,Stav pracoviště,
Workstation Type,Typ pracoviště,
Workstation Working Hour,Pracovní doba pracoviště,
Workstations,Pracoviště,
Wrapping up,Dokončování,
Write,Zápis,
Write Off,Odpis,
Write Off Account,Účet odpisu,
Write Off Amount,Výše odpisu,
Write Off Amount (Company Currency),Výše odpisu (měna firmy),
Write Off Based On,Odpis založen na,
Write Off Cost Center,Nákladové středisko odpisu,
Write Off Difference Amount,Rozdílová částka k odpisu,
Write Off Limit,Limit odpisu,
Write Off Outstanding Amount,Odepsat neuhrazenou částku,
Writeoff,Odpis,
Wrong Company,Nesprávná firma,
Wrong Fetch From value,Nesprávná hodnota Fetch From,
Wrong Password,Nesprávné heslo,
Wrong Template,Nesprávná šablona,
X Field,Pole X,
XML Files Processed,Zpracované soubory XML,
Y Axis,Osa Y,
Y Field,Pole Y,
Year,Rok,
Year End Date,Datum konce roku,
Year Name,Název roku,
Year of Passing,Rok absolvování,
Year Start Date,Datum začátku roku,
Year start date or end date is overlapping with {0}. To avoid please set company,"Datum začátku nebo konce roku se překrývá s {0}. Nastavte prosím firmu, abyste se tomu vyhnuli",
Year To Date,Od začátku roku (YTD),
Year To Date(Company Currency),Od začátku roku (měna firmy),
Yearly,Ročně,
Yearly Amount,Roční částka,
Yearly Benefit,Roční výhoda,
Yes,Ano,
"Yes, Proceed","Ano, pokračovat",
You are about to permanently delete data for {0} entries for company {1}.,Chystáte se trvale smazat data {0} záznamů pro firmu {1}.,
You are importing data for the code list:,Importujete data pro číselník:,
You are not allowed to access this resource,Nemáte oprávnění k přístupu k tomuto zdroji,
You are not allowed to access this {0} record because it is linked to {1} '{2}' in field {3},"Nemáte oprávnění k přístupu k tomuto záznamu {0}, protože je propojen s {1} „{2}“ v poli {3}",
"You are not allowed to access this {0} record because it is linked to {1} '{2}' in row {3}, field {4}","Nemáte oprávnění k přístupu k tomuto záznamu {0}, protože je propojen s {1} „{2}“ na řádku {3}, pole {4}",
You are not allowed to delete a standard Notification. You can disable it instead.,Standardní oznámení nelze smazat. Místo toho jej můžete zakázat.,
You are not allowed to delete a standard Website Theme,Standardní motiv webu nelze smazat,
You are not allowed to delete Standard Report,Standardní report nelze smazat,
You are not allowed to edit the report.,Nemáte oprávnění report upravovat.,
You are not allowed to export {} doctype,Nemáte oprávnění exportovat DocType {},
You are not allowed to update as per the conditions set in {} Workflow.,Nemáte oprávnění k aktualizaci podle podmínek nastavených ve workflow {}.,
You are not allowed to update attendance for another user.,Nemáte oprávnění aktualizovat docházku jiného uživatele.,
You are not allowed to update this Web Form Document,Nemáte oprávnění aktualizovat tento dokument webového formuláře,
You are not authorized to add or update entries before {0},Nemáte oprávnění přidávat nebo aktualizovat zápisy před {0},
You are not authorized to approve leaves on Block Dates,Nemáte oprávnění schvalovat volno na blokovaná data,
You are not authorized to make/edit Stock Transactions for Item {0} under warehouse {1} before this time.,Nemáte oprávnění vytvářet/upravovat skladové transakce u položky {0} ve skladu {1} před tímto časem.,
You are not authorized to set Frozen value,Nemáte oprávnění nastavit hodnotu Zmrazeno,
You are not authorized to undo this email,Nemáte oprávnění tento e-mail vrátit zpět,
You are not permitted to access the CTC report of another employee.,Nemáte oprávnění k přístupu k reportu CTC jiného zaměstnance.,
You are not permitted to access this page.,Nemáte oprávnění k přístupu na tuto stránku.,
You are not permitted to access this resource. Login to access,Nemáte oprávnění k přístupu k tomuto zdroji. Pro přístup se přihlaste,
You are not permitted to create a Task for Project {0},Nemáte oprávnění vytvořit úkol pro projekt {0},
You are not permitted to send SMS,Nemáte oprávnění odesílat SMS,
You are not present all day(s) between compensatory leave request days,Nejste přítomni po celé dny mezi dny žádosti o náhradní volno,
"You are only allowed to update order, do not remove or add apps.","Máte povoleno pouze aktualizovat pořadí, aplikace neodebírejte ani nepřidávejte.",
You are picking more than required quantity for the item {0}. Check if there is any other pick list created for the sales order {1}.,"Vychystáváte více, než je požadované množství u položky {0}. Zkontrolujte, zda pro prodejní objednávku {1} neexistuje jiný vychystávací seznam.",
"You are selecting Sync Option as ALL, It will resync all read as well as unread message from server. This may also cause the duplication of Communication (emails).",Vybíráte možnost synchronizace VŠE. Tím se znovu synchronizují všechny přečtené i nepřečtené zprávy ze serveru. To může způsobit i duplicitu komunikace (e-mailů).,
You can add dynamic properties from the document by using Jinja templating.,Pomocí šablonování Jinja můžete k dokumentu přidat dynamické vlastnosti.,
You can add the original invoice {} manually to proceed.,Pro pokračování můžete ručně přidat původní fakturu {}.,
You can also access wkhtmltopdf variables (valid only in PDF print):,Můžete také použít proměnné wkhtmltopdf (platné pouze při tisku do PDF):,
You can also set default CWIP account in Company {},Výchozí účet CWIP můžete nastavit také ve firmě {},
You can change the parent account to a Balance Sheet account or select a different account.,Nadřazený účet můžete změnit na účet rozvahy nebo vybrat jiný účet.,
You can disable this {0} instead of deleting it.,Místo mazání můžete tento {0} zakázat.,
You can increase the limit from System Settings.,Limit můžete zvýšit v Nastavení systému.,
You can not define multiple slabs if you have a slab with no lower and upper limits.,"Pokud máte pásmo bez dolní a horní hranice, nemůžete definovat více pásem.",
You can not enter current voucher in 'Against Journal Entry' column,Aktuální doklad nelze zadat do sloupce „Vůči účetnímu zápisu“,
You can not request for your Default Shift: {0},Nemůžete požádat o svou výchozí směnu: {0},
You can only edit your own replies.,Můžete upravovat pouze vlastní odpovědi.,
You can only have Plans with the same billing cycle in a Subscription,V předplatném můžete mít pouze plány se stejným fakturačním cyklem,
You can only plan for upto {0} vacancies and budget {1} for {2} as per staffing plan {3} for parent company {4}.,Podle personálního plánu {3} pro mateřskou firmu {4} můžete pro {2} plánovat maximálně {0} volných míst a rozpočet {1}.,
You can only redeem max {0} points in this order.,V této objednávce můžete uplatnit maximálně {0} bodů.,
You can only select one mode of payment as default,Jako výchozí lze vybrat pouze jeden způsob platby,
You can only submit Leave Encashment for a valid encashment amount,Proplacení volna lze odeslat pouze pro platnou částku proplacení,
"You can only upload JPG, PNG, GIF, PDF, TXT, CSV or Microsoft documents.","Nahrát lze pouze soubory JPG, PNG, GIF, PDF, TXT, CSV nebo dokumenty Microsoft.",
"You can only upload JPG, PNG, PDF, TXT or Microsoft documents.","Nahrát lze pouze soubory JPG, PNG, PDF, TXT nebo dokumenty Microsoft.",
You can only upload upto 5000 records in one go. (may be less in some cases),Nahrát lze najednou maximálně 5000 záznamů. (v některých případech může být limit nižší),
You can redeem upto {0}.,Můžete uplatnit až {0}.,
"You can select one from the following,","Můžete vybrat jednu z následujících možností,",
"You can set it as a machine name or operation type. For example, stiching machine 12",Můžete jej nastavit jako název stroje nebo typ operace. Například šicí stroj 12,
You can try changing the filters of your report.,Můžete zkusit změnit filtry svého reportu.,
You can use Customize Form to set levels on fields.,K nastavení úrovní polí můžete použít Přizpůsobit formulář.,
You can use {0} to reconcile against {1} later.,{0} můžete použít pro pozdější spárování vůči {1}.,
You can't make any changes to Job Card since Work Order is closed.,"Výrobní kartu nelze upravovat, protože výrobní příkaz je uzavřen.",
You can't process the serial number {0} as it has already been used in the SABB {1}. {2} if you want to inward same serial number multiple times then enabled 'Allow existing Serial No to be Manufactured/Received again' in the {3},"Sériové číslo {0} nelze zpracovat, protože již bylo použito v SABB {1}. {2} Pokud chcete stejné sériové číslo přijmout opakovaně, povolte „Povolit opakovanou výrobu/příjem existujícího sériového čísla“ v {3}",
You can't redeem Loyalty Points having more value than the Total Amount.,"Nelze uplatnit věrnostní body v hodnotě vyšší, než je celková částka.",
You can't set 'Options' for field {0},U pole {0} nelze nastavit „Možnosti“,
You can't set 'Translatable' for field {0},U pole {0} nelze nastavit „Přeložitelné“,
You can't set standard field {0} as virtual,Standardní pole {0} nelze nastavit jako virtuální,
You cannot change the rate if BOM is mentioned against any Item.,"Pokud je u některé položky uveden kusovník, nelze cenu změnit.",
You cannot create a dashboard chart from single DocTypes,Graf dashboardu nelze vytvořit z jednotlivých DocTypů,
You cannot create a {0} within the closed Accounting Period {1},V uzavřeném účetním období {1} nelze vytvořit {0},
You cannot create or cancel any accounting entries with in the closed Accounting Period {0},V uzavřeném účetním období {0} nelze vytvářet ani stornovat žádné účetní zápisy,
You cannot create/amend any accounting entries till this date.,Do tohoto data nelze vytvářet ani opravovat žádné účetní zápisy.,
You cannot credit and debit same account at the same time,Nelze současně zaúčtovat na stejný účet na stranu Dal i Má dáti,
You cannot delete Project Type 'External',Typ projektu „External“ nelze smazat,
You cannot edit root node.,Kořenový uzel nelze upravovat.,
You cannot enable both the settings '{0}' and '{1}'.,Nelze povolit obě nastavení „{0}“ i „{1}“ zároveň.,
"You cannot outward following {0} as either they are Delivered, Inactive or located in a different warehouse.","Následující {0} nelze vyskladnit, protože jsou buď dodány, neaktivní, nebo se nachází v jiném skladu.",
You cannot redeem more than {0}.,Nelze uplatnit více než {0}.,
You cannot repost item valuation before {},Ocenění položky nelze přeúčtovat před {},
You cannot restart a Subscription that is not cancelled.,"Nelze restartovat předplatné, které není stornováno.",
You cannot reverse more than the total LWP days {0}. You have already reversed {1} days for this employee.,"Nelze zrušit více dní neplaceného volna, než je jejich celkový počet {0}. U tohoto zaměstnance již bylo zrušeno {1} dní.",
You cannot share `{0}` on {1} `{2}` as you do not have `{0}` permission on `{1}`,"Nelze sdílet `{0}` u `{1}` `{2}`, protože nemáte oprávnění `{0}` k `{1}`",
You cannot submit empty order.,Prázdnou objednávku nelze odeslat.,
You cannot submit the order without payment.,Objednávku nelze odeslat bez platby.,
You cannot unset 'Read Only' for field {0},U pole {0} nelze zrušit „Pouze pro čtení“,
You cannot {0} this document because another Period Closing Entry {1} exists after {2},"Tento dokument nelze {0}, protože po {2} existuje jiný doklad uzávěrky období {1}",
You created this document,Tento dokument jste vytvořili vy,
You do not have access to Cloud Settings for this site.,Nemáte přístup k nastavení cloudu pro tento web.,
You do not have enough permission to access {0}: {1},Nemáte dostatečné oprávnění k přístupu k {0}: {1},
You do not have enough permissions to complete the action,Nemáte dostatečná oprávnění k dokončení akce,
You do not have import permission for {0},Nemáte oprávnění k importu pro {0},
You do not have permission to access child table field: {0},Nemáte oprávnění k přístupu k poli podřízené tabulky: {0},
You do not have permission to access field: {0},Nemáte oprávnění k přístupu k poli: {0},
You do not have permission to access this file,Nemáte oprávnění k přístupu k tomuto souboru,
You do not have permission to access {0}: {1}.,Nemáte oprávnění k přístupu k {0}: {1}.,
You do not have permission to complete this action,Nemáte oprávnění k dokončení této akce,
You do not have permission to create or restore documents of type {0}.,Nemáte oprávnění vytvářet nebo obnovovat dokumenty typu {0}.,
You do not have permission to import and submit bank transactions,Nemáte oprávnění importovat a odesílat bankovní transakce,
You do not have permission to import bank transactions,Nemáte oprávnění importovat bankovní transakce,
You do not have permission to restore this document.,Nemáte oprávnění tento dokument obnovit.,
You do not have permissions to {} items in a {}.,Nemáte oprávnění {} položky v {}.,
You don't have access to Report: {0},Nemáte přístup k reportu: {0},
You don't have enough Loyalty Points to redeem,Nemáte dostatek věrnostních bodů k uplatnění,
You don't have enough points to redeem.,Nemáte dostatek bodů k uplatnění.,
You don't have permission to access the {0} DocType.,Nemáte oprávnění k přístupu k DocType {0}.,
You don't have permission to access this file,Nemáte oprávnění k přístupu k tomuto souboru,
You don't have permission to create a Company Address. Please contact your System Manager.,Nemáte oprávnění vytvořit adresu firmy. Kontaktujte prosím svého správce systému.,
You don't have permission to create report for {0},Nemáte oprávnění vytvořit report pro {0},
You don't have permission to create Report records.,Nemáte oprávnění vytvářet záznamy reportů.,
You don't have permission to get a report on: {0},Nemáte oprávnění získat report o: {0},
You don't have permission to print: {0},Nemáte oprávnění tisknout: {0},
You don't have permission to read/attach the file {0}.,Nemáte oprávnění číst/přiložit soubor {0}.,
You don't have permission to update Company details. Please contact your System Manager.,Nemáte oprávnění aktualizovat údaje o firmě. Kontaktujte prosím svého správce systému.,
You don't have permission to update Received Qty DocField for item {0},Nemáte oprávnění aktualizovat pole Přijaté množství u položky {0},
You don't have permission to update this document. Please contact your System Manager.,Nemáte oprávnění tento dokument aktualizovat. Kontaktujte prosím svého správce systému.,
You don't have the permissions to access this document,Nemáte oprávnění k přístupu k tomuto dokumentu,
You had {} errors while creating opening invoices. Check {} for more details,Při vytváření počátečních faktur došlo k {} chybám. Podrobnosti najdete v {},
You have already applied for this position.,Na tuto pozici jste se již přihlásili.,
You have been invited to collaborate on the project {0}.,Byli jste pozváni ke spolupráci na projektu {0}.,
You have been successfully logged out,Byli jste úspěšně odhlášeni,
You have enabled {0} and {1} in {2}. This can lead to prices from the default price list being inserted in the transaction price list.,V {2} jste povolili {0} a {1}. To může vést k vložení cen z výchozího ceníku do ceníku transakce.,
You have enabled {0} and {1} in {2}. This can lead to prices from the default price list being inserted into the transaction price list.,V {2} jste povolili {0} a {1}. To může vést k vložení cen z výchozího ceníku do ceníku transakce.,
You have entered a duplicate Delivery Note on Row,Na řádku jste zadali duplicitní dodací list,
You have hit the row size limit on database table: {0},Dosáhli jste limitu velikosti řádku v databázové tabulce: {0},
You have no advances,Nemáte žádné zálohy,
You have no leaves allocated,Nemáte přiděleno žádné volno,
You have no notifications,Nemáte žádná oznámení,
You have no requests,Nemáte žádné požadavky,
You have no upcoming holidays,Nemáte žádné nadcházející svátky,
You have no upcoming shifts,Nemáte žádné nadcházející směny,
You have to enable auto re-order in Stock Settings to maintain re-order levels.,Pro udržování úrovní pro doobjednání musíte v Nastavení skladu povolit automatické doobjednávání.,
You have to enable Two Factor Auth from System Settings.,V Nastavení systému musíte povolit dvoufaktorové ověření.,
You have unsaved changes. Do you want to save the invoice?,Máte neuložené změny. Chcete fakturu uložit?,
You have unseen {0},Máte nepřečtené {0},
You hit the rate limit because of too many requests. Please try after sometime.,Dosáhli jste limitu počtu požadavků kvůli jejich vysokému počtu. Zkuste to prosím později.,
You last edited this document,Naposledy jste tento dokument upravili vy,
"You may add additional details, if any, and submit the offer.","Můžete doplnit další podrobnosti, pokud nějaké jsou, a nabídku odeslat.",
You must be logged in to use this form.,Pro použití tohoto formuláře musíte být přihlášeni.,
You must be within {0} meters of your shift location to check in.,Pro zaznamenání příchodu musíte být do {0} metrů od místa vaší směny.,
You must login to use this form,Pro použití tohoto formuláře se musíte přihlásit,
You must select a customer before adding an item.,Před přidáním položky musíte vybrat klienta.,
You need the '{0}' permission on {1} {2} to perform this action.,K provedení této akce potřebujete oprávnění „{0}“ k {1} {2}.,
You need the Workspace Manager role to edit this workspace.,Pro úpravu této pracovní plochy potřebujete roli Workspace Manager.,
You need to be a system user to access this page.,Pro přístup na tuto stránku musíte být uživatelem systému.,
You need to be in developer mode to edit a Standard Web Form,Pro úpravu standardního webového formuláře musíte být v režimu vývojáře,
You need to be logged in and have System Manager Role to be able to access backups.,Pro přístup k zálohám musíte být přihlášeni a mít roli Správce systému.,
You need to be logged in to access this page,Pro přístup na tuto stránku musíte být přihlášeni,
You need to be logged in to access this {0}.,Pro přístup k {0} musíte být přihlášeni.,
You need to be Workspace Manager to delete a public workspace.,Pro smazání veřejné pracovní plochy musíte mít roli Workspace Manager.,
You need to be Workspace Manager to edit this document,Pro úpravu tohoto dokumentu musíte mít roli Workspace Manager,
You need to be {0} to rename this document,Pro přejmenování tohoto dokumentu musíte mít roli {0},
You need to cancel POS Closing Entry {} to be able to cancel this document.,Pro stornování tohoto dokumentu musíte nejprve stornovat uzávěrku POS {}.,
"You need to have ""Share"" permission",Musíte mít oprávnění „Sdílet“,
You need to install pycups to use this feature!,Pro použití této funkce musíte nainstalovat pycups!,
You need to select indexes you want to add first.,"Nejprve musíte vybrat indexy, které chcete přidat.",
You need to set one IMAP folder for {0},Pro {0} musíte nastavit jednu složku IMAP,
You need write permission on {0} {1} to merge,Pro sloučení potřebujete oprávnění k zápisu k {0} {1},
You need write permission on {0} {1} to rename,Pro přejmenování potřebujete oprávnění k zápisu k {0} {1},
You need write permissions to add attachments to this record.,Pro přidání příloh k tomuto záznamu potřebujete oprávnění k zápisu.,
You need {0} permission to fetch values from {1} {2},Pro načtení hodnot z {1} {2} potřebujete oprávnění {0},
You selected the account group {1} as {2} Account in row {0}. Please select a single account.,Na řádku {0} jste jako účet {2} vybrali skupinu účtů {1}. Vyberte prosím jeden konkrétní účet.,
You were only present for Half Day on {}. Cannot apply for a full day compensatory leave,Dne {} jste byli přítomni pouze na půl dne. Nelze požádat o celodenní náhradní volno,
You've been invited to join {0},Byli jste pozváni k připojení do {0},
Your account has been deleted,Váš účet byl smazán,
Your account has been locked and will resume after {0} seconds,Váš účet byl uzamčen a bude obnoven za {0} sekund,
Your assignment on {0} {1} has been removed by {2},Vaše přiřazení k {0} {1} bylo odebráno uživatelem {2},
Your authorization attempt is invalid or has expired. Please try again.,Váš pokus o ověření je neplatný nebo vypršel. Zkuste to prosím znovu.,
Your browser does not support the audio element.,Váš prohlížeč nepodporuje prvek audio.,
Your browser does not support the video element.,Váš prohlížeč nepodporuje prvek video.,
Your Country,Vaše země,
"Your CSV file is being generated and will appear in the Attachments section once ready. Additionally, you will get notified when the file is available for download.","Váš soubor CSV se generuje a po dokončení se zobrazí v sekci Přílohy. Až bude soubor připraven ke stažení, budete také upozorněni.",
Your exported report: {0},Váš exportovaný report: {0},
Your Interview session is rescheduled from {0} {1} - {2} to {3} {4} - {5},Váš pohovor byl přeplánován z {0} {1} - {2} na {3} {4} - {5},
Your Language,Váš jazyk,
Your login attempt is invalid or has expired. Please try again.,Váš pokus o přihlášení je neplatný nebo vypršel. Zkuste to prosím znovu.,
Your order is out for delivery!,Vaše objednávka je na cestě k doručení!,
Your password has been changed and you might have been logged out of all systems.<br>Please contact the Administrator for further assistance.,Vaše heslo bylo změněno a mohli jste být odhlášeni ze všech systémů.<br>Pro další pomoc kontaktujte prosím administrátora.,
Your password has been updated.,Vaše heslo bylo aktualizováno.,
Your password has expired. Please reset your password to continue,Platnost vašeho hesla vypršela. Pro pokračování si prosím obnovte heslo,
Your report is being generated in the background. You will receive an email on {0} with a download link once it is ready.,"Váš report se generuje na pozadí. Jakmile bude připraven, obdržíte e-mail na {0} s odkazem ke stažení.",
"Your session has expired, please login again to continue.","Vaše relace vypršela, pro pokračování se prosím přihlaste znovu.",
Your Shortcuts,Vaše zkratky,
Youtube ID,ID YouTube,
YouTube Interactions,Interakce na YouTube,
Youtube Statistics,Statistiky YouTube,
YouTube Video ID,ID videa YouTube,
Zero,Nula,
Zero Balance,Nulový zůstatek,
Zero quantity,Nulové množství,
Zero Rated,Nulová sazba,
Zero-Quantity Line Items,Řádkové položky s nulovým množstvím,
Zip File,Soubor ZIP,
Zip file extracts to more than the maximum allowed size of {0} MB,"Soubor ZIP se rozbalí na více, než je maximální povolená velikost {0} MB",
{0} & {1} more,{0} a {1} další,
{0} '{1}' is disabled,{0} „{1}“ je zakázán,
{0} '{1}' not in Fiscal Year {2},{0} „{1}“ není ve fiskálním roce {2},
{0} ({1}) cannot be greater than planned quantity ({2}) in Work Order {3},{0} ({1}) nesmí být vyšší než plánované množství ({2}) u výrobního příkazu {3},
{0} <b>{1}</b> has submitted Assets. Remove Item <b>{2}</b> from table to continue.,{0} <b>{1}</b> má odeslaný majetek. Pro pokračování odstraňte položku <b>{2}</b> z tabulky.,
{0} <br> This error can be due to missing or deleted field.,{0} <br> Tato chyba může být způsobena chybějícím nebo smazaným polem.,
{0} account is not of company {1},Účet {0} nepatří firmě {1},
{0} account is not of type {1},Účet {0} není typu {1},
{0} Account not found against Customer {1}.,U klienta {1} nebyl nalezen účet {0}.,
{0} account not found while submitting purchase receipt,Při odesílání příjemky nebyl nalezen účet {0},
{0} Account: {1} ({2}) must be in either customer billing currency: {3} or Company default currency: {4},"Účet {0}: {1} ({2}) musí být buď ve fakturační měně klienta: {3}, nebo ve výchozí měně firmy: {4}",
{0} against Bill {1} dated {2},{0} vůči faktuře {1} ze dne {2},
{0} against Purchase Order {1},{0} vůči nákupní objednávce {1},
{0} against Sales Invoice {1},{0} vůči vydané faktuře {1},
{0} against Sales Order {1},{0} vůči prodejní objednávce {1},
{0} already allocated for Employee {1} for period {2} to {3},{0} je již přiděleno zaměstnanci {1} za období {2} až {3},
{0} already exists for employee {1} and period {2},{0} již existuje pro zaměstnance {1} a období {2},
{0} already has a Parent Procedure {1}.,{0} již má nadřazený postup {1}.,
{0} already has an active Shift Assignment {1} for some/all of these dates.,{0} již má pro některá nebo všechna tato data aktivní přiřazení směny {1}.,
{0} already unsubscribed,{0} má již zrušen odběr,
{0} already unsubscribed for {1} {2},{0} má již zrušen odběr pro {1} {2},
{0} and {1},{0} a {1},
{0} and {1} are mandatory,{0} a {1} jsou povinné,
{0} applicable after {1} calendar days,{0} platí po {1} kalendářních dnech,
{0} Appraisal(s) are not submitted yet,{0} hodnocení dosud nebylo odesláno,
{0} are required,{0} jsou vyžadovány,
{0} asset cannot be transferred,Majetek {0} nelze přesunout,
{0} assigned a new task {1} {2} to you,{0} vám přiřadil/a nový úkol {1} {2},
{0} assigned {1}: {2},{0} přiřadil/a {1}: {2},
{0} balance,Zůstatek {0},
{0} Budget for Account {1} against {2} {3} is {4}. It is already exceeded by {5}.,Rozpočet {0} pro účet {1} vůči {2} {3} činí {4}. Již byl překročen o {5}.,
{0} Budget for Account {1} against {2} {3} is {4}. It will be exceeded by {5}.,Rozpočet {0} pro účet {1} vůči {2} {3} činí {4}. Bude překročen o {5}.,
{0} can be either {1} or {2}.,"{0} může být buď {1}, nebo {2}.",
{0} can not be more than {1},{0} nesmí být vyšší než {1},
{0} can not be negative,{0} nesmí být záporné,
{0} cannot be amended because it is not cancelled. Please cancel the document before creating an amendment.,"{0} nelze opravit, protože není stornován. Před vytvořením opravy dokument prosím stornujte.",
{0} cannot be changed with opened Opening Entries.,"{0} nelze změnit, dokud jsou otevřené počáteční zápisy.",
{0} cannot be used as a Main Cost Center because it has been used as child in Cost Center Allocation {1},"{0} nelze použít jako hlavní nákladové středisko, protože je použito jako podřízené v alokaci nákladového střediska {1}",
{0} cannot be used as an accounting dimension as it is not a standalone document type.,"{0} nelze použít jako účetní dimenzi, protože se nejedná o samostatný typ dokumentu.",
{0} cannot be zero,{0} nesmí být nula,
{0} changed {1} to {2},{0} změnil/a {1} na {2},
{0} completed {1} {2},{0} dokončil/a {1} {2},
"{0} contains an invalid Fetch From expression, Fetch From can't be self-referential.","{0} obsahuje neplatný výraz Fetch From, Fetch From nemůže odkazovat sám na sebe.",
{0} contains invalid field(s): {1},{0} obsahuje neplatná pole: {1},
{0} Coupon used are {1}. Allowed quantity is exhausted,Použité kupony {0} jsou {1}. Povolené množství je vyčerpáno,
{0} created,{0} vytvořen,
{0} created successfully!,{0} byl úspěšně vytvořen!,
{0} created this document,{0} vytvořil/a tento dokument,
{0} creation for the following records will be skipped.,Vytvoření {0} u následujících záznamů bude přeskočeno.,
{0} currency must be same as company's default currency. Please select another account.,Měna {0} musí odpovídat výchozí měně firmy. Vyberte prosím jiný účet.,
"{0} currently has a {1} Supplier Scorecard standing, and Purchase Orders to this supplier should be issued with caution.","{0} má aktuálně hodnocení dodavatele {1}, proto by nákupní objednávky pro tohoto dodavatele měly být vystavovány s opatrností.",
"{0} currently has a {1} Supplier Scorecard standing, and RFQs to this supplier should be issued with caution.","{0} má aktuálně hodnocení dodavatele {1}, proto by poptávky pro tohoto dodavatele měly být vystavovány s opatrností.",
{0} Dashboard,Dashboard {0},
{0} deleted successfully!,{0} byl úspěšně smazán!,
{0} Digest,Přehled {0},
{0} does not belong to Company {1},{0} nepatří firmě {1},
{0} does not belong to the Company {1}.,{0} nepatří firmě {1}.,
{0} does not exist,{0} neexistuje,
{0} does not exist in row {1},{0} neexistuje na řádku {1},
{0} doesn't belong to Company {1}. Please select a Cost Center that belongs to Company {1}.,"{0} nepatří firmě {1}. Vyberte prosím nákladové středisko, které patří firmě {1}.",
{0} doesn't belong to Company {1}. Please select an Income Account that belongs to Company {1}.,"{0} nepatří firmě {1}. Vyberte prosím výnosový účet, který patří firmě {1}.",
{0} entered twice in Item Tax,{0} zadáno dvakrát v dani položky,
{0} entered twice {1} in Item Taxes,{0} zadáno dvakrát {1} v daních položky,
{0} failed!,{0} selhal!,
"{0} field cannot be set as unique in {1}, as there are non-unique existing values","Pole {0} nelze v {1} nastavit jako jedinečné, protože obsahuje neunikátní existující hodnoty",
{0} for {1},{0} pro {1},
{0} format could not be determined from the values in this column. Defaulting to {1}.,Formát {0} nebylo možné z hodnot v tomto sloupci určit. Použije se výchozí {1}.,
{0} Google Calendar Events synced.,Synchronizováno {0} událostí Google Kalendáře.,
{0} Google Contacts synced.,Synchronizováno {0} kontaktů Google.,
{0} has already assigned default value for {1}.,{0} již má přiřazenu výchozí hodnotu pro {1}.,
{0} has been modified after you pulled it. Please pull it again.,{0} byl po stažení změněn. Stáhněte jej prosím znovu.,
{0} has been submitted successfully,{0} byl úspěšně odeslán,
{0} has invalid backtick notation: {1},{0} má neplatnou notaci s obrácenými apostrofy: {1},
{0} has left the conversation in {1} {2},{0} opustil/a konverzaci v {1} {2},
{0} has Payment Term based allocation enabled. Select a Payment Term for Row #{1} in Payment References section,{0} má povoleno rozdělení podle platebních podmínek. V sekci Reference plateb vyberte platební podmínku pro řádek č. {1},
{0} has {1} enabled,{0} má povoleno {1},
{0} hours,{0} hodin,
{0} in row {1},{0} na řádku {1},
{0} in row {1} cannot have both URL and child items,{0} na řádku {1} nemůže mít zároveň URL i podřízené položky,
{0} is a built-in Notification Type and cannot be deleted. Disable it instead.,{0} je vestavěný typ oznámení a nelze jej smazat. Místo toho jej zakažte.,
{0} is a child table and will be deleted automatically with its parent,{0} je podřízená tabulka a bude automaticky smazána spolu s nadřazeným záznamem,
{0} is a group account. Please select a non-group Income Account.,{0} je skupinový účet. Vyberte prosím neskupinový výnosový účet.,
{0} is a group Cost Center. Please select a non-group Cost Center.,{0} je skupinové nákladové středisko. Vyberte prosím neskupinové nákladové středisko.,
{0} is a mandatory Accounting Dimension. <br>,{0} je povinná účetní dimenze. <br>,
{0} is a mandatory field,{0} je povinné pole,
{0} is a not a valid zip file,{0} není platný soubor ZIP,
{0} is a Virtual DocType and must implement its own delete() method.,{0} je virtuální DocType a musí implementovat vlastní metodu delete().,
{0} is added multiple times on rows: {1},{0} je přidáno vícekrát na řádcích: {1},
{0} is already a Reverse Journal Entry of {1}. Cancel it instead of reversing it.,{0} je již opačný účetní zápis k {1}. Namísto jeho zrušení opačným zápisem jej rovnou stornujte.,
{0} is already running for {1},{0} již běží pro {1},
{0} is an Accrual Component and this will be recorded as a payout in Employee Benefits Ledger,{0} je naběhlá složka a bude zaznamenána jako výplata v knize zaměstnaneckých výhod,
{0} is an invalid Attendance Status.,{0} je neplatný stav docházky.,
{0} is an invalid Data field.,{0} je neplatné datové pole.,
{0} is an invalid email address in 'Recipients',{0} je neplatná e-mailová adresa v poli „Příjemci“,
{0} is blocked so this transaction cannot proceed,"{0} je blokován, proto tuto transakci nelze provést",
{0} is disabled. Please select a valid Income Account.,{0} je zakázán. Vyberte prosím platný výnosový účet.,
{0} is disabled. Please select an enabled Cost Center.,{0} je zakázán. Vyberte prosím povolené nákladové středisko.,
{0} is in Draft. Submit it before creating the Asset.,{0} je ve stavu Koncept. Před vytvořením majetku jej odešlete.,
{0} is mandatory,{0} je povinné,
{0} is mandatory for account {1},{0} je povinné pro účet {1},
{0} is mandatory for Item {1},{0} je povinné pro položku {1},
{0} is mandatory. Maybe Currency Exchange record is not created for {1} to {2}.,{0} je povinné. Možná nebyl vytvořen záznam směnného kurzu z {1} na {2}.,
{0} is not a company bank account,{0} není bankovní účet firmy,
{0} is not a CSV file.,{0} není soubor CSV.,
{0} is not a field of doctype {1},{0} není pole DocType {1},
{0} is not a group node. Please select a group node as parent cost center,{0} není skupinový uzel. Jako nadřazené nákladové středisko vyberte prosím skupinový uzel,
{0} is not a holiday.,{0} není svátek.,
{0} is not a raw printing format.,{0} není formát pro přímý tisk (raw).,
{0} is not a stock Item,{0} není skladová položka,
{0} is not a valid Accounting Dimension.,{0} není platná účetní dimenze.,
{0} is not a valid Cron expression.,{0} není platný výraz Cron.,
{0} is not a valid Email Address,{0} není platná e-mailová adresa,
{0} is not a valid field of {1},{0} není platné pole {1},
{0} is not a valid ISO 3166 ALPHA-2 code.,{0} není platný kód ISO 3166 ALPHA-2.,
{0} is not a valid Name,{0} není platný název,
{0} is not a valid parent DocType for {1},{0} není platný nadřazený DocType pro {1},
{0} is not a valid parentfield for {1},{0} není platné pole parentfield pro {1},
{0} is not a valid Phone Number,{0} není platné telefonní číslo,
{0} is not a valid report format. Report format should one of the following {1},{0} není platný formát reportu. Formát reportu by měl být jeden z následujících: {1},
{0} is not a valid Value for Attribute {1} of Item {2}.,{0} není platná hodnota atributu {1} položky {2}.,
{0} is not a valid Workflow State. Please update your Workflow and try again.,{0} není platný stav workflow. Aktualizujte prosím workflow a zkuste to znovu.,
{0} is not a valid {1} fieldname.,{0} není platný název pole {1}.,
{0} is not a zip file,{0} není soubor ZIP,
{0} is not added in the table,{0} není přidáno do tabulky,
{0} is not allowed to submit Interview Feedback for the Interview: {1},{0} nemá oprávnění odeslat zpětnou vazbu k pohovoru: {1},
{0} is not an allowed role for {1},{0} není povolená role pro {1},
{0} is not an enabled Print Format for a Report,{0} není povolený tiskový formát pro report,
{0} is not an Income Account. Please select a valid Income Account.,{0} není výnosový účet. Vyberte prosím platný výnosový účet.,
{0} is not enabled in {1},{0} není povoleno v {1},
{0} is not in Optional Holiday List,{0} není v seznamu volitelných svátků,
{0} is not running. Cannot trigger events for this Document,{0} neběží. Pro tento dokument nelze spouštět události,
{0} is not the default supplier for any items.,{0} není výchozím dodavatelem u žádných položek.,
{0} is now default print format for {1} doctype,{0} je nyní výchozím tiskovým formátem pro DocType {1},
{0} is on hold till {1},{0} je pozastaveno do {1},
{0} is open. Close the POS or cancel the existing POS Opening Entry to create a new POS Opening Entry.,"{0} je otevřeno. Chcete-li vytvořit nový počáteční doklad POS, uzavřete POS nebo stornujte stávající počáteční doklad POS.",
{0} is required,{0} je vyžadováno,
{0} is required when {1} is {2},"{0} je vyžadováno, pokud je {1} rovno {2}",
{0} is the site's Demo Company and cannot be deleted directly. Use {1} instead.,{0} je ukázková firma webu a nelze ji smazat přímo. Použijte místo toho {1}.,
{0} items disassembled,{0} položek rozloženo,
{0} items in progress,{0} položek se zpracovává,
{0} items lost during process.,{0} položek bylo ztraceno během procesu.,
{0} items produced,{0} položek vyrobeno,
{0} items returned,{0} položek vráceno,
{0} items to return,{0} položek k vrácení,
{0} just impersonated as you. They gave this reason: {1},{0} se právě vydával/a za vás. Uvedl/a tento důvod: {1},
{0} languages are marked as default languages. Please select only one of them.,{0} jazyky jsou označeny jako výchozí. Vyberte prosím pouze jeden z nich.,
{0} last edited this document,{0} naposledy upravil/a tento dokument,
{0} leaves allocated successfully,{0} dnů volna bylo úspěšně přiděleno,
{0} leaves from allocation for {1} leave type have expired and will be processed during the next scheduled job. It is recommended to expire them now before creating new leave policy assignments.,{0} dnů volna z přídělu pro typ volna {1} vypršelo a bude zpracováno při příštím naplánovaném běhu. Doporučuje se nechat je vypršet ještě před vytvořením nových přiřazení politiky volna.,
{0} leaves were manually allocated by {1} on {2},{0} dnů volna bylo ručně přiděleno uživatelem {1} dne {2},
{0} liked,{0} označil/a jako líbí se mi,
{0} logged in,{0} se přihlásil/a,
{0} logged out: {1},{0} se odhlásil/a: {1},
{0} Missing,Chybí {0},
{0} must be after {1},{0} musí být po {1},
{0} must be beginning with '{1}',{0} musí začínat na „{1}“,
{0} must be equal to '{1}',{0} se musí rovnat „{1}“,
{0} must be negative in return document,{0} musí být ve vratném dokladu záporné,
{0} must be none of {1},{0} nesmí být žádné z {1},
{0} must be one of {1},{0} musí být jedno z {1},
{0} must be set first,Nejprve musí být nastaveno {0},
{0} must be submitted,{0} musí být odesláno,
{0} must be unique,{0} musí být jedinečné,
{0} must be {1} {2},{0} musí být {1} {2},
"{0} never sends email, so it cannot be enabled for users.","{0} nikdy neodesílá e-maily, proto jej nelze pro uživatele povolit.",
{0} not a valid State,{0} není platný stav,
{0} not allowed to be renamed,{0} nelze přejmenovat,
{0} Not allowed to change {1} after submission from {2} to {3},{0} Po odeslání není povoleno měnit {1} z {2} na {3},
{0} not allowed to transact with {1}. Please change the Company or add the Company in the 'Allowed To Transact With'-Section in the Customer record.,"{0} nemá povoleno obchodovat s {1}. Změňte prosím firmu, nebo ji přidejte do sekce „Povoleno obchodovat s“ v záznamu klienta.",
{0} not found for item {1},{0} nebylo nalezeno u položky {1},
{0} Number {1} is already used in {2} {3},Číslo {0} {1} je již použito v {2} {3},
{0} of {1},{0} z {1},
{0} of {1} Completed,{0} z {1} dokončeno,
{0} only.,pouze {0}.,
{0} Operating Cost for operation {1},Provozní náklady {0} pro operaci {1},
{0} Operations: {1},Operace {0}: {1},
{0} or {1},{0} nebo {1},
{0} parameter is invalid,Parametr {0} je neplatný,
{0} payment entries can not be filtered by {1},Platby {0} nelze filtrovat podle {1},
{0} qty of Item {1} is being received into Warehouse {2} with capacity {3}.,Množství {0} položky {1} je přijímáno do skladu {2} s kapacitou {3}.,
{0} record deleted,{0} záznam smazán,
{0} records deleted,{0} záznamů smazáno,
{0} removed their assignment.,{0} zrušil/a své přiřazení.,
{0} Request for {1},Žádost {0} pro {1},
"{0} Retain Sample is based on batch, please check Has Batch No to retain sample of item","Ponechání vzorku {0} je založeno na šarži, zaškrtněte prosím „Má sériové/šaržové číslo“, aby bylo možné ponechat vzorek položky",
{0} row #{1}:,{0} řádek č. {1}:,
{0} Row #{1}: Formula is set but {2} is disabled for the Salary Component {3}.,"{0} řádek č. {1}: Vzorec je nastaven, ale {2} je u mzdové složky {3} zakázáno.",
{0} Row #{1}: {2} needs to be enabled for the formula to be considered.,"{0} řádek č. {1}: Aby byl vzorec zohledněn, musí být povoleno {2}.",
{0} saved successfully,{0} bylo úspěšně uloženo,
{0} self assigned this task: {1},{0} si sám/sama přiřadil/a tento úkol: {1},
{0} shared a document {1} {2} with you,{0} s vámi sdílel/a dokument {1} {2},
{0} shared this document with everyone,{0} sdílel/a tento dokument se všemi,
{0} shared this document with {1},{0} sdílel/a tento dokument s {1},
{0} should be in format: app.module.method,{0} by mělo být ve formátu: app.module.method,
{0} should be indexed because it's referred in dashboard connections,"{0} by mělo být indexováno, protože je odkazováno v propojeních dashboardu",
{0} should not be same as {1},{0} by nemělo být stejné jako {1},
{0} subscribers added,Přidáno {0} odběratelů,
{0} successful!,{0} úspěšné!,
{0} successfully!,{0} úspěšně!,
{0} to stop receiving emails of this type,{0} pro zastavení příjmu e-mailů tohoto typu,
{0} to {1},{0} do {1},
{0} Transaction(s) Reconciled,Spárováno {0} transakcí,
{0} un-shared this document with {1},{0} zrušil/a sdílení tohoto dokumentu s {1},
"{0} units are reserved for Item {1} in Warehouse {2}, please un-reserve the same to {3} the Stock Reconciliation.","Pro položku {1} je ve skladu {2} rezervováno {0} jednotek, zrušte prosím jejich rezervaci, abyste mohli {3} skladovou inventuru.",
{0} units of Item {1} is not available in any of the warehouses.,{0} jednotek položky {1} není dostupné v žádném skladu.,
{0} units of Item {1} is not available in any of the warehouses. Other Pick Lists exist for this item.,{0} jednotek položky {1} není dostupné v žádném skladu. Pro tuto položku existují jiné vychystávací seznamy.,
{0} units of {1} are required in {2} with the inventory dimension: {3} on {4} {5} for {6} to complete the transaction.,Pro dokončení transakce {6} je v {2} s dimenzí zásob: {3} k {4} {5} vyžadováno {0} jednotek {1}.,
{0} units of {1} needed in {2} on {3} {4} for {5} to complete this transaction.,Pro dokončení transakce {5} je v {2} k {3} {4} potřeba {0} jednotek {1}.,
{0} units of {1} needed in {2} on {3} {4} to complete this transaction.,Pro dokončení této transakce je v {2} k {3} {4} potřeba {0} jednotek {1}.,
{0} units of {1} needed in {2} to complete this transaction.,Pro dokončení této transakce je v {2} potřeba {0} jednotek {1}.,
{0} Unread,{0} nepřečtených,
{0} updated,{0} aktualizováno,
{0} updated successfully!,{0} bylo úspěšně aktualizováno!,
{0} vacancies and {1} budget for {2} already planned for subsidiary companies of {3}. You can only plan for upto {4} vacancies and and budget {5} as per staffing plan {6} for parent company {3}.,Pro dceřiné firmy {3} je již naplánováno {0} volných míst a rozpočet {1} pro {2}. Podle personálního plánu {6} pro mateřskou firmu {3} můžete plánovat maximálně {4} volných míst a rozpočet {5}.,
{0} valid serial nos for Item {1},{0} platných sériových čísel pro položku {1},
{0} variants created.,Vytvořeno {0} variant.,
{0} view is currently unsupported in Custom Financial Report.,Zobrazení {0} není v současnosti v Custom Financial Report podporováno.,
{0} viewed this,{0} si to zobrazil/a,
{0} was set to today for items whose requested date has passed,"{0} bylo nastaveno na dnešek u položek, jejichž požadované datum již uplynulo",
{0} will be given as discount.,{0} bude poskytnuto jako sleva.,
{0} will be updated for the following Salary Structures: {1}.,{0} bude aktualizováno u následujících mzdových struktur: {1}.,
{0} with the role <strong>{1}</strong>,{0} s rolí <strong>{1}</strong>,
{0} {1} already exists,{0} {1} již existuje,
"{0} {1} cannot be ""{2}"". It should be one of ""{3}""",{0} {1} nemůže být „{2}“. Mělo by to být jedno z „{3}“,
{0} {1} cannot be a leaf node as it has children,"{0} {1} nemůže být koncový uzel, protože má podřízené prvky",
"{0} {1} cannot be updated. If you need to make changes, we recommend canceling the existing entry and creating a new one.","{0} {1} nelze aktualizovat. Pokud potřebujete provést změny, doporučujeme stornovat stávající zápis a vytvořit nový.",
{0} {1} created,{0} {1} vytvořen,
{0} {1} does not exist,{0} {1} neexistuje,
"{0} {1} does not exist, select a new target to merge","{0} {1} neexistuje, vyberte nový cíl pro sloučení",
{0} {1} has accounting entries in currency {2} for company {3}. Please select a receivable or payable account with currency {2}.,{0} {1} má účetní zápisy v měně {2} pro firmu {3}. Vyberte prosím pohledávkový nebo závazkový účet v měně {2}.,
{0} {1} has already been fully paid.,{0} {1} je již plně uhrazeno.,
{0} {1} has already been partly paid. Please use the 'Get Outstanding Invoice' or the 'Get Outstanding Orders' button to get the latest outstanding amounts.,{0} {1} je již částečně uhrazeno. Pro získání aktuálních neuhrazených částek použijte prosím tlačítko „Načíst neuhrazené faktury“ nebo „Načíst neuhrazené objednávky“.,
{0} {1} has been modified. Please refresh.,{0} {1} bylo změněno. Obnovte prosím stránku.,
{0} {1} has not been submitted so the action cannot be completed,"{0} {1} nebylo odesláno, proto nelze akci dokončit",
{0} {1} is allocated twice in this Bank Transaction,{0} {1} je v této bankovní transakci přiděleno dvakrát,
{0} {1} is already linked to Common Code {2}.,{0} {1} je již propojeno se společným kódem {2}.,
"{0} {1} is associated with {2}, but Party Account is {3}","{0} {1} je spojeno s {2}, ale účet partnera je {3}",
{0} {1} is blocked and on hold until {2}.,{0} {1} je blokováno a pozastaveno do {2}.,
{0} {1} is blocked.,{0} {1} je blokováno.,
{0} {1} is cancelled or closed,{0} {1} je stornováno nebo uzavřeno,
{0} {1} is cancelled or stopped,{0} {1} je stornováno nebo zastaveno,
{0} {1} is cancelled so the action cannot be completed,"{0} {1} je stornováno, proto nelze akci dokončit",
{0} {1} is closed,{0} {1} je uzavřeno,
{0} {1} is disabled,{0} {1} je zakázáno,
{0} {1} is frozen,{0} {1} je zmrazeno,
{0} {1} is fully billed,{0} {1} je plně vyúčtováno,
{0} {1} is not active,{0} {1} není aktivní,
{0} {1} is not associated with {2} {3},{0} {1} není spojeno s {2} {3},
{0} {1} is not submitted,{0} {1} není odesláno,
{0} {1} is on hold,{0} {1} je pozastaveno,
{0} {1} must be submitted,{0} {1} musí být odesláno,
{0} {1} not allowed to be reposted. You can enable it by adding it '{2}' table in {3}.,{0} {1} nelze přeúčtovat. Můžete to povolit přidáním do tabulky „{2}“ v {3}.,
{0} {1} not found,{0} {1} nebylo nalezeno,
{0} {1} Partially Reconciled,{0} {1} částečně spárováno,
{0} {1} status is {2}.,Stav {0} {1} je {2}.,
{0} {1}: 'Profit and Loss' type account {2} not allowed in Opening Entry,{0} {1}: Účet typu „Výsledovka“ {2} není v počátečním zápisu povolen,
{0} {1}: Account {2} does not belong to Company {3},{0} {1}: Účet {2} nepatří firmě {3},
{0} {1}: Account {2} is inactive,{0} {1}: Účet {2} je neaktivní,
{0} {1}: Accounting Entry for {2} can only be made in currency: {3},{0} {1}: Účetní zápis pro {2} lze vytvořit pouze v měně: {3},
{0} {1}: Cost Center is mandatory for Item {2},{0} {1}: Nákladové středisko je povinné pro položku {2},
{0} {1}: Cost Center is required for 'Profit and Loss' account {2}.,{0} {1}: U účtu výsledovky {2} je vyžadováno nákladové středisko.,
{0} {1}: Cost Center {2} does not belong to Company {3},{0} {1}: Nákladové středisko {2} nepatří firmě {3},
{0} {1}: Customer is required against Receivable account {2},{0} {1}: U pohledávkového účtu {2} je vyžadován klient,
{0} {1}: Either debit or credit amount is required for {2},{0} {1}: U {2} je vyžadována částka na stranu Má dáti nebo Dal,
{0} {1}: Submitted Record cannot be deleted. You must {2} Cancel {3} it first.,{0} {1}: Odeslaný záznam nelze smazat. Nejprve jej musíte {2}stornovat{3}.,
{0} {1}: Supplier is required against Payable account {2},{0} {1}: U závazkového účtu {2} je vyžadován dodavatel,
{0}% Billed,{0} % vyúčtováno,
{0}% Delivered,{0} % dodáno,
{0}% of total invoice value will be given as discount.,{0} % z celkové hodnoty faktury bude poskytnuto jako sleva.,
{0}'s {1} cannot be after {2}'s Expected End Date.,{1} u {0} nemůže být po očekávaném datu konce {2}.,
{0}'s {1} cannot be before {2}'s Expected Start Date.,{1} u {0} nemůže být před očekávaným datem začátku {2}.,
"{0}, complete the operation {1} before the operation {2}.","{0}, dokončete operaci {1} před operací {2}.",
"{0}, Row {1}","{0}, řádek {1}",
"{0}, {1} or {2} are the only allowed options.","Jedinými povolenými možnostmi jsou {0}, {1} nebo {2}.",
{0}. Check error log for more details.,{0}. Podrobnosti najdete v protokolu chyb.,
{0}/{1} complete | Please leave this tab open until completion.,{0}/{1} dokončeno | Ponechte prosím tuto kartu otevřenou až do dokončení.,
"{0}: '{1}' ({3}) will get truncated, as max characters allowed is {2}","{0}: „{1}“ ({3}) bude zkráceno, protože maximální povolený počet znaků je {2}",
{0}: Cannot set Amend without Cancel,{0}: Nelze nastavit Opravit bez Stornovat,
{0}: Cannot set Assign Amend if not Submittable,"{0}: Nelze nastavit Přiřadit opravu, pokud dokument nelze odesílat",
{0}: Cannot set Assign Submit if not Submittable,"{0}: Nelze nastavit Přiřadit odeslání, pokud dokument nelze odesílat",
{0}: Cannot set Cancel without Submit,{0}: Nelze nastavit Stornovat bez Odeslat,
{0}: Cannot set import as {1} is not importable,"{0}: Nelze nastavit import, protože {1} není importovatelné",
{0}: Cannot set Import without Create,{0}: Nelze nastavit Import bez Vytvořit,
"{0}: Cannot set Submit, Cancel, Amend without Write","{0}: Nelze nastavit Odeslat, Stornovat, Opravit bez Zápis",
{0}: Child table (auto-deleted with parent),{0}: Podřízená tabulka (automaticky smazána s nadřazeným záznamem),
"{0}: Employee email not found, hence email not sent","{0}: Nebyl nalezen e-mail zaměstnance, e-mail proto nebyl odeslán",
"{0}: expected ""{1}"", got ""{2}""","{0}: očekáváno „{1}“, obdrženo „{2}“",
"{0}: Failed to attach new recurring document. To enable attaching document in the auto repeat notification email, enable {1} in Print Settings","{0}: Nepodařilo se přiložit nový opakující se dokument. Chcete-li povolit přikládání dokumentu do e-mailu oznámení o automatickém opakování, povolte {1} v Nastavení tisku",
{0}: Field '{1}' cannot be set as Unique as it has non-unique values,"{0}: Pole „{1}“ nelze nastavit jako jedinečné, protože obsahuje neunikátní hodnoty",
{0}: Field {1} in row {2} cannot be hidden and mandatory without default,{0}: Pole {1} na řádku {2} nemůže být skryté a zároveň povinné bez výchozí hodnoty,
{0}: Field {1} of type {2} cannot be mandatory,{0}: Pole {1} typu {2} nemůže být povinné,
{0}: fieldname cannot be set to reserved field {1} in DocType,{0}: Název pole nelze nastavit na rezervované pole {1} v DocType,
{0}: fieldname cannot be set to reserved keyword {1},{0}: Název pole nelze nastavit na rezervované klíčové slovo {1},
{0}: Fieldname {1} appears multiple times in rows {2},{0}: Název pole {1} se vyskytuje vícekrát na řádcích {2},
{0}: Fieldtype {1} for {2} cannot be unique,{0}: Typ pole {1} pro {2} nemůže být jedinečný,
{0}: From {0} of type {1},{0}: Z {0} typu {1},
{0}: Link field cannot reference DocType {1} without Guest read permission,{0}: Odkazové pole nemůže odkazovat na DocType {1} bez oprávnění ke čtení pro hosty,
{0}: No basic permissions set,{0}: Nejsou nastavena žádná základní oprávnění,
{0}: Not found,{0}: Nenalezeno,
"{0}: Only one rule allowed with the same Role, Level and {1}","{0}: Se stejnou rolí, úrovní a {1} je povoleno pouze jedno pravidlo",
{0}: Options must be a valid DocType for field {1} in row {2},{0}: Možnosti musí být platný DocType pro pole {1} na řádku {2},
{0}: Options required for Link or Table type field {1} in row {2},{0}: U pole {1} typu Odkaz nebo Tabulka na řádku {2} jsou vyžadovány možnosti,
{0}: Options {1} must be the same as doctype name {2} for the field {3},{0}: Možnosti {1} musí odpovídat názvu DocType {2} u pole {3},
{0}: Permission at level 0 must be set before higher levels are set,{0}: Před nastavením vyšších úrovní musí být nastaveno oprávnění na úrovni 0,
{0}: Protected DocType,{0}: Chráněný DocType,
{0}: remove invalid value(s) {1},{0}: odstraňte neplatné hodnoty {1},
{0}: select the typed value {1} from the list or clear it,"{0}: vyberte zadanou hodnotu {1} ze seznamu, nebo ji vymažte",
{0}: Virtual DocType (no database table),{0}: Virtuální DocType (bez databázové tabulky),
{0}: {1} does not belong to the Company: {2},{0}: {1} nepatří firmě: {2},
{0}: {1} does not exist,{0}: {1} neexistuje,
{0}: {1} is a group account.,{0}: {1} je skupinový účet.,
{0}: {1} is set to state {2},{0}: {1} je nastaveno na stav {2},
{0}: {1} must be less than {2},{0}: {1} musí být menší než {2},
{0}:Fieldtype {1} for {2} cannot be indexed,{0}: Typ pole {1} pro {2} nelze indexovat,
{count} Assets created for {item_code},Pro {item_code} vytvořeno {count} položek majetku,
{doctype} {name} is cancelled or closed.,{doctype} {name} je stornováno nebo uzavřeno.,
{field_label} is mandatory for sub-contracted {doctype}.,{field_label} je povinné pro subdodávaný {doctype}.,
{item_name}'s Sample Size ({sample_size}) cannot be greater than the Accepted Quantity ({accepted_quantity}),Velikost vzorku položky {item_name} ({sample_size}) nesmí být vyšší než přijaté množství ({accepted_quantity}),
{party_type} Name,Název {party_type},
{party_type} Type,Typ {party_type},
{ref_doctype} {ref_name} status is {status}.,Stav {ref_doctype} {ref_name} je {status}.,
{{{0}}} is not a valid fieldname pattern. It should be {{field_name}}.,{{{0}}} není platný vzor názvu pole. Měl by být ve formátu {{field_name}}.,
{} does not support automated log clearing.,{} nepodporuje automatické mazání protokolů.,
{} field cannot be empty.,Pole {} nesmí být prázdné.,
{} has been disabled. It can only be enabled if {} is checked.,"{} bylo zakázáno. Lze jej povolit pouze v případě, že je zaškrtnuto {}.",
{} has submitted assets linked to it. You need to cancel the assets to create purchase return.,S {} jsou propojeny odeslané položky majetku. Pro vytvoření vratky z nákupu je nutné tyto položky majetku stornovat.,
{} Invalid python code on line {},{} Neplatný kód Python na řádku {},
{} is a child company.,{} je dceřiná firma.,
{} is not a valid date string.,{} není platný řetězec data.,
{} not found in PATH! This is required to access the console.,{} nebylo nalezeno v PATH! Je to vyžadováno pro přístup ke konzoli.,
{} not found in PATH! This is required to restore the database.,{} nebylo nalezeno v PATH! Je to vyžadováno pro obnovení databáze.,
{} not found in PATH! This is required to take a backup.,{} nebylo nalezeno v PATH! Je to vyžadováno pro vytvoření zálohy.,
{} Possibly invalid python code. <br>{},{} Pravděpodobně neplatný kód Python. <br>{},
{} {} is already linked with another {},{} {} je již propojeno s jiným {},
{} {} is already linked with {} {},{} {} je již propojeno s {} {},
{} {} is not affecting bank account {},{} {} neovlivňuje bankovní účet {},
{} {} open for this position.,{} {} otevřeno pro tuto pozici.,
