"""Customer Provided Item"" cannot be Purchase Item also",,
"""Customer Provided Item"" cannot have Valuation Rate",,
"""From Date"" can not be greater than or equal to ""To Date""",,
"""Is Fixed Asset"" cannot be unchecked, as Asset record exists against the item",,
"""Parent"" signifies the parent table in which this row must be added",,
"""{0}"" is not a valid Google Sheets URL",,
# In Stock,,
# Req'd Items,,
%  Delivered,,
% Amount Billed,,
% Billed,,
% Complete Method,,
% Complete must be between 0 and 100,,
% Completed,,
% Cost Allocation,,
% Delivered,,
% Finished Item Quantity,,
% Installed,,
% Occupied,,
% Of Grand Total,,
% Ordered,,
% Picked,,
% Process Loss,,
% Produced,,
% Progress,,
% Raw Material Received,,
% Raw Material Returned,,
% Received,,
% Returned,,
% Utilization (B + NB) / T,,
% Utilization (B / T),,
&lt;head&gt; HTML,,
'*' is only allowed in {0} SQL function(s),,
'Account' in the Accounting section of Customer {0},,
'Allow Multiple Sales Orders Against a Customer's Purchase Order',,
'Based On' and 'Group By' can not be same,,
'Days Since Last Order' must be greater than or equal to zero,,
'Default {0} Account' in Company {1},,
'employee_field_value' and 'timestamp' are required.,,
'employee_fieldname' must be one of {0}.,,
'Entries' cannot be empty,,
'From Date' is required,,
'From Date' must be after 'To Date',,
'Has Serial No' can not be 'Yes' for non-stock item,,
'In Global Search' not allowed for type {0} in row {1},,
'In List View' not allowed for type {0} in row {1},,
"'Inspection Required before Delivery' has disabled for the item {0}, no need to create the QI",,
"'Inspection Required before Purchase' has disabled for the item {0}, no need to create the QI",,
'Opening',,
'Recipients' not specified,,
'To Date' is required,,
'To Package No.' cannot be less than 'From Package No.',,
'Update Stock' can not be checked because items are not delivered via {0},,
'Update Stock' cannot be checked for fixed asset sale,,
'Verification Link Expiry Duration' must be between 15 to 60 minutes.,,
'{0}' account is already used by {1}. Use another account.,,
'{0}' has been already added.,,
'{0}' is not a valid IBAN,,
'{0}' is not a valid URL,,
'{0}' not allowed for type {1} in row {2},,
'{0}' should be in company currency {1}.,,
(A) Qty After Transaction,,
(B) Expected Qty After Transaction,,
(C) Total qty in queue,,
(C) Total Qty in Queue,,
(D) Balance Stock Value,,
(E) Balance Stock Value in Queue,,
(F) Change in Stock Value,,
(Forecast),,
(G) Sum of Change in Stock Value,,
(H) Change in Stock Value (FIFO Queue),,
(H) Valuation Rate,,
(I) Valuation Rate,,
(J) Valuation Rate as per FIFO,,
(K) Valuation = Value (D) ÷ Qty (A),,
(none),,
) for {0},,
** Failed: {0} to {1}: {2},,
+ Add Price,,
...Fetching Employees,,
0-30 Days,,
1 Google Calendar Event synced.,,
30-60 Days,,
60-90 Days,,
90 Above,,
<b>Base</b> amount has not been set for the following employee(s): {0},,
<b>Cannot create asset.</b><br><br>,,
<b>From Time</b> cannot be later than <b>To Time</b> for {0},,
<b>Row #{0}:</b> Bundle {1} in warehouse {2} has insufficient packed items:<br><div style='margin-top: 15px;'><ul style='line-height: 0.8;'>{3}</ul></div>,,
<b>Total Leaves Allocated</b> are more than the number of days in the allocation period,,
<li>Clearance date must be after cheque date for row(s): {0}</li>,,
<li>Item {0} in row(s) {1} billed more than {2}</li>,,
"<li>Packed Item {0}: Required {1}, Available {2}</li>",,
<li>Payment document required for row(s): {0}</li>,,
<li>{}</li>,,
<p>Cannot overbill for the following Items:</p>,,
<p>Following {0}s doesn't belong to Company {1} :</p>,,
<p>Please correct the following row(s):</p><ul>,,
<p>Posting Date {0} cannot be before Purchase Order date for the following:</p><ul>,,
"<p>Price List Rate has not been set as editable in Selling Settings. In this scenario, setting <strong>Update Price List Based On</strong> to <strong>Price List Rate</strong> will prevent auto-updation of Item Price.</p>Are you sure you want to continue?",,
"<p>To allow over-billing, please set allowance in Accounts Settings.</p>",,
"<p>Your OTP secret on {0} has been reset. If you did not perform this reset and did not request it, please contact your System Administrator immediately.</p>",,
<strong>Grand Total:</strong> {0},,
<strong>Outstanding Amount:</strong> {0},,
<strong>Warning:</strong> This field is system generated and may be overwritten by a future update. Modify it using {0} instead.,,
<ul>{error_list_html}</ul>,,
[Important] [ERPNext] Auto Reorder Errors,,
_Test Print Heading,,
_Test Report 1,,
_Test Shipping Rule,,
_Test Shipping Rule - India,,
_Test Shipping Rule - Rest of the World,,
`Allow Negative rates for Items`,,
`as_iterator` only works with `as_list=True` or `as_dict=True`,,
`doctype` and `fieldname` are required for deleting property setters.,,
`job_id` paramater is required for deduplication.,,
A - B,,
A - C,,
A Customer Group exists with same name please change the Customer name or rename the Customer Group,,
A DocType's name should start with a letter and can only,,
A draft reverse journal for {0} has been created: {1},,
A driver must be set to submit.,,
A field with the name {0} already exists in {1},,
A file with same name {} already exists,,
A folder cannot have a File URL,,
A friendly reminder of an important date for our team.,,
A Holiday List can be added to exclude counting these days for the Workstation.,,
A Job Requisition already exists for {0} requested by {1} for the same department.<br> Do you want to continue?,,
A Lead requires either a person's name or an organization's name,,
A naming series conflict occurred while creating serial numbers. Please change the naming series for the item {0}.,,
A Packing Slip can only be created for Draft Delivery Note.,,
A Period Closing Voucher is already submitted and an Opening Entry can no longer be created. {0} to learn more.,,
A Reconciliation Job {0} is running for the same filters. Cannot reconcile now,,
A recurring {0} {1} has been created for you via Auto Repeat {2}.,,
A Reverse Journal Entry {0} already exists for this Journal Entry.,,
A separate Purchase Order is created for each Supplier.,,
A template already exists for field {0} of {1},,
A template with tax category {0} already exists. Only one template is allowed with each tax category,,
A verified appointment cannot be moved back to 'Unverified' status.,,
A word by itself is easy to guess.,,
A {0} exists between {1} and {2} (,,
Abbr,,
Abbreviation,,
Abbreviation already used for another company,,
Abbreviation is mandatory,,
Abbreviation: {0} must appear only once,,
About Us Settings,,
About Us Team Member,,
About {0} minute remaining,,
About {0} minutes remaining,,
About {0} seconds remaining,,
Above,,
Absent Days,,
Absent Records,,
Acceptance Criteria Formula,,
Acceptance Criteria Value,,
Accepted,,
Accepted At,,
Accepted Job Applicants,,
Accepted Qty,,
Accepted Qty in Stock UOM,,
Accepted Quantity,,
Accepted Warehouse,,
Access Control,,
Access Key,,
Access Key is required for Service Provider: {0},,
Access Log,,
Access not allowed from this IP Address,,
Access Token,,
Access Token URL,,
"According to the BOM {0}, the Item '{1}' is missing in the stock entry.",,
Account,,
account,,
Account Balance,,
"Account balance already in Credit, you are not allowed to set 'Balance Must Be' as 'Debit'",,
"Account balance already in Debit, you are not allowed to set 'Balance Must Be' as 'Credit'",,
Account Category,,
Account Category Name,,
Account Closing Balance,,
Account company does not match with the rule company.,,
Account Currency,,
Account Currency (From),,
Account Currency (To),,
Account Deletion Settings,,
Account Detail Level,,
Account Details,,
Account Filter,,
Account for Change Amount,,
Account Head,,
Account is mandatory,,
Account is mandatory to get payment entries,,
Account is not set for the dashboard chart {0},,
Account Manager,,
Account Missing,,
Account Name,,
Account No,,
Account Not Found,,
Account not Found,,
Account Number,,
Account Number {0} already used in account {1},,
Account Opening Balance,,
Account Paid From,,
Account Paid To,,
Account Pay Only,,
Account Subtype,,
Account Type,,
"Account type should be set {0} for payroll payable account {1}, please set and try again",,
Account Value,,
Account with child nodes cannot be converted to ledger,,
Account with child nodes cannot be set as ledger,,
Account with existing transaction can not be converted to group.,,
Account with existing transaction can not be deleted,,
Account with existing transaction cannot be converted to ledger,,
Account {0} added multiple times,,
Account {0} cannot be converted to Group as it is already set as {1} for {2}.,,
Account {0} cannot be disabled as it is already set as {1} for {2}.,,
Account {0} does not belong to company {1},,
Account {0} does not belong to company: {1},,
Account {0} does not exist,,
Account {0} does not exists,,
Account {0} does not exists in the dashboard chart {1},,
Account {0} does not match with Company {1},,
Account {0} does not match with Company {1} in Mode of Account: {2},,
Account {0} doesn't belong to Company {1},,
Account {0} exists in parent company {1}.,,
Account {0} is added in the child company {1},,
Account {0} is disabled.,,
Account {0} is frozen,,
Account {0} is invalid. Account Currency must be {1},,
Account {0} should be of type Expense,,
Account {0}: Parent account {1} can not be a ledger,,
Account {0}: Parent account {1} does not belong to company: {2},,
Account {0}: Parent account {1} does not exist,,
Account {0}: You can not assign itself as parent account,,
Account: <b>{0}</b> is capital Work in progress and can not be updated by Journal Entry,,
Account: {0} can only be updated via Stock Transactions,,
Account: {0} is not permitted under Payment Entry,,
Account: {0} with currency: {1} can not be selected,,
account_currency,,
account_name,,
Accounting,,
Accounting & Payment,,
Accounting Details,,
Accounting Dimension,,
Accounting Dimension <b>{0}</b> is required for 'Balance Sheet' account {1}.,,
Accounting Dimension <b>{0}</b> is required for 'Profit and Loss' account {1}.,,
Accounting Dimension Detail,,
Accounting Dimension Filter,,
Accounting Dimensions,,
Accounting Dimensions Filter,,
Accounting Entries,,
Accounting Entry for Asset,,
Accounting Entry for Landed Cost Voucher for SCR {0},,
Accounting Entry for LCV in Stock Entry {0},,
Accounting Entry for Service,,
Accounting Entry for Stock,,
Accounting Entry for {0},,
Accounting Entry for {0}: {1} can only be made in currency: {2},,
Accounting Ledger,,
Accounting Masters,,
Accounting Period,,
Accounting Period cannot be created for a future date. End Date {0} is after today.,,
Accounting Period overlaps with {0},,
Accounting Reports,,
Accounts,,
"Accounts cannot be removed, as user doesn't have access to all the accounts of {0}",,
Accounts Closing,,
Accounts Frozen Till Date,,
Accounts Included in Report,,
Accounts Missing from Report,,
Accounts not set for Salary Component {0},,
Accounts Payable Summary,,
Accounts Receivable / Payable remarks length,,
Accounts Receivable / Payable Report,,
Accounts Receivable Credit Account,,
Accounts Receivable Discounted Account,,
Accounts Receivable Summary,,
Accounts Receivable Unpaid Account,,
Accounts Settings,,
Accounts Setup,,
Accounts table cannot be blank.,,
Accounts to Merge,,
Accrual Arrears,,
Accrual Component,,
Accrual Component can only be set for Earning Salary Components.,,
Accrual Component can only be set for Flexible Benefit Salary Components with accrual payout methods.,,
Accrual Component must be set for Flexible Benefit Salary Components with accrual payout methods.,,
Accrual Journal Entry for salaries from {0} to {1},,
Accrued amount {0} is less than paid amount {1} for Benefit {2} in payroll period {3},,
Accrued Benefits,,
Accrued Earnings Report,,
Accrued Expenses,,
Accumulated Depreciation,,
Accumulated Depreciation Account,,
Accumulated Depreciation Amount,,
Accumulated Depreciation as on,,
Accumulated Monthly,,
Accumulated Monthly Budget for Account {0} against {1} {2} is {3}. It will be collectively ({4}) exceeded by {5},,
Accumulated Monthly Budget for Account {0} against {1}: {2} is {3}. It will be exceeded by {4},,
Accumulated Values,,
Accumulated Values in Group Company,,
accumulated_amount,,
accumulated_depreciation_as_on_from_date,,
Achieved ({}),,
Acquisition Date,,
Action,,
Action / Route,,
Action Failed,,
Action for Expired Unverified Appointments,,
Action if Accumulated Monthly Budget Exceeded on Actual,,
Action if Accumulated Monthly Budget Exceeded on MR,,
Action if Accumulated Monthly Budget Exceeded on PO,,
Action if Accumulative Monthly Budget Exceeded on Cumulative Expense,,
Action if Annual Budget Exceeded on Actual,,
Action if Annual Budget Exceeded on MR,,
Action if Annual Budget Exceeded on PO,,
Action if Anual Budget Exceeded on Cumulative Expense,,
Action if Quality Inspection is not submitted,,
Action if Quality Inspection is rejected,,
Action if same rate is not maintained,,
Action if same rate is not maintained throughout internal transaction,,
Action if same rate is not maintained throughout sales cycle,,
Action Initialised,,
Action Label,,
Action on New Invoice,,
Action on Submission,,
Action Timeout (Seconds),,
Action Type,,
Action {0} completed successfully on {1} {2}. View it {3},,
Action {0} failed on {1} {2}. View it {3},,
Actions,,
Actions performed,,
Activate,,
Activate Serial / Batch No for Item,,
Active Customers,,
Active Domains,,
Active Employees,,
Active Leads,,
Active RQ Worker,,
Active Sessions,,
Active Status,,
Active Subcontracted Items,,
Active Suppliers,,
Activities,,
Activity,,
Activity Cost,,
Activity Cost exists for Employee {0} against Activity Type - {1},,
Activity Cost per Employee,,
Activity Log,,
Activity Name,,
Activity Type,,
activity_type,,
Actual,,
Actual Amount,,
Actual Balance Qty,,
Actual balances aren't available because the leave application spans over different leave allocations. You can still apply for leaves which would be compensated during the next allocation.,,
Actual Batch Quantity,,
Actual Cost,,
Actual Date,,
Actual Delivery Date,,
Actual Demand,,
Actual Encashable Days,,
Actual End Date,,
Actual End Date (via Timesheet),,
Actual End Date cannot be before Actual Start Date,,
Actual End Time,,
Actual Expense,,
Actual Expenses,,
Actual Operating Cost,,
Actual Operation Time,,
Actual Overtime Duration,,
Actual Posting,,
Actual Qty,,
Actual Qty (at source/target),,
Actual Qty in Warehouse,,
Actual Qty is mandatory,,
Actual Qty {0} / Waiting Qty {1},,
Actual Qty: Quantity available in the warehouse.,,
Actual Quantity,,
Actual quantity of the finished good that will be manufactured.,,
Actual Start Date,,
Actual Start Date (via Timesheet),,
Actual Start Time,,
Actual Time,,
Actual Time and Cost,,
Actual Time in Hours (via Timesheet),,
Actual type tax cannot be included in Item rate in row {0},,
actual_qty,,
Ad-hoc Qty,,
Add,,
Add / Edit Prices,,
Add / Update,,
Add a New Role,,
Add A New Rule,,
Add a new section,,
Add atleast one voucher to repost.,,
Add Background Image,,
Add Border at Bottom,,
Add Border at Top,,
Add Card to Dashboard,,
Add Chart to Dashboard,,
Add Child,,
Add Columns in Transaction Currency,,
Add Contact,,
Add Contacts,,
Add Container,,
Add Corrective Operation Cost in Finished Good Valuation,,
Add Custom Tags,,
Add Day-wise Dates,,
Add Discount,,
Add Employee Property,,
Add Expense,,
Add Gray Background,,
Add Indexes,,
Add Item,,
Add items in the Item Locations table,,
Add Items in the Purpose Table,,
Add Lead to Prospect,,
Add Local Holidays,,
Add Manually,,
Add Multiple,,
Add Multiple Tasks,,
Add New Permission Rule,,
Add numbers or special characters.,,
Add Or Deduct,,
Add or Deduct,,
Add Order Discount,,
Add Participants,,
Add Query Parameters,,
Add Quote,,
Add Raw Materials,,
Add Reply-To header,,
Add Roles,,
Add Safety Stock,,
Add Schedule,,
Add script for Child Table,,
Add Serial / Batch Bundle,,
Add Serial / Batch No,,
Add Serial / Batch No (Rejected Qty),,
Add Signature,,
Add Space at Bottom,,
Add Space at Top,,
Add Stock,,
Add Subscribers,,
Add Suppliers,,
Add Tax,,
Add Template,,
Add the rest of your organization as your users. You can also add invite Customers to your portal by adding them from Contacts,,
Add Timesheets,,
Add to Desktop,,
Add to Details,,
Add to Holidays,,
Add to Prospect,,
Add to table,,
Add to Transit,,
Add Total Row,,
Add Translate Data,,
Add Unsubscribe Link,,
Add unused leaves from previous allocations,,
Add User Permissions,,
Add Video Conferencing,,
Add vouchers to generate preview.,,
Add Weekly Holidays,,
Add X-Original-From header,,
Add {0},,
Add/Edit Coupon Conditions,,
Added By,,
Added default log doctypes: {},,
Added On,,
Added Supplier Role to User {0}.,,
Added tax components from the Salary Component master as the salary structure didn't have any tax component.,,
Added to details,,
added {0} row(s) to {1},,
Added {1} Role to User {0}.,,
added_on,,
Adding Lead to Prospect...,,
Additional,,
Additional Amount,,
Additional Asset Cost,,
Additional Cost,,
Additional Cost Per Qty,,
Additional Costs,,
Additional Costs (as per BOM),,
Additional Data,,
Additional Details,,
Additional Discount,,
Additional Discount Amount,,
Additional Discount Amount (Company Currency),,
Additional Discount Amount ({discount_amount}) cannot exceed,,
Additional Discount Percentage,,
Additional Info,,
Additional Information,,
Additional Information updated successfully.,,
Additional Material Transfer,,
Additional Notes,,
Additional Operating Cost,,
Additional Permissions,,
Additional PF,,
Additional Salary,,
Additional Salary for referral bonus can only be created against Employee Referral with status {0},,
Additional Salary for this salary component with {0} enabled already exists for this date,,
Additional Salary: {0} already exist for Salary Component: {1} for period {2} and {3},,
Additional Transferred Qty,,
Address & Contact,,
Address & Contacts,,
Address and Contact,,
Address and Contacts,,
Address And Contacts,,
Address Desc,,
Address HTML,,
Address Line 1,,
Address Line 2,,
Address Name,,
Address needs to be linked to a Company. Please add a row for Company in the Links table.,,
Address of Organizer,,
Address Template,,
Address Title,,
Address Title is mandatory.,,
Address Type,,
Addresses,,
Addresses And Contacts,,
adhoc_qty,,
Adjust Allocation,,
Adjustment Against,,
Adjustment based on Purchase Invoice rate,,
Adjustment Created Successfully,,
Adjustment Type,,
adjustment_amount,,
Administrative Expenses,,
Administrator accessed {0} on {1} via IP Address {2}.,,
Administrator can't follow,,
Administrator Logged In,,
Advance Account,,
Advance Account is mandatory. Please set the {0} in the Company {1} and submit this document.,,
Advance Account Required,,
Advance Account {} currency should be same as Salary Currency of Employee {}. Please select same currency Advance Account,,
Advance Account: {0} must be in either customer billing currency: {1} or Company default currency: {2},,
Advance Amount,,
Advance amount,,
Advance amount cannot be greater than {0} {1},,
Advance Booking Days is mandatory for Appointment Scheduling.,,
Advance Paid,,
Advance Paid (Company Currency),,
Advance paid against {0} {1} cannot be greater than Grand Total {2},,
Advance Payment,,
Advance Payment Ledger Entry,,
Advance Payment Status,,
Advance Payments,,
Advance Taxes and Charges,,
Advance Voucher No,,
Advance Voucher Type,,
Advanced,,
Advanced Control,,
Advanced Features,,
Advanced Filtering,,
Advanced Filters,,
Advanced Settings,,
Advances,,
after,,
"After save, please refresh the page to apply the changes.",,
After Submission,,
Against,,
Against Account,,
Against Blanket Order,,
Against Customer Order {0},,
Against Delivery Note Item,,
Against Docname,,
Against Doctype,,
Against Document Detail No,,
Against Document No,,
Against Expense Account,,
Against Finished Good,,
Against Income Account,,
Against Journal Entry {0} does not have any unmatched {1} entry,,
Against Journal Entry {0} is already adjusted against some other voucher,,
Against Pick List,,
Against Sales Invoice,,
Against Sales Invoice Item,,
Against Sales Order,,
Against Sales Order Item,,
Against Stock Entry,,
Against Supplier Invoice {0},,
Against Voucher,,
Against Voucher No,,
Against Voucher Type,,
against_account,,
against_order,,
against_voucher_no,,
against_voucher_type,,
Age,,
Age (Days),,
Age ({0}),,
Age as on,,
Ageing Based On,,
Ageing Range,,
Agenda,,
Agent Busy Message,,
Agent Group,,
Agent Unavailable Message,,
Agents,,
Aggregate Field is required to create a number card,,
Aggregate Function Based On,,
Aggregate Function field is required to create a dashboard chart,,
Algorithm,,
Alias,,
Alias must be a string,,
Align,,
Align Labels to the Right,,
Align Right,,
Align Value,,
Alignment,,
All Accounts,,
All active prices for this item across buying and selling price lists.,,
All Activities,,
All Activities HTML,,
All allocated assets should be returned before submission,,
All BOMs,,
All communications including and above this shall be moved into the new Issue,,
All Customer Groups,,
All customizations will be removed. Please confirm.,,
All Day,,
All Departments,,
All Exchange Gain/Loss amount of {0} has been booked through {1},,
All Goals,,
All Images attached to Website Slideshow should be public,,
All Item Groups,,
All Items,,
All items are already requested,,
All items have already been Invoiced/Returned,,
All items have already been received,,
All items must be linked to a Sales Order or Subcontracting Inward Order for this Sales Invoice.,,
All Jobs,,
All linked Sales Orders must be subcontracted.,,
All Parties,,
All picked items have already been transferred against this Pick List,,
ALL records will be deleted (entire DocType cleared),,
All Supplier Groups,,
All Territories,,
All the items have been already returned.,,
All the mandatory tasks for employee creation are not completed yet.,,
"All the required items (raw materials) will be fetched from BOM and populated in this table. Here you can also change the Source Warehouse for any item. And during the production, you can track transferred raw materials from this table.",,
All these items have already been Invoiced/Returned,,
All Warehouses,,
All-uppercase is almost as easy to guess as all-lowercase.,,
Allocate,,
Allocate Advances Automatically (FIFO),,
Allocate Based On Leave Policy,,
Allocate Full Amount to Stock Items,,
Allocate Leave,,
Allocate leaves to {0} employee(s)?,,
Allocate on Day,,
Allocate Payment Amount,,
Allocate Payment Based On Payment Terms,,
Allocate Payment Request,,
Allocated,,
Allocated Amount,,
Allocated amount,,
Allocated Amount (Company Currency),,
Allocated amount cannot be greater than unadjusted amount,,
Allocated amount cannot be negative,,
Allocated Entries,,
Allocated Leaves,,
Allocated To,,
Allocated Via,,
allocated_amount,,
Allocating Leave,,
Allocation,,
Allocation Date,,
Allocation Details,,
Allocation Expired!,,
Allocation is greater than the maximum allowed {0} for leave type {1},,
Allocation to Adjust,,
Allocation was skipped due to exceeding annual allocation set in leave policy,,
Allocation was skipped due to maximum leave allocation limit set in leave type. Please increase the limit and retry failed allocation.,,
Allocations,,
Allotted Qty,,
Allow,,
Allow Account Creation Against Child Company,,
Allow Alternative Item,,
Allow Alternative Item must be checked on Item {},,
Allow API Indexing Access,,
Allow Auto Repeat,,
Allow Bulk Edit,,
Allow Bulk Editing,,
Allow check-out after shift end time (in minutes),,
Allow Clearing Link Fields,,
Allow comments,,
Allow Consecutive Login Attempts,,
Allow Continuous Material Consumption,,
Allow delete,,
Allow delivery of overproduced quantity,,
Allow document creation via Email,,
Allow editing after submit,,
Allow Editing of Items and Quantities in Work Order,,
Allow editing Price List rate in transactions,,
Allow Employee Checkin from Mobile App,,
Allow Encashment,,
Allow events in timeline,,
Allow Excess Material Transfer,,
Allow existing Serial No to be Manufactured/Received again,,
Allow Geolocation Tracking,,
Allow Google Contacts Access,,
Allow Guest,,
Allow Guest to View,,
Allow Guests to Upload Files,,
Allow Implicit Pegged Currency Conversion,,
Allow Import (via Data Import Tool),,
Allow in Quick Entry,,
Allow In Returns,,
Allow incomplete forms,,
Allow internal transfers at user-defined rate,,
Allow Item to be added multiple times in a transaction,,
Allow Item to Be Added Multiple Times in a Transaction,,
Allow Lead Duplication based on Emails,,
Allow Leave Application After (Calendar Days),,
Allow Login After Fail,,
Allow Login using Mobile Number,,
Allow Login using User Name,,
Allow Modules,,
Allow multi-currency invoices against single party account,,
Allow Multiple Material Consumption,,
Allow multiple responses,,
Allow multiple Sales Orders against a customer's Purchase Order,,
Allow Multiple Shift Assignments for Same Date,,
Allow Negative Balance,,
Allow negative rates for Items,,
Allow negative stock,,
Allow Negative Stock,,
Allow Negative Stock for Batch,,
Allow negative stock for Batch,,
Allow on Submit,,
Allow only one session per user,,
Allow Or Restrict Dimension,,
Allow Over Allocation,,
Allow Overtime,,
Allow page break inside tables,,
Allow Partial Payment,,
Allow partial reservation,,
Allow print,,
Allow Print for Cancelled,,
Allow Print for Draft,,
Allow Production on Holidays,,
Allow Purchase,,
Allow purchase invoice creation without purchase order,,
Allow purchase invoice creation without purchase receipt,,
Allow Purchase Order with Zero Quantity,,
Allow Quotation with zero quantity,,
Allow Read On All Link Options,,
Allow Rename,,
Allow Rename Attribute Value,,
Allow Request for Quotation with Zero Quantity,,
Allow Resetting Service Level Agreement,,
Allow Resetting Service Level Agreement from Support Settings.,,
Allow Roles,,
Allow Sales,,
Allow sales invoice creation without delivery note,,
Allow sales invoice creation without sales order,,
Allow Sales Order creation for expired Quotation,,
Allow Sales Order with zero quantity,,
Allow same Item to be added multiple times in a transaction,,
Allow Self Approval,,
Allow sending usage data for improving applications,,
Allow Sending Usage Data for Improving Applications,,
Allow Stale Exchange Rates,,
Allow Supplier Quotation with Zero Quantity,,
Allow Tax Exemption,,
Allow to edit stock UOM qty for Purchase documents,,
Allow to edit stock UOM qty for Sales documents,,
Allow to edit stock UOM qty for Stock Entry,,
Allow to make Quality Inspection after Purchase / Delivery,,
Allow UOM with conversion rate defined in Item,,
Allow User,,
Allow User to Edit Discount,,
Allow User to Edit Rate,,
Allow Users,,
Allow Variant UOM to be different from Template UOM,,
Allow Zero Rate,,
Allow Zero Valuation Rate,,
Allowed,,
Allowed Dimension,,
Allowed DocTypes,,
Allowed Doctypes for Guest Uploads,,
Allowed embedding domains,,
Allowed File Extensions,,
Allowed In Mentions,,
Allowed Modules,,
Allowed primary roles are 'Customer' and 'Supplier'. Please select one of these roles only.,,
Allowed Public Client Origins,,
Allowed Roles,,
Allowed Users,,
Allowed Users is not required as Frappe CRM is already installed on the site.,,
Allowed Users is required for data synchronization from remote Frappe CRM site.,,
Allows printing or PDF download of documents.,,
Allows sharing document access with other users.,,
Allows the user to access reports related to the document.,,
Allows the user to create new documents.,,
Allows the user to delete documents.,,
Allows the user to edit existing records they have access to.,,
Allows the user to email from the document.,,
Allows the user to export data from the Report view.,,
Allows the user to search and see records.,,
Allows the user to use Data Import tool to create / update records.,,
Allows the user to view the document.,,
Allows users to enable the mask property for any field of the respective doctype.,,
Already Imported,,
Already in the following Users ToDo list:{0},,
Already Picked,,
Already record exists for the item {0},,
Already Registered,,
"Already set default in pos profile {0} for user {1}, kindly disabled default",,
Also you can't switch back to FIFO after setting the valuation method to Moving Average for this item.,,
Alt UOM,,
Alternate Item,,
Alternative Email ID,,
Alternative For Item,,
Alternative Item Code,,
Alternative item must not be same as item code,,
Alternative Item Name,,
Alternative Items,,
"Alternatively, you can download the template and fill your data in.",,
"Always add ""Draft"" Heading for printing draft documents",,
Always BCC Address,,
Always use this email address as sender address,,
Always use this name as sender name,,
AMC Expiry (Serial),,
AMC Expiry Date,,
Amend,,
Amended Document Naming Settings,,
Amended Documents,,
Amendment Naming Override,,
Amendment naming rules updated.,,
Amendment Not Allowed,,
Amount,,
amount,,
Amount (AED),,
Amount (Company Currency),,
Amount Based on Formula,,
Amount based on formula,,
Amount Delivered,,
Amount Difference,,
Amount Difference with Purchase Invoice,,
Amount Eligible for Commission,,
Amount Exceeds Available Balance,,
Amount in Account Currency,,
Amount In Figure,,
Amount should not be less than zero,,
Amount to Bill,,
Amount {0} {1} adjusted against {2} {3},,
Amount {0} {1} as adjustment to {2},,
Amount {0} {1} transferred from {2} to {3},,
Amount {0} {1} {2} {3},,
amount_in_account_currency,,
Amounts,,
Amt,,
An appointment booked through the portal can only be opened via email verification.,,
An Arrear document already exists for employee {0} with salary structure {1} in payroll period {2},,
An attendance record is linked to this checkin. Please cancel the attendance before modifying time.,,
An error has been appeared while reposting item valuation via {0},,
An error occurred for certain Items while creating Material Requests based on Re-order level. Please rectify these issues :,,
An error occurred while attempting to log out!,,
Analysis Chart,,
Analytical Accounting,,
Analytics,,
and,,
"and then ""Add to Home Screen""",,
Announcement Widget,,
Announcements,,
Annual,,
Annual Allocation,,
Annual Allocation Exceeded,,
Annual Budget for Account {0} against {1} {2} is {3}. It will be collectively ({4}) exceeded by {5},,
Annual Budget for Account {0} against {1}: {2} is {3}. It will be exceeded by {4},,
Annual Expenses,,
Annual Gross Earning,,
Annual Income,,
Annual Purchase,,
Annual Revenue,,
Annual Salary,,
Annual Sales,,
Annual Taxable Amount,,
Anonymization Matrix,,
Anonymous responses,,
Another Budget record '{0}' already exists against {1} '{2}' and account '{3}' with overlapping fiscal years.,,
"Another Cost Center Allocation record {0} applicable from {1}, hence this allocation will be applicable upto {2}",,
Another Payment Request is already processed,,
Another Sales Person {0} exists with the same Employee id,,
"Another {0} with name {1} exists, select another name",,
"Any one of following filters required: warehouse, Item Code, Item Group",,
Any other details,,
AP Summary,,
"Apart from System Manager, roles with Set User Permissions right can set permissions for other users for that Document Type.",,
API,,
API Access,,
API Details,,
API Endpoint,,
API Endpoint Args,,
API Endpoint Args should be valid JSON,,
API Key,,
API Keys,,
API Logging,,
API Method,,
API Method Path,,
Api Request Log,,
API Request Log,,
API Secret,,
App,,
App ID,,
App Logo,,
App Name,,
App Name (Client Name),,
App name is required.,,
App not found for module: {0},,
App {0} is not installed,,
App {} is not installed,,
Append Emails to Sent Folder,,
Append To,,
Append To can be one of {0},,
Applicable Charges,,
Applicable Dimension,,
Applicable Document Types,,
Applicable Earnings Component,,
Applicable For,,
Applicable for Countries,,
Applicable for Users,,
Applicable if the company is a limited liability company,,
Applicable if the company is an Individual or a Proprietorship,,
"Applicable if the company is SpA, SApA or SRL",,
Applicable Modules,,
Applicable on booking actual expenses,,
Applicable on Cumulative Expense,,
Applicable on Material Request,,
Applicable on Purchase Order,,
Applicable Salary Components,,
Applicable To (Designation),,
Applicable To (Employee),,
Applicable To (Role),,
Applicable To (User),,
Applicant Email Address,,
Applicant name,,
Applicant Name,,
Applicant Rating,,
Applicant-to-Hire Percentage,,
Application,,
Application is not installed,,
Application Logo,,
Application Name,,
Application of Funds (Assets),,
Application period cannot be across two allocation records,,
Application period cannot be outside leave allocation period,,
Application Status,,
Application Version,,
Application Web Form Route,,
Applied On,,
Applied putaway rules.,,
Applies To,,
Applies To (DocType),,
Applies to Company,,
Apply Additional Discount On,,
Apply Discount On,,
Apply Discount on Discounted Rate,,
Apply Discount on Rate,,
Apply document permissions,,
Apply Filters,,
Apply for Public Holiday,,
Apply for Weekend,,
Apply Module Export Filter,,
Apply Multiple Pricing Rules,,
Apply On,,
Apply Putaway Rule,,
Apply Recursion Over (As Per Transaction UOM),,
Apply restriction on dimension values,,
Apply Rule On Brand,,
Apply Rule On Item Code,,
Apply Rule On Item Group,,
Apply Rule On Other,,
Apply SLA for Resolution Time,,
Apply Strict User Permissions,,
Apply To,,
Apply To All Document Types,,
Apply to all Documents Types,,
Apply to All Inventory Documents,,
Apply to Document,,
Apply User Permission On,,
Applying: {0},,
Appointment,,
Appointment Booking Portal Settings,,
Appointment Booking Settings,,
Appointment Booking Slots,,
Appointment can only be scheduled up to {0} day(s) in advance.,,
Appointment cannot be scheduled for a past time.,,
Appointment cannot be scheduled on a holiday.,,
Appointment Confirmation,,
Appointment Confirmed,,
Appointment Created Successfully,,
Appointment Date,,
Appointment Details,,
Appointment Duration (In Minutes),,
Appointment has been closed. Please book the appointment again.,,
Appointment is already verified.,,
Appointment Letter,,
Appointment Letter Content,,
Appointment Letter Template,,
Appointment must be scheduled within the available slot timings.,,
Appointment Scheduling,,
Appointment Scheduling Disabled,,
Appointment Scheduling has been disabled for this site,,
Appointment Scheduling needs to be enabled for Appointment Booking through portal.,,
Appointment With,,
Appointments created manually cannot have 'Unverified' status.,,
Appraisal creation is queued. It may take a few minutes.,,
Appraisal Cycle,,
Appraisal Goal,,
Appraisal KRA,,
Appraisal Linking,,
Appraisal Overview,,
Appraisal Template,,
Appraisal Template Goal,,
Appraisal Template Missing,,
Appraisal Template not found for some designations.,,
Appraisal Template Title,,
Appraisal {0} already exists for Employee {1} for this Appraisal Cycle or overlapping period,,
Appraisal {0} does not belong to Employee {1},,
Appraisee,,
Appraisees: {0},,
Apprentice,,
Approval,,
Approval Required,,
Approval Status,,
Approve,,
Approved Claims (This Month),,
Approver,,
Approvers,,
Approving Role (above authorized value),,
Approving Role cannot be same as role the rule is Applicable To,,
Approving User  (above authorized value),,
Approving User cannot be same as user the rule is Applicable To,,
Apps,,
Apps Involved,,
Apr,,
AR Summary,,
Archive,,
Are you sure you want to cancel the invitation?,,
Are you sure you want to delete the attachment,,
Are you sure you want to delete the {0},,
Are you sure you want to delete {0}?<p>This action will also delete all associated Common Code documents.</p>,,
Are you sure you want to email the selected salary slips?,,
Are you sure you want to proceed?,,
Are you sure you want to re-enable scheduler?,,
Are you sure you want to reject the Employee Referral?,,
Are you sure you want to relink this communication to {0}?,,
Are you sure you want to relink this communication?,,
Are you sure you want to remove all failed jobs?,,
Are you sure you want to resend the invitation?,,
Are you sure you want to restart this subscription?,,
Are you sure you want to revise this budget? The current budget will be cancelled and a new draft will be created.,,
Are you sure you want to save this document?,,
Are you sure?,,
Area,,
Area UOM,,
Arguments,,
Arrear,,
Arrear Component,,
Arrear Component cannot be set for Salary Components based on taxable salary.,,
Arrear Start Date,,
Arrears,,
Arrival Datetime,,
Arrival Quantity,,
"As a best practice, do not assign the same set of permission rule to different Roles. Instead, set multiple Roles to the same User.",,
as a percentage of finished item quantity,,
as Code,,
as Description,,
"As document sharing is disabled, please give them the required permissions before assigning.",,
as of {0},,
As On Date,,
As on Date,,
As per your assigned Salary Structure you cannot apply for benefits,,
"As the field {0} is enabled, the field {1} is mandatory.",,
"As the field {0} is enabled, the value of the field {1} should be more than 1.",,
"As there are existing submitted transactions against item {0}, you can not change the value of {1}.",,
"As there are reserved stock, you cannot disable {0}.",,
"As there are sufficient raw materials, Material Request is not required for Warehouse {0}.",,
"As there are sufficient Sub Assembly Items, Work Order is not required for Warehouse {0}.",,
as Title,,
"As {0} is enabled, you can not enable {1}.",,
Assembly Items,,
Asset Account,,
Asset Activity,,
Asset cancelled,,
"Asset cannot be cancelled, as it is already {0}",,
Asset cannot be scrapped before the last depreciation entry.,,
Asset Capitalization,,
Asset Capitalization Asset Item,,
Asset Capitalization Service Item,,
Asset Capitalization Stock Item,,
Asset capitalized after Asset Capitalization {0} was submitted,,
Asset Category Account,,
Asset Category is mandatory for Fixed Asset item,,
Asset Category Name,,
Asset created,,
Asset created after being split from Asset {0},,
Asset deleted,,
Asset Depreciation Cost Center,,
Asset Depreciation Ledger,,
Asset Depreciation Schedule,,
Asset Depreciation Schedule for Asset {0} and Finance Book {1} is not using shift based depreciation,,
Asset Depreciation Schedule not found for Asset {0} and Finance Book {1},,
Asset Depreciation Schedule {0} for Asset {1} already exists.,,
Asset Depreciation Schedule {0} for Asset {1} and Finance Book {2} already exists.,,
"Asset Depreciation Schedules created/updated:<br>{0}<br><br>Please check, edit if needed, and submit the Asset.",,
Asset Depreciations and Balances,,
Asset Details,,
Asset Finance Book,,
Asset ID,,
Asset issued to Employee {0},,
Asset Location,,
Asset Maintenance Log,,
Asset Maintenance Task,,
Asset Maintenance Team,,
Asset Movement Item,,
Asset Movement record {0} created,,
Asset Name,,
Asset Naming Series,,
Asset out of order due to Asset Repair {0},,
Asset Owner,,
Asset Owner Company,,
Asset Quantity,,
Asset received at Location {0} and issued to Employee {1},,
Asset Received But Not Billed,,
Asset Recovery Cost for {0}: {1},,
Asset Repair Consumed Item,,
Asset Repair Purchase Invoice,,
Asset restored,,
Asset restored after Asset Capitalization {0} was cancelled,,
Asset returned,,
Asset scrapped,,
Asset scrapped via Journal Entry {0},,
Asset Settings,,
Asset Shift Allocation,,
Asset Shift Factor,,
Asset Shift Factor {0} is set as default currently. Please change it first.,,
Asset sold,,
Asset Status,,
Asset submitted,,
Asset transferred to Location {0},,
Asset Type,,
Asset updated after being split into Asset {0},,
Asset updated due to Asset Repair {0} {1}.,,
Asset Value,,
Asset Value Adjustment,,
Asset Value Adjustment cannot be posted before Asset's purchase date <b>{0}</b>.,,
Asset Value Analytics,,
"Asset {0} cannot be scrapped, as it is already {1}",,
Asset {0} does not belong to company {1},,
Asset {0} does not belong to Item {1},,
Asset {0} does not belong to the custodian {1},,
Asset {0} does not belong to the location {1},,
Asset {0} does not exist,,
Asset {0} has been updated. Please set the depreciation details if any and submit it.,,
Asset {0} is in {1} status and cannot be repaired.,,
Asset {0} is not set to calculate depreciation.,,
Asset {0} is not submitted. Please submit the asset before proceeding.,,
Asset {0} must be submitted,,
Asset {assets_link} created for {item_code},,
Asset's depreciation schedule updated after Asset Shift Allocation {0},,
Asset's value adjusted after cancellation of Asset Value Adjustment {0},,
Asset's value adjusted after submission of Asset Value Adjustment {0},,
asset_category,,
asset_name,,
Assets,,
Assets Allocated,,
Assets not created for {item_code}. You will have to create asset manually.,,
Assets {assets_link} created for {item_code},,
Assign Condition,,
Assign Job to Employee,,
"Assign one by one, in sequence",,
Assign Salary Structure to {0} employee(s)?,,
Assign Shift,,
Assign Shift Schedule,,
Assign Structure,,
Assign To,,
Assign to Name,,
Assign to the one who has the least assignments,,
Assign to the user set in this field,,
Assign To Users,,
Assigned By,,
Assigned By Full Name,,
Assigned To/Owner,,
assigned_to,,
Assignee,,
assignees,,
Assigning Salary Structure,,
Assigning Structure...,,
Assigning Structures...,,
Assigning...,,
Assignment based on,,
Assignment Conditions,,
Assignment Days,,
Assignment for {0} {1},,
Assignment of {0} removed by {1},,
Assignment Rule,,
Assignment Rule Day,,
Assignment Rule is not allowed on document type {0},,
Assignment Rule User,,
Assignment Rules,,
Assignment start date cannot be outside holiday list dates,,
Assignment Starts From,,
Assignment Update on {0},,
Assignments,,
Associate Job Opening,,
Associated Document,,
Associated Document Type,,
Asynchronous,,
At least one account with exchange gain or loss is required,,
At least one asset has to be selected.,,
At least one field is required in Web Form Fields Table,,
At least one field of Parent Document Type is mandatory,,
At least one interview has to be selected.,,
At least one invoice has to be selected.,,
At least one item should be entered with negative quantity in return document,,
At least one mode of payment is required for POS invoice.,,
At least one of the Applicable Modules should be selected,,
At least one of the Selling or Buying must be selected,,
At least one raw material item must be present in the stock entry for the type {0},,
At least one row is required for a financial report template,,
At least one warehouse is mandatory,,
"At row #{0}: the Difference Account must not be a Stock type account, please change the Account Type for the account {1} or select a different account",,
At Row #{0}: The picked quantity {1} for the item {2} is greater than available stock {3} for the batch {4} in the warehouse {5}. Please restock the item.,,
At Row #{0}: The picked quantity {1} for the item {2} is greater than available stock {3} in the warehouse {4}.,,
At row #{0}: the sequence id {1} cannot be less than previous row sequence id {2},,
"At row #{0}: you have selected the Difference Account {1}, which is a Cost of Goods Sold type account. Please select a different account",,
At row {0}: Batch No is mandatory for Item {1},,
At Row {0}: In Serial and Batch Bundle {1} must have docstatus as 1 and not 0,,
At row {0}: Parent Row No cannot be set for item {1},,
At row {0}: Qty is mandatory for the batch {1},,
At row {0}: Serial and Batch Bundle {1} has already created. Please remove the values from the serial no or batch no fields.,,
At row {0}: Serial No is mandatory for Item {1},,
At row {0}: set Parent Row No for item {1},,
Atleast one raw material for Finished Good Item {0} should be customer provided.,,
Attach CSV File,,
Attach custom Chart of Accounts file,,
Attach Files,,
Attach files / urls and add in table.,,
Attach Package,,
Attach Print,,
Attach Proof,,
Attached File,,
Attached To DocType,,
Attached To Field,,
Attached To Name,,
Attached To Name must be a string or an integer,,
Attachment,,
Attachment Gallery filters must target File.,,
Attachment Limit (MB),,
Attachment Limit Reached,,
Attachment Link,,
Attachment Not Found,,
Attachment Settings,,
Attempted,,
Attendance & Leaves,,
Attendance Calendar,,
Attendance Count,,
Attendance Date,,
Attendance date {0} can not be less than employee {1}'s joining date: {2},,
Attendance Device ID (Biometric/RF tag ID),,
Attendance for all the employees under this criteria has been marked already.,,
Attendance for employee {0} is already marked for an overlapping shift {1}: {2},,
Attendance for employee {0} is already marked for the date {1}: {2},,
Attendance for employee {0} is already marked for the following dates: {1},,
Attendance for the following dates will be skipped/overwritten on submission,,
Attendance from {0} to {1} has already been marked for the Employee {2},,
Attendance ID,,
Attendance Marked,,
Attendance marked successfully,,
Attendance marked successfully.,,
Attendance not submitted for {0} as it is a Holiday.,,
Attendance not submitted for {0} as {1} is on leave.,,
Attendance Request,,
Attendance Request History,,
Attendance Settings,,
Attendance Updated,,
Attendance Warnings,,
attendance_count,,
AttendanceRequestListView,,
Attendee not found in this event.,,
Attendees,,
Attending,,
Attribute,,
Attribute Name,,
Attribute table is mandatory,,
Attribute Value,,
Attribute Value {0} is not valid for the selected attribute {1}.,,
Attribute value: {0} must appear only once,,
Attribute {0} is disabled.,,
Attribute {0} is not valid for the selected template.,,
Attribute {0} selected multiple times in Attributes Table,,
Attributes,,
Attrition Count,,
Audit System Hooks,,
Audit Trail,,
Audits,,
Aug,,
Auth URL Data,,
Auth URL data should be valid JSON,,
Authenticate as Service Principal,,
Authentication,,
Authentication Failed,,
Authentication failed while receiving emails from Email Account: {0}.,,
Author,,
Authorised By,,
Authorization,,
Authorization Code,,
Authorization Control,,
Authorization POST requests must use application/x-www-form-urlencoded,,
Authorization Rule,,
Authorization URI,,
Authorize API Access,,
Authorize API Indexing  Access,,
Authorize Google Calendar Access,,
Authorize Google Contacts Access,,
Authorize URL,,
Authorized Value,,
Auto assignment failed: {0},,
Auto Attendance Settings,,
Auto create assets on purchase,,
Auto Create Exchange Rate Revaluation,,
Auto create Purchase Receipt,,
Auto create Serial and Batch Bundle for outward,,
Auto create Subcontracting Order,,
Auto Created,,
Auto Created (Reorder),,
Auto Created Serial and Batch Bundle,,
Auto Creation of Contact,,
Auto Email Report,,
Auto Fetch Serial Numbers,,
Auto follow documents that are assigned to you,,
Auto follow documents that are shared with you,,
Auto follow documents that you comment on,,
Auto follow documents that you create,,
Auto follow documents that you Like,,
Auto insert Item Price if missing,,
Auto Leave Encashment,,
Auto Material Request,,
Auto Material Requests Generated,,
Auto Name,,
Auto Opt In (For all customers),,
Auto re-order,,
Auto Reconcile,,
Auto reconcile Payments,,
Auto Reconciliation,,
Auto Reconciliation has started in the background,,
Auto Reconciliation job trigger,,
Auto Reconciliation of Payments has been disabled. Enable it through {0},,
Auto Repeat,,
Auto Repeat Day,,
Auto Repeat Day{0} {1} has been repeated.,,
Auto Repeat Detail,,
Auto Repeat Document Creation Failed,,
Auto Repeat failed for {0},,
Auto repeat failed. Please enable auto repeat after fixing the issues.,,
Auto Repeat Schedule,,
Auto repeat skipped. The owner cannot access the reference document.,,
Auto Repeat User,,
Auto Reply,,
Auto Reply Message,,
Auto Repost Incorrect Valuation Entries (Weekly),,
Auto Reposting of Incorrect Valuation,,
Auto reserve Serial and Batch Nos,,
Auto reserve stock,,
Auto reserve Stock for Sales Order on Purchase,,
Auto Tax Settings Error,,
Auto User Creation Error,,
Automatic Leave Allocation has failed for the following Earned Leaves: {0}. Please check {1} for more details.,,
Automatic Linking can be activated only for one Email Account.,,
Automatic Linking can be activated only if Incoming is enabled.,,
Automatic sending of emails is disabled via site config.,,
Automatically Add Filtered Item To Cart,,
Automatically add Taxes and Charges from Item Tax Template,,
Automatically add taxes from Taxes and Charges Template,,
Automatically Create New Batch,,
Automatically delete account within (hours),,
Automatically fetch Payment Terms from Order/Quotation,,
Automatically post balancing accounting entry,,
Automatically process deferred Accounting entry,,
Automatically run rules on unreconciled transactions,,
Automatically update Last Sync of Checkin,,
Automation,,
Available,,
Available / Future Inventory,,
Available Batch Qty at From Warehouse,,
Available Batch Qty at Warehouse,,
Available Batch Report,,
Available For Use Date,,
Available for Use Date,,
Available for use date is required,,
Available Leave(s),,
Available Leaves,,
Available Qty,,
Available Qty at Company,,
Available Qty at Source Warehouse,,
Available Qty at Target Warehouse,,
Available Qty at Warehouse,,
Available Qty at WIP Warehouse,,
Available Qty For Consumption,,
Available Qty to Reserve,,
Available Quantity,,
"Available quantity is {0}, you need {1}",,
Available Serial No,,
Available Stock,,
Available Stock for Packing Items,,
Available {0},,
Available-for-use Date should be after purchase date,,
available_qty,,
average,,
Average Age,,
Average Completion,,
Average Feedback Score,,
Average Order Value,,
Average Order Values,,
Average Rate,,
Average Rating,,
Average Response Time,,
Average Sales Order Value,,
Avg Daily Outgoing,,
Avg Feedback Score,,
Avg Rate,,
Avg Rate (Balance Stock),,
Avg Utilization,,
Avg Utilization (Billed Only),,
Avg. Buying Price List Rate,,
Avg. Selling Price List Rate,,
Avg. Selling Rate,,
avg_goal_completion,,
Avoid dates and years that are associated with you.,,
Avoid recent years.,,
Avoid sequences like abc or 6543 as they are easy to guess,,
Avoid years that are associated with you.,,
Awaiting Password,,
Awaiting password,,
AWB Number,,
Back to Login,,
Backdated Leave Application is restricted. Please set the {} in {},,
Backdated Stock Entry,,
Backflush Materials From WIP Warehouse,,
Backflush Raw Materials,,
Backflush Raw Materials Based On,,
Backflush Raw Materials From Work-in-Progress Warehouse,,
Backflush raw materials of subcontract based on,,
Background Color,,
Background Image,,
Background Job,,
Background Jobs,,
Background Jobs Check,,
Background Jobs Queue,,
Background Workers,,
Backup Encryption Key,,
Backup job is already queued. You will receive an email with the download link,,
Backups,,
Backups (MB),,
Bad Cron Expression,,
balance,,
Balance,,
Balance ({0}),,
Balance for Account {0} must always be {1},,
Balance In Account Currency,,
Balance In Base Currency,,
Balance must be,,
Balance Qty,,
Balance Qty (Alt UOM),,
Balance Qty (Stock),,
Balance Serial No,,
Balance Sheet,,
Balance Sheet Closing Balance,,
Balance Sheet requires {0} to be synced to DuckDB,,
Balance Sheet Summary,,
Balance Stock Qty,,
Balance Stock Value,,
Balance Type,,
Balance Type is required for Account Data,,
Balance Value,,
balance_amount,,
balance_in_account_currency,,
balance_qty,,
Bank,,
Bank / Cash Account,,
Bank A/C No.,,
Bank Account Balance,,
Bank account cannot be named as {0},,
Bank Account Details,,
Bank Account Info,,
Bank Account No,,
Bank Account Subtype,,
Bank Account Type,,
Bank account {0} already exists and could not be created again,,
Bank Account {} in Bank Transaction {} is not matching with Bank Account {},,
Bank Accounts,,
Bank accounts added,,
Bank Balance,,
Bank Charges,,
Bank Charges Account,,
Bank Clearance,,
Bank Clearance Detail,,
Bank Clearance Summary,,
Bank Credit Balance,,
Bank Details,,
Bank Draft,,
Bank Entries,,
Bank Entry Type,,
Bank Guarantee,,
Bank Guarantee Number,,
Bank Guarantee Type,,
Bank Name,,
Bank Overdraft Account,,
Bank Reconciliation Statement,,
Bank Reconciliation Tool,,
Bank Remittance,,
Bank Statement balance as per General Ledger,,
Bank Statement Import,,
Bank Statement Import Log,,
Bank Statement Import Log Column Map,,
Bank Transaction,,
Bank transaction creation error,,
Bank Transaction Mapping,,
Bank Transaction Payments,,
Bank Transaction Rule,,
Bank Transaction Rule Accounts,,
Bank Transaction Rule Description Conditions,,
Bank Transaction {0} is already fully reconciled,,
Bank/Cash Account,,
Bank/Cash Account {0} doesn't belong to company {1},,
Banking,,
Banner,,
Banner HTML,,
Banner Image,,
Barcode,,
Barcode Type,,
Barcode {0} already used in Item {1},,
Barcode {0} is not a valid {1} code,,
Barcodes,,
Base,,
base,,
Base Amount,,
Base Amount (Company Currency),,
Base Change Amount (Company Currency),,
Base Cost (Company Currency),,
Base Cost Per Unit,,
Base Distinguished Name (DN),,
Base Hour Rate(Company Currency),,
Base Rate,,
Base Tax Withheld,,
Base Taxable Amount,,
Base Total Billable Amount,,
Base Total Billed Amount,,
Base Total Costing Amount,,
Base URL,,
"Base, Variable & Leave Encashment",,
base_amount,,
base_billing_amount,,
base_costing_amount,,
base_grand_total,,
base_net_amount,,
base_net_total,,
base_paid_amount,,
base_rate,,
base_total,,
Based On,,
Based On Data ( in years ),,
Based On Document,,
Based On Payment Terms,,
Based on Permissions For User,,
Based On Value,,
"Based on your HR Policy, select your leave allocation period's end date",,
"Based on your HR Policy, select your leave allocation period's start date",,
based_on,,
Basic,,
Basic Amount,,
Basic Info,,
Basic Rate (as per Stock UOM),,
Basic Rate (Company Currency),,
Batch and Serial No,,
Batch Description,,
Batch Details,,
Batch Expiry Date,,
Batch ID,,
Batch ID is mandatory,,
Batch Item Expiry Status,,
Batch Item settings,,
Batch No,,
Batch No is mandatory,,
Batch No {0} does not exists,,
Batch No {0} is linked with Item {1} which has serial no. Please scan serial no instead.,,
"Batch No {0} is not present in the original {1} {2}, hence you can't return it against the {1} {2}",,
Batch No.,,
Batch Nos,,
Batch Nos are created successfully,,
Batch Not Available for Return,,
Batch not created for item {} since it does not have a batch series.,,
Batch Number Series,,
Batch Qty,,
Batch Qty updated successfully,,
Batch Qty updated to {0},,
Batch Quantity,,
Batch Size,,
Batch UOM,,
Batch {0} and Warehouse,,
Batch {0} is not available in warehouse {1},,
Batch {0} of Item {1} has expired.,,
Batch {0} of Item {1} is disabled.,,
Batch-Wise Balance History,,
batch_expiry_date,,
batch_no,,
batch_qty,,
batch_value,,
Batchwise Valuation,,
BCC,,
Before,,
Before reconciliation,,
Begin check-in before shift start time (in minutes),,
Begin On (Days),,
Below is the list of upcoming holidays for you:,,
Below Subscription Plans are of different currency to the party default billing currency/Company currency: {0},,
Benefit,,
Benefit Amount,,
Benefit amount of component {0} exceeds {1},,
Benefit amount of component {0} should be greater than 0,,
Benefit amount {0} for Salary Component {1} should not be greater than maximum benefit amount {2} set in {3},,
Benefit Application,,
Benefit Claim,,
Benefit Details,,
Benefits,,
Beta,,
Better add a few more letters or another word,,
Bill Amount,,
Bill Date,,
Bill for rejected quantity in Purchase Invoice,,
Bill No,,
Billed,,
Billed Amount,,
Billed Amt,,
Billed Hours,,
Billed Hours (B),,
Billed Items To Be Received,,
Billed Qty,,
"Billed, Received & Returned",,
billed_amount,,
billed_amt,,
billed_qty,,
Billing,,
Billing Address,,
Billing Address Details,,
Billing Address does not belong to the {0},,
Billing Address Name,,
Billing Amount,,
Billing City,,
Billing Country,,
Billing County,,
Billing Currency,,
Billing currency must be equal to either default company's currency or party account currency,,
Billing Details,,
Billing Email,,
Billing Hours,,
Billing Interval,,
Billing Interval Count,,
Billing Interval Count cannot be less than 1,,
Billing Interval in Subscription Plan must be Month to follow calendar months,,
Billing Rate,,
Billing State,,
Billing Status,,
Billing Zipcode,,
billing_amount,,
billing_hours,,
Bin,,
BIN Qty,,
Bin Values Recalculated,,
Binary Logging,,
Bio,,
Bio / Cover Letter,,
Birth Date,,
Birthday Reminder,,
Birthday Reminder 🎂,,
Birthdays,,
Bisect Accounting Statements,,
Bisect Left,,
Bisect Nodes,,
Bisect Right,,
Bisecting From,,
Bisecting Left ...,,
Bisecting Right ...,,
Bisecting To,,
Black,,
Blanket Order,,
Blanket Order Allowance (%),,
Blanket Order Item,,
Blanket Order Rate,,
Blanket Orders,,
blanket_order,,
blanket_order_rate,,
Block Date,,
Block Days,,
Block Invoice,,
Block Module,,
Block Modules,,
Block Supplier,,
Blog Subscriber,,
Blood Group,,
Blue,,
Boarding Status,,
Body,,
Body and Closing Text Help,,
Body Text,,
Bold,,
Bold Text,,
BOM,,
BOM 1,,
BOM 1 {0} and BOM 2 {1} should not be same,,
BOM 2,,
BOM and Finished Good Quantity is mandatory for Disassembly,,
BOM and Production,,
BOM Comparison Tool,,
BOM Component,,
BOM Configuration,,
BOM Created,,
BOM Creator,,
BOM Creator Item,,
BOM Creator Item with name {0} does not exist,,
BOM Detail No,,
BOM does not contain any stock item,,
BOM Explorer,,
BOM Explosion Item,,
BOM ID,,
BOM Info,,
BOM Item,,
BOM Level,,
BOM No,,
BOM No (For Semi-Finished Goods),,
BOM Operation,,
BOM Operations Time,,
BOM Output,,
BOM Rate,,
BOM recursion: {0} cannot be child of {1},,
BOM recursion: {1} cannot be parent or child of {0},,
BOM Search,,
BOM Secondary Item,,
BOM Secondary Item Reference,,
BOM Stock Analysis,,
BOM Tree,,
BOM Update Batch,,
BOM Update Initiated,,
BOM Update Log,,
BOM Update Tool,,
BOM Updation already in progress. Please wait until {0} is complete.,,
BOM Updation is queued and may take a few minutes. Check {0} for progress.,,
BOM Variance Report,,
BOM Website Item,,
BOM Website Operation,,
BOM {0} does not belong to Item {1},,
BOM {0} must be active,,
BOM {0} must be submitted,,
BOM {0} not found for the item {1},,
bom_no,,
bom_rate,,
Boms,,
BOMs created successfully,,
BOMs creation failed,,
"BOMs creation has been enqueued, kindly check the status after some time",,
BOMs Updated,,
Bonus,,
Bonus Amount,,
Bonus Payment Date,,
Bonus Payment Date cannot be a past date,,
Book Advance Payments as Liability option is chosen. Paid From account changed from {0} to {1}.,,
Book Advance Payments in Separate Party Account,,
Book Asset Depreciation entry automatically,,
Book Deferred entries based on,,
Book deferred entries via Journal Entry,,
Book Stock Expense GL Entries,,
Book tax loss on early payment discount,,
Booked,,
Booked Fixed Asset,,
Books have been closed till the period ending on {0},,
Both DocType and Name required,,
Both Payable Account: {0} and Advance Account: {1} must be of same currency for company: {2},,
Both Receivable Account: {0} and Advance Account: {1} must be of same currency for company: {2},,
Both Trial Period Start Date and Trial Period End Date must be set,,
Both {0} Account: {1} and Advance Account: {2} must be of same currency for company: {3},,
Branch Code,,
Branch: {0},,
brand,,
Brand,,
Brand Defaults,,
Brand HTML,,
Brand Image,,
Brand Logo,,
Brand Name,,
Breadcrumbs,,
Browse BOM,,
Browser,,
Browser Version,,
Brute Force Security,,
Bucket Size,,
Budget,,
Budget Account,,
Budget Against,,
Budget Amount,,
Budget Amount can not be {0}.,,
Budget cannot be assigned against Group Account {0},,
"Budget cannot be assigned against {0}, as its Root Type is not of Income or Expense",,
Budget Detail,,
Budget Distribution,,
Budget Distribution Total,,
Budget End Date,,
Budget Exceeded,,
Budget Limit Exceeded,,
Budget List,,
Budget Start Date,,
Budget Variance,,
Budget Variance Report,,
budget_against,,
Budgets,,
Buffer Time,,
Bufferpool Size,,
Build,,
Build All?,,
Build Tree,,
Build {0},,
build_qty,,
Buildable Qty,,
Buildings,,
Bulk Actions,,
Bulk approval only support up to 500 documents.,,
Bulk Assignment,,
Bulk Assignments,,
Bulk attendance marking is already in progress for employee {0}. You can monitor the job status {1},,
Bulk attendance marking is queued with a background job. It may take a while. You can monitor the job status {0},,
Bulk Delete,,
Bulk Leave Policy Assignment,,
Bulk Operation Failed,,
Bulk operation is enqueued in background.,,
Bulk Operation Successful,,
Bulk operations only support up to 500 documents.,,
Bulk Rename Jobs,,
Bulk Salary Structure Assignment,,
Bulk Transaction Log,,
Bulk Transaction Log Detail,,
Bulk Update,,
Bulk {0} is enqueued in background.,,
Bundle Items,,
Bundle Qty,,
bundle_serial_no,,
Button Color,,
Button Gradients,,
Button Rounded Corners,,
Button Shadows,,
Buy,,
Buy & Sell,,
Buying,,
Buying & Selling Settings,,
Buying Amount,,
Buying and Selling,,
"Buying must be checked, if Applicable For is selected as {0}",,
Buying Price List,,
Buying Rate,,
Buying Settings,,
buying_amount,,
"By default the title is used as meta title, adding a value here will override it.",,
"By default, the Supplier Name is set as per the Supplier Name entered. If you want Suppliers to be named by a <a href='https://docs.erpnext.com/docs/user/manual/en/setting-up/settings/naming-series' target='_blank'>Naming Series</a> choose the 'Naming Series' option.",,
by {},,
Bypass credit check at Sales Order,,
Bypass credit limit check at sales order,,
Bypass Restricted IP Address Check If Two Factor Auth Enabled,,
Bypass restricted IP Address check If Two Factor Auth Enabled,,
Bypass Two Factor Auth for users who login from restricted IP Address,,
Cache,,
Cache Cleared,,
Calculate Based On,,
Calculate daily depreciation using total days in depreciation period,,
Calculate Depreciation,,
Calculate Estimated Arrival Times,,
Calculate Final Score based on Formula,,
Calculate Gratuity Amount Based On,,
Calculate Payroll Working Days Based On,,
Calculate Product Bundle price based on child Item's rates,,
Calculated Bank Statement balance,,
Calculated Discount Mismatch,,
Calculation Formula,,
Calculations,,
Calendar Event,,
Calendar Name,,
Calendar View,,
Call,,
Call Again,,
Call Details,,
Call Handling Schedule,,
Call Log,,
Call Received By,,
Call Receiving Device,,
Call Routing,,
Call Schedule Row {0}: To time slot should always be ahead of From time slot.,,
Call Summary,,
Call To Action,,
Call To Action URL,,
Call Type,,
Callback,,
Callback Message,,
Callback Title,,
Calls,,
Campaign Description (Optional),,
Campaign Efficiency,,
Campaign Email Schedule,,
Campaign Item,,
Campaign Name,,
Campaign Naming By,,
Campaign Schedules,,
Campaign {0} not found,,
Can be approved by {0},,
Can not close Work Order. Since {0} Job Cards are in Work In Progress state.,,
"Can not filter based on Cashier, if grouped by Cashier",,
"Can not filter based on Child Account, if grouped by Account",,
"Can not filter based on Customer, if grouped by Customer",,
"Can not filter based on Payment Method, if grouped by Payment Method",,
"Can not filter based on POS Profile, if grouped by POS Profile",,
"Can not filter based on Voucher No, if grouped by Voucher",,
Can not rename as column {0} is already present on DocType.,,
Can only change to/from Autoincrement naming rule when there is no data in the doctype,,
Can only make payment against unbilled {0},,
Can refer row only if the charge type is 'On Previous Row Amount' or 'Previous Row Total',,
"Can't change the valuation method, as there are transactions against some items which do not have its own valuation method",,
Can't follow since changes are not tracked.,,
Can't rename {0} to {1} because {0} doesn't exist.,,
Cancel At End Of Period,,
Cancel Import,,
Cancel Material Visit {0} before cancelling this Warranty Claim,,
Cancel Material Visits {0} before cancelling this Maintenance Visit,,
Cancel Prepared Report,,
Cancel Subscription,,
Cancel Subscription After Grace Period,,
"Cancel the Payment Entry made against it, correct the advance account to be of type Receivable, and create a new Payment Entry.",,
Cancelation Date,,
cancellation,,
Cancellation Queued,,
Cancelled Document restored as Draft,,
Cancelled Job Card cannot be processed.,,
cancelled this document,,
Cancelling documents,,
Cancelling Vehicle Log {0} will delete draft Expense Claim {1} because it only contains Vehicle Expenses.<br><br>Do you want to continue?,,
Cancelling Vehicle Log {0} will update draft Expense Claim {1}.<br><br>Vehicle Expenses rows will be removed. Other expenses will remain.<br><br>Do you want to continue?,,
Cancelling {0},,
Cannot access file path {0},,
Cannot add child table {0} to deletion list. Child tables are automatically deleted with their parent DocTypes.,,
Cannot allocate leaves outside the allocation period {0} - {1},,
Cannot allocate more leaves due to maximum leave allocation limit of {0} in leave policy assignment,,
Cannot allocate more leaves due to maximum leaves allowed limit of {0} in {1} leave type.,,
"Cannot amend {0} {1}, please create a new one instead.",,
Cannot apply TDS against multiple parties in one entry,,
Cannot Assign Cashier,,
Cannot attach a folder to a document,,
Cannot be a fixed asset item as Stock Ledger is created.,,
Cannot break shift after end date,,
Cannot break shift before start date,,
Cannot Calculate Arrival Time as Driver Address is Missing.,,
Cannot cancel as processing of cancelled documents is pending.,,
Cannot cancel Asset Depreciation Schedule {0} as it has a draft journal entry {1}.,,
Cannot cancel because submitted Stock Entry {0} exists,,
Cannot cancel before submitting. See Transition {0},,
Cannot cancel POS Closing Entry,,
Cannot cancel Shift Assignment: {0} as it is linked to Attendance: {1},,
Cannot cancel Shift Assignment: {0} as it is linked to Employee Checkin: {1},,
"Cannot cancel Stock Reservation Entry {0}, as it has used in the work order {1}. Please cancel the work order first or unreserved the stock",,
Cannot cancel the transaction. Reposting of item valuation on submission is not completed yet.,,
Cannot cancel this document as it is linked with the submitted Asset Value Adjustment <b>{0}</b>. Please cancel the Asset Value Adjustment to continue.,,
Cannot cancel this document as it is linked with the submitted asset {asset_link}. Please cancel the asset to continue.,,
Cannot cancel this Manufacturing Stock Entry as quantity of Finished Good produced cannot be less than quantity delivered in the linked Subcontracting Inward Order.,,
Cannot cancel transaction for Completed Work Order.,,
Cannot change Attributes after stock transaction. Make a new Item and transfer stock to the new Item,,
"Cannot change company's default currency, because there are existing transactions. Transactions must be cancelled to change the default currency.",,
Cannot change docstatus from 0 (Draft) to 2 (Cancelled),,
Cannot change docstatus from 1 (Submitted) to 0 (Draft),,
Cannot change field type in {0}: some existing values cannot be converted to the new type,,
Cannot Change Inventory Account Setting,,
Cannot change Item {0} from serialized to non-serialized because a Serial and Batch Bundle exists for it. Please delete or cancel the Serial and Batch Bundle first.,,
Cannot change Reference Document Type.,,
Cannot change Service Stop Date for item in row {0},,
Cannot change state of Cancelled Document. Transition row {0},,
Cannot change to/from autoincrement autoname in Customize Form,,
Cannot change Variant properties after stock transaction. You will have to make a new Item to do this.,,
Cannot complete task {0} as its dependant task {1} are not completed / cancelled.,,
Cannot configure Core DocTypes for Global Search.,,
Cannot convert Cost Center to ledger as it has child nodes,,
Cannot convert Task to non-group because the following child Tasks exist: {0}.,,
Cannot convert to Group because Account Type is selected.,,
Cannot covert to Group because Account Type is selected.,,
Cannot create a Job Applicant against a closed Job Opening,,
Cannot create a pick list for Sales Order {0} because it has reserved stock. Please unreserve the stock in order to create a pick list.,,
Cannot create a {0} against a child document: {1},,
Cannot create accounting entries against disabled accounts: {0},,
Cannot create Intercompany {0}. All items in the source {1} have already been fully invoiced.,,
Cannot create or change transactions against an Appraisal Cycle with status {0}.,,
Cannot create private workspace of other users,,
Cannot Create Return,,
Cannot create return for consolidated invoice {0}.,,
Cannot create Salary Slip for Employee joining after Payroll Period,,
Cannot create Salary Slip for Employee who has left before Payroll Period,,
Cannot create Stock Reservation Entries for future dated Purchase Receipts.,,
Cannot deactivate or cancel BOM as it is linked with other BOMs,,
Cannot declare as Lost because an active Quotation exists.,,
Cannot deduct when category is for 'Valuation' or 'Valuation and Total',,
Cannot delete an item which has been ordered,,
Cannot delete Desktop Icon '{0}' as it is restricted,,
Cannot delete Exchange Gain/Loss row,,
Cannot delete Home and Attachments folders,,
Cannot delete or cancel because {0} {1} is linked with {2} {3} {4},,
Cannot delete protected core DocType: {0},,
"Cannot delete Serial No {0}, as it is used in stock transactions",,
Cannot delete standard action. You can hide it if you want,,
Cannot delete standard document state.,,
Cannot delete standard field <strong>{0}</strong>. You can hide it instead.,,
Cannot delete standard link. You can hide it if you want,,
Cannot delete system generated field <strong>{0}</strong>. You can hide it instead.,,
Cannot delete virtual DocType: {0}. Virtual DocTypes do not have database tables.,,
Cannot delete {0} as it has child nodes,,
"Cannot disable perpetual inventory, as there are existing Stock Ledger Entries for the company {0}. Please cancel the stock transactions first and try again.",,
"Cannot disable Serial and Batch No for Item, as there are existing records for serial / batch.",,
Cannot disable {0} as it may lead to incorrect stock valuation.,,
Cannot disassemble more than produced quantity.,,
Cannot disassemble {0} qty against Stock Entry {1}. Only {2} qty available to disassemble.,,
Cannot Download Report due to insufficient permissions,,
Cannot edit a standard report. Please duplicate and create a new report,,
Cannot edit cancelled document,,
Cannot edit filters for standard charts,,
Cannot edit filters for standard number cards,,
Cannot edit Standard charts,,
Cannot edit Standard Dashboards,,
Cannot edit standard fields,,
"Cannot edit Standard Notification. To edit, please disable this and duplicate it",,
"Cannot enable Item-wise Inventory Account, as there are existing Stock Ledger Entries for the company {0} with Warehouse-wise Inventory Account. Please cancel the stock transactions first and try again.",,
Cannot enable Opportunity creation from Contact Us because the Contact Us form is disabled.,,
Cannot enable {0} for a non-submittable doctype,,
Cannot ensure delivery by Serial No as Item {0} is added with and without Ensure Delivery by Serial No.,,
Cannot fetch selected rows for submitted Payment Request,,
Cannot Fetch Values,,
"Cannot find a default warehouse for item {0}. Please select one in the Update Items dialog, or set a default in the Item Master or in Stock Settings.",,
Cannot find active Leave Period,,
Cannot find file {} on disk,,
Cannot get file contents of a Folder,,
Cannot have multiple printers mapped to a single print format.,,
Cannot link cancelled document: {0},,
Cannot map because following condition fails:,,
Cannot mark attendance for an Inactive employee {0},,
Cannot match column {0} with any field,,
Cannot Merge,,
Cannot merge {0} '{1}' into '{2}' as both have existing accounting entries in different currencies for company '{3}'.,,
Cannot Modify Time,,
Cannot Optimize Route as Driver Address is Missing.,,
Cannot produce more Item {0} than Sales Order quantity {1} {2},,
Cannot receive from customer against negative outstanding,,
Cannot reduce quantity than ordered or purchased quantity,,
Cannot refer row number greater than or equal to current row number for this Charge type,,
Cannot register an empty XLSX style,,
Cannot Relieve Employee,,
Cannot Remove,,
Cannot repost more than {0} vouchers at once. Split them into multiple documents.,,
Cannot Resubmit Ledger entries for vouchers in Closed fiscal year.,,
Cannot retrieve link token for update. Check Error Log for more information,,
Cannot retrieve link token. Check Error Log for more information,,
Cannot select a Group type Customer Group. Please select a non-group Customer Group.,,
Cannot select charge type as 'On Previous Row Amount' or 'On Previous Row Total' for first row,,
Cannot set 'Report' permission if 'Only If Creator' permission is set,,
Cannot set as Lost as Sales Order is made.,,
Cannot set authorization on basis of Discount for {0},,
Cannot set multiple Item Defaults for a company.,,
Cannot set Notification with event {0} on Document Type {1},,
Cannot set quantity less than delivered quantity.,,
Cannot set quantity less than received quantity.,,
Cannot set the field <b>{0}</b> for copying in variants,,
Cannot share {0} with submit permission as the doctype {1} is not submittable,,
Cannot start deletion. Another deletion {0} is already queued/running. Please wait for it to complete.,,
Cannot submit Job Card {0} while it is On Hold. Please resume and complete the job before submission.,,
Cannot submit. Attendance is not marked for some employees.,,
Cannot Update After Submit,,
Cannot update allocation for {0} after submission,,
Cannot update rate as item {0} is already ordered or purchased against this quotation,,
Cannot update status of Goal groups,,
Cannot update {0},,
Cannot use sub-query here.,,
Cannot use {0} in order/group by,,
Cannot {0} from {1} without any negative outstanding invoice,,
Canonical URI,,
Capacity,,
Capacity (Stock UOM),,
Capacity in Stock UOM,,
Capacity must be greater than 0,,
Capacity Planning,,
"Capacity Planning Error, planned start time can not be same as end time",,
Capacity Planning For (Days),,
Capital Equipment,,
Capital Stock,,
Capital Work in Progress,,
Capital Work In Progress Account,,
Capitalization doesn't help very much.,,
Capitalize Asset,,
Capitalize Repair Cost,,
Capitalize this asset before submitting.,,
Capitalized,,
Card,,
Card 1,,
Card 2,,
Card 3,,
Card 4,,
Card 5,,
Card 6,,
Card 7,,
Card 8,,
Card 9,,
Card Size,,
Cards,,
Carrier,,
Carrier Service,,
Carry Forward,,
Carry Forward Communication and Comments,,
Carry Forwarded Leaves,,
Cash,,
Cash Flow,,
Cash Flow from Financing,,
Cash Flow from Investing,,
Cash Flow from Operations,,
Cash In Hand,,
Cash or Bank Account is mandatory for making payment entry,,
Cash/Bank Account,,
Cashier,,
Cashier Closing,,
Cashier Closing Payments,,
Cashier is currently assigned to another POS.,,
CAST,,
Catch All,,
Categorize by,,
Categorize By,,
Categorize by Account,,
Categorize by Item,,
Categorize by Party,,
Categorize by Supplier,,
Categorize by Voucher,,
Categorize by Voucher (Consolidated),,
Category,,
category,,
Category Description,,
Category Details,,
Category Name,,
Cause of Grievance,,
Caution,,
Caution: This might alter frozen accounts.,,
CC,,
CC To,,
Cellphone Number,,
Certificate,,
Certificate Details,,
Certificate Limit,,
Certificate No,,
Certificate Required,,
cf_leaves,,
Change,,
Change Amount,,
Change in Stock Value,,
Change Label (via Custom Translation),,
Change Password,,
Change Release Date,,
Change the account type to Receivable or select a different account.,,
Changed at,,
Changed by,,
Changed customer name to '{}' as '{}' already exists.,,
Changed the Status for Other Half from {0} to {1} via Attendance Request as the status is Half Day,,
Changed the status from {0} to {1} and Status for Other Half to {2} via Attendance Request,,
Changed the status from {0} to {1} via Attendance Request,,
changed {0},,
Changelog Feed,,
Changes,,
Changes in {0},,
Changing '{0}' to {1}.,,
Changing any setting will reflect on all the email accounts associated with this domain.,,
Changing Customer Group for the selected Customer is not allowed.,,
"Changing KRA in this parent goal will align all the child goals to the same KRA, if any.",,
Changing rounding method on site with data can result in unexpected behaviour.,,
"Changing the valuation method to Moving Average will affect new transactions. If backdated entries are added, earlier FIFO-based entries will be reposted, which may change closing balances.",,
Channel,,
Charge of type 'Actual' in row {0} cannot be included in Item Rate or Paid Amount,,
Chargeable,,
Charges are updated in Purchase Receipt against each item,,
Charges Incurred,,
"Charges will be distributed proportionately based on item qty or amount, as per your selection",,
Chart,,
Chart Configuration,,
Chart Name,,
Chart Of Accounts Template,,
Chart of Cost Centers,,
Chart Options,,
Chart Preview,,
Chart Source,,
Chart Tree,,
Chart Type,,
Charts,,
Charts Based On,,
Chassis No,,
Check,,
Check Availability in Warehouse,,
"Check columns to select, drag to set order.",,
Check Error Log {0} for more details.,,
Check In,,
Check Out,,
Check Request URL,,
Check row {0} for account {1}: Party is only allowed if Party Type is set,,
Check row {0} for account {1}: Party Type is only allowed for Receivable or Payable accounts,,
Check Supplier invoice number uniqueness,,
Check the Error Log for more information: {0},,
Check this if you don't want users to sign up for an account on your site. Users won't get desk access unless you explicitly provide it.,,
Check Vacancies On Job Offer Creation,,
Check {0} for more details,,
Check-in,,
Check-in Date,,
Check-out,,
Check-out Date,,
Checked On,,
Checkin Radius,,
"Checking this will enable tracking page views for blogs, web pages, etc.",,
Checking this will publish the page on your website and it'll be visible to everyone.,,
Checking this will show a text area where you can write custom javascript that will run on this page.,,
Checkout,,
Checkout Order / Submit Order / New Order,,
Cheque,,
Cheque Date,,
Cheque Height,,
Cheque Number,,
Cheque Print Template,,
Cheque Size,,
Cheque Width,,
Cheque/Reference Date,,
Cheque/Reference No,,
cheque_date,,
cheque_no,,
cheque_number,,
Cheques and Deposits Incorrectly cleared,,
Cheques and Deposits incorrectly cleared,,
Child Docname,,
Child Doctype,,
Child DocTypes,,
Child DocTypes are not allowed,,
Child Item,,
Child nodes can be only created under 'Group' type nodes,,
Child nodes can only be created under 'Group' type nodes,,
Child query fields for '{0}' must be a list or tuple.,,
Child Row Reference,,
Child Table Not Allowed,,
Child Table {0} for field {1} must be virtual,,
Child Tables are shown as a Grid in other DocTypes,,
Child Task exists for this Task. You can not delete this Task.,,
Child warehouse exists for this warehouse. You can not delete this warehouse.,,
child_docname,,
Choose which notification types are emailed to you. Unchecked types still show as in-app notifications.,,
Circular dependency detected: {0},,
Circular Reference Error,,
City/Town,,
Claim an Expense,,
Claim Benefit For,,
Claim History,,
Claimed,,
Claimed Amount,,
Claimed amount of employee {0} exceeds maximum amount eligible for claim {1},,
Claimed amount of employee {0} should be greater than 0,,
Claimed Landed Cost Amount (Company Currency),,
Claims,,
Class / Percentage,,
Classify As,,
Clauses and Conditions,,
Clear,,
Clear All,,
Clear Cache,,
Clear Error Logs,,
Clear Link,,
Clear Logs After (days),,
Clear Notifications,,
Clear Table,,
Clear User Permissions,,
Clearance Date,,
Clearance date changed from {0} to {1} via Bank Clearance Tool,,
Clearance Date not mentioned,,
Clearance Date updated,,
cleared {0},,
"Clearing end date, as it cannot be in the past for published pages.",,
Click here,,
Click on 'Get Finished Goods for Manufacture' to fetch the items from the above Sales Orders. Items only for which a BOM is present will be fetched.,,
Click on Add to Holidays. This will populate the holidays table with all the dates that fall on the selected weekly off. Repeat the process for populating the dates for all your weekly holidays,,
Click on Get Sales Orders to fetch sales orders based on the above filters.,,
Click on {0} to generate Refresh Token.,,
Click table to edit,,
Click to add email / phone,,
Click to Set Dynamic Filters,,
Click to Set Filters,,
Click {0} to change the configuration and then resave salary slip,,
Client,,
Client Code,,
Client Credentials,,
Client Id,,
Client ID,,
Client Information,,
Client Metadata,,
Client Script,,
Client script,,
Client Secret,,
Client URI,,
Client URLs,,
Close,,
Close Condition,,
Close Issue After Days,,
Close Loan,,
Close Replied Opportunity After Days,,
Close the POS,,
Closed Document,,
Closed Documents,,
Closed On,,
Closed order cannot be cancelled. Unclose to cancel.,,
Closed Period,,
Closed Work Order can not be stopped or Re-opened,,
Closes On,,
Closing,,
Closing (Cr),,
Closing (Dr),,
Closing (Opening + Total),,
Closing [Opening + Total],,
Closing Account Head,,
Closing Account {0} must be of type Liability / Equity,,
Closing Amount,,
Closing Balance,,
Closing Date,,
Closing Notes,,
Closing Text,,
Closing this Job Opening for {1} may not be according to the Staffing Plan {0}.<br><br>,,
CMD,,
COA Importer,,
Code,,
Code Challenge,,
Code challenge method,,
Code Editor Type,,
Code List,,
COGS By Item Group,,
COGS Debit,,
Collapsible,,
Collapsible Depends On,,
Collapsible Depends On (JS),,
Collect Outstanding Amount,,
Collect Progress,,
Collection Factor (=1 LP),,
Collection Rules,,
Collection Tier,,
Color,,
Colour,,
Column,,
Column 1,,
Column 2,,
Column <b>{0}</b> already exist.,,
Column in Bank File,,
Column Labels:,,
Column Mapping,,
Column Name,,
Column Name cannot be empty,,
Column {0},,
Columns,,
Columns / Fields,,
Columns are not according to template. Please compare the uploaded file with standard template,,
Combination of Grant Type (<code>{0}</code>) and Response Type (<code>{1}</code>) not allowed,,
Combined invoice portion must equal 100%,,
Comment,,
Comment By,,
Comment can only be edited by the owner,,
Comment Email,,
Comment publicity can only be updated by the original author or a System Manager.,,
Comment Type,,
Comments cannot have links or email addresses,,
Commercial,,
commission,,
Commission,,
Commission on Sales,,
Commission Rate,,
Commission Rate %,,
Commission Rate (%),,
Commit,,
Committed,,
Common Code,,
Common names and surnames are easy to guess.,,
Common words are easy to guess.,,
Communication,,
Communication Channel,,
Communication Date,,
Communication Link,,
Communication Medium,,
Communication Medium Timeslot,,
Communication Medium Type,,
Communication secret not set,,
Communication Type,,
Compact Item Print,,
Companies,,
Company Account,,
Company Account is mandatory,,
Company Address,,
Company Address Display,,
Company Address is missing. You don't have permission to create an Address. Please contact your System Manager.,,
Company Address is missing. You don't have permission to update it. Please contact your System Manager.,,
Company Address Name,,
Company and Posting Date is mandatory,,
Company Bank Account,,
Company Billing Address,,
Company Contact Person,,
Company currencies of both the companies should match for Inter Company Transactions.,,
Company Description,,
Company Details,,
Company Email,,
Company Field,,
Company field is required,,
Company History,,
Company Information,,
Company Introduction,,
Company is mandatory,,
Company is mandatory for company account,,
Company is mandatory for generating an invoice. Please set a default company in Global Defaults.,,
Company is required,,
Company Logo,,
Company Name,,
Company name not same,,
Company Not Linked,,
Company of asset {0} and purchase document {1} doesn't matches.,,
Company or Personal Email is mandatory when 'Create User Automatically' is enabled,,
Company Shipping Address,,
Company Tax ID,,
Company {0} added multiple times,,
Company {0} does not exist,,
Company {0} is added more than once,,
Company {0} is not in South Africa.,,
Company {} does not exist yet. Taxes setup aborted.,,
Company {} does not match with POS Profile Company {},,
Compare Versions,,
Compensatory Leave Request,,
Compensatory Off,,
Competitor,,
Competitor Detail,,
Competitor Name,,
Competitors,,
Compilation warning,,
Compiled Successfully,,
Complete,,
Complete Job,,
Complete Order,,
Complete Registration,,
Completed By,,
Completed By Role,,
Completed By User,,
Completed On,,
Completed On cannot be greater than Today,,
Completed Operation,,
Completed Projects,,
Completed Qty,,
Completed Qty cannot be greater than 'Qty to Manufacture',,
Completed Quantity,,
"Completed Quantity ({0}), Pending Quantity ({1}) and Process Loss Quantity ({2}) must add up to the Qty to Manufacture ({3}).",,
Completed Quantity cannot be greater than {0},,
Completed Tasks,,
Completed Time,,
Completed Work Orders,,
"Completed, Pending and Process Loss quantities must add up to this.",,
Completing onboarding,,
Completion,,
Completion By,,
Completion Date,,
Completion Date can not be before Failure Date. Please adjust the dates accordingly.,,
Completion Status,,
Component,,
component,,
Component Expense Account,,
Component Name,,
Component properties and references,,
Components,,
Comprehensive Insurance,,
CONCAT,,
CONCAT_WS,,
Condition,,
Condition & Formula,,
Condition and formula,,
Condition and Formula Help,,
Condition description,,
Condition JSON,,
Condition Type,,
Conditional Rule,,
Conditional Rule Examples,,
Conditions,,
Conditions and Formula variable and example,,
Config,,
Configuration,,
Configure,,
Configure Recorder,,
Configure search fields,,
Configure Series,,
Configure the default Price List when creating a new Purchase transaction. Item prices will be fetched from this Price List.,,
Confirm,,
Confirm Access,,
Confirm before resetting posting date,,
Confirm Deletion of Account,,
Confirm New Password,,
Confirm {0},,
Confirmation Date,,
Confirmation Email Template,,
Confirmed,,
Connect to {},,
Connected App,,
Connected User,,
Connection,,
Connections,,
Consider Accounting Dimensions,,
Consider for Tax Withholding,,
Consider Grace Period,,
Consider Marked Attendance on Holidays,,
Consider Minimum Order Qty,,
Consider Projected Qty in Calculation,,
Consider Projected Qty in Calculation (RM),,
Consider Rejected Warehouses,,
Consider Tax Exemption Declaration,,
Consider Tax or Charge for,,
Consider Unmarked Attendance As,,
Considered In Paid Amount,,
Console,,
Console Log,,
Console Logs can not be deleted,,
Consolidate Leave Types,,
Consolidate Sales Order Items,,
Consolidate Sub Assembly Items,,
Consolidated Credit Note,,
Consolidated Financial Statement,,
Consolidated Report,,
Consolidated Sales Invoice,,
Consolidated Trial Balance,,
Consolidated Trial Balance can be generated for Companies having same root Company.,,
Consolidated Trial balance could not be generated as Exchange Rate from {0} to {1} is not available for {2}.,,
Constraints,,
Consumable,,
Consumables,,
Consume Components,,
Consumed,,
Consumed Amount,,
Consumed Asset Total Value,,
Consumed Assets,,
Consumed Items,,
Consumed Items Cost,,
Consumed Qty,,
Consumed Qty cannot be greater than Reserved Qty for item {0},,
Consumed Quantity,,
Consumed quantity of item {0} exceeds transferred quantity.,,
Consumed Stock Items,,
"Consumed Stock Items, Consumed Asset Items or Consumed Service Items is mandatory for Capitalization",,
Consumed Stock Total Value,,
consumed_cost,,
consumed_qty,,
Consumption Rate,,
Contact / email not found. Did not add attendee for -<br>{0},,
Contact Desc,,
Contact Details,,
Contact Email,,
Contact HTML,,
Contact Info,,
Contact Information,,
Contact List,,
Contact Mobile,,
Contact Mobile No,,
Contact Name,,
Contact No.,,
Contact Number,,
Contact Numbers,,
Contact Person,,
Contact Person does not belong to the {0},,
Contact Phone,,
Contact Synced with Google Contacts.,,
Contact Us Settings,,
Contacts,,
Contains {0} security fix,,
Contains {0} security fixes,,
Content,,
Content data shoud be a list,,
Content Hash,,
Content Type,,
Content type for building the page,,
Context,,
Context Script,,
Continue,,
Contract Details,,
Contract End Date,,
Contract Fulfilment Checklist,,
Contract Period,,
Contract Template,,
Contract Template Fulfilment Terms,,
Contract Template Help,,
Contract Terms,,
Contract Terms and Conditions,,
Contributed,,
Contribution %,,
Contribution (%),,
Contribution Amount,,
Contribution Document Name,,
Contribution Qty,,
Contribution Status,,
Contribution to Net Total,,
contribution_amt,,
Control Action,,
Control Action for Cumulative Expense,,
Control Historical Stock Transactions,,
Conversion Factor,,
Conversion factor for default Unit of Measure must be 1 in row {0},,
Conversion factor for item {0} has been reset to 1.0 as the uom {1} is same as stock uom {2}.,,
Conversion Rate,,
Conversion rate cannot be 0,,
"Conversion rate is 1.00, but document currency is different from company currency",,
Conversion rate must be 1.00 if document currency is same as company currency,,
Convert Item description to clean HTML in transactions,,
Convert to Group,,
Convert to Item Based Reposting,,
Convert to Ledger,,
Convert to Non-Group,,
Converted,,
Copied From,,
Copy Attachments to Transaction,,
Copy embed code,,
Copy Fields to Variant,,
Copy Link,,
Copy of Invitation/Announcement,,
Copy token to clipboard,,
Copyright,,
Core DocTypes cannot be customized.,,
Core Modules {0} cannot be searched in Global Search.,,
Correct version :,,
Corrective Action,,
Corrective Job Card,,
Corrective Operation,,
Corrective Operation Cost,,
Corrective/Preventive,,
Cost,,
Cost Allocation,,
Cost Allocation %,,
Cost Allocation / Process Loss,,
Cost allocation between finished goods and secondary items should equal 100%,,
Cost Center Allocation,,
Cost Center Allocation Percentage,,
Cost Center Allocation Percentages,,
Cost Center and Budgeting,,
"Cost Center is a part of Cost Center Allocation, hence cannot be converted to a group",,
Cost Center is required in row {0} in Taxes table for type {1},,
Cost Center Name,,
Cost Center Number,,
Cost Center Validation Error,,
Cost Center with Allocation records can not be converted to a group,,
Cost Center with existing transactions can not be converted to group,,
Cost Center with existing transactions can not be converted to ledger,,
Cost Center {0} cannot be used for allocation as it is used as main cost center in other allocation record.,,
Cost Center {} doesn't belong to Company {},,
Cost Center {} is a group cost center and group cost centers cannot be used in transactions,,
Cost Center: {0} does not exist,,
Cost Centers,,
Cost Configuration,,
Cost of Delivered Items,,
Cost of Goods Sold,,
Cost of Goods Sold Account in Items Table,,
Cost of Issued Items,,
Cost of Poor Quality Report,,
Cost of Purchased Items,,
Cost of various activities,,
Cost Per Unit,,
Cost to Company (CTC),,
cost_center,,
Costing,,
Costing Amount,,
Costing and Billing,,
Costing and Billing fields has been updated,,
Costing Details,,
Costing Rate,,
costing_amount,,
Could not auto create Customer due to the following missing mandatory field(s):,,
Could not connect to outgoing email server,,
"Could not create Credit Note automatically, please uncheck 'Issue Credit Note' and submit again",,
Could Not Delete Demo Data,,
Could not detect any tables in this PDF. It may be a scanned or image-based,,
Could not detect the Company for updating Bank Accounts,,
Could not find a suitable shift to match the difference: {0},,
Could not find path for,,
Could not find {0},,
Could not map column {0} to field {1},,
Could not parse field: {0},,
Could not reach your server: {0},,
Could not retrieve information for {0}.,,
Could not solve criteria score function for {0}. Make sure the formula is valid.,,
Could not solve weighted score function. Make sure the formula is valid.,,
Could not start Chromium. Check logs for details.,,
Could not start up:,,
Could not submit some Salary Slips: {},,
Could not update Goal,,
Could not update goals,,
Could not validate {0}: {1},,
Couldn't guess builder,,
Couldn't open Cloud settings. Please try again.,,
count,,
Count,,
Count Filter,,
Counter,,
Country,,
Country Code in File does not match with country code set up in the system,,
Country Code Required,,
Country Fixture Deletion Failed,,
Country Name,,
Country of Origin,,
Country of Residence,,
Country Setup failed,,
County,,
Coupon Code,,
Coupon Code Based,,
Coupon Description,,
Coupon Name,,
Coupon Type,,
Course,,
Cover Letter,,
cProfile Output,,
cr,,
Cr,,
Create,,
Create & Continue,,
Create a New Format,,
Create a Stock Closing Entry for the entire company with To Date as {0} before submitting the Period Closing Voucher.,,
Create a variant with the template image.,,
Create Additional Salary,,
Create an incoming stock transaction for the Item.,,
Create Appraisals,,
Create Chart Of Accounts Based On,,
Create Contacts from Incoming Emails,,
Create customer quotes,,
Create Delivery Trip,,
Create Employee,,
Create Employee Records,,
Create Employee records.,,
Create Grouped Asset,,
Create Inter Company Journal Entry,,
Create Interview,,
Create Invoices,,
Create Job Applicant,,
Create Job Card,,
Create Job Card based on Batch Size,,
Create Job Offer,,
Create Job Opening,,
Create Journal Entries,,
Create Journal Entry,,
Create Lead,,
Create Leads,,
Create Ledger Entries for Change Amount,,
Create Link,,
Create Log,,
Create Missing Party,,
Create MPS,,
Create Multi-level BOM,,
Create New,,
Create New DocType,,
Create New Employee Id,,
Create Opportunity,,
Create or Edit Print Format,,
Create or Edit Workflow,,
Create Overtime Slip For Eligible Employee(s),,
Create Overtime Slips,,
Create Payment Entry,,
Create Payment Entry for Consolidated POS Invoices.,,
Create payment requests in Draft status,,
Create Pick List,,
Create POS Opening Entry,,
Create Print Format,,
Create Prospect,,
Create Purchase Order,,
Create Purchase Orders,,
Create Quotation,,
Create Receiver List,,
Create Reposting Entries,,
Create Reposting Entry,,
Create Salary Slips,,
Create Sales Invoice,,
Create Sales Order,,
Create Sales Orders to help you plan your work and deliver on-time,,
Create Shifts After,,
Create Stock Entry,,
Create Supplier Quotation,,
Create Tax Template,,
Create Timesheet,,
Create User,,
Create User Automatically,,
Create User Email,,
Create User Permission,,
Create Users,,
Create Variant,,
Create Variants,,
Create Workstation,,
Create your workflow visually using the Workflow Builder.,,
Created At,,
Created By Migration,,
Created Custom Field {0} in {1},,
Created On,,
Created through Portal,,
Created {0} scorecards for {1} between:,,
Creating Accounts...,,
Creating Appraisals,,
Creating Delivery Note ...,,
Creating Delivery Schedule...,,
Creating demo data,,
Creating Dimensions...,,
Creating Journal Entries...,,
Creating Packing Slip ...,,
Creating Payment Entries......,,
Creating Purchase Invoices ...,,
Creating Purchase Order ...,,
Creating Purchase Receipt ...,,
Creating Return of Components ...,,
Creating Salary Slips...,,
Creating Sales Invoices ...,,
Creating Stock Entry,,
Creating Subcontracting Inward Order ...,,
Creating Subcontracting Order ...,,
Creating Subcontracting Receipt ...,,
Creating User...,,
Creating {0}...,,
Creating {} out of {} {},,
Creation,,
Creation Date,,
Creation Failed,,
Creation of <b><a href='/app/{0}'>{1}(s)</a></b> successful,,
Creation of Salary Structure Assignments has been queued. It may take a few minutes.,,
Creation of this document is only permitted in developer mode.,,
Creation of {0} has been queued. It may take a few minutes.,,
Credit,,
credit,,
Credit & Overdue Limits,,
Credit (Transaction),,
Credit ({0}),,
Credit Account,,
Credit Amount,,
Credit Amount in Account Currency,,
Credit Amount in Reporting Currency,,
Credit Amount in Transaction Currency,,
Credit Balance,,
Credit Card,,
Credit Days,,
Credit in Company Currency,,
Credit Limit,,
Credit Limit Crossed,,
Credit limit has been crossed for customer {0} ({1}/{2}),,
Credit limit is already defined for the Company {0},,
Credit limit reached for customer {0},,
Credit Limits,,
Credit Months,,
Credit Note,,
Credit Note Amount,,
Credit Note Issued,,
Credit Note {0} has been created automatically,,
Credit To,,
credit_in_account_currency,,
credit_in_reporting_currency,,
Creditor Turnover Ratio,,
Creditors,,
Criteria,,
Criteria Formula,,
Criteria Name,,
Criteria Setup,,
Criteria Weight,,
Criteria weights must add up to 100%,,
CRM,,
Crm Note,,
Crm Settings,,
CRM Settings,,
Cron Format,,
Cron format is required for job types with Cron frequency.,,
Cron Interval should be between 1 and 59 Min,,
CSS,,
CSS Class,,
CTA Description,,
CTA Label,,
CTA Title,,
CTA URL,,
CTC,,
CTC Missing for Employee,,
Cumulative Threshold,,
cumulative_lead_time,,
currency,,
Currency,,
Currency and Price List,,
Currency can not be changed after making entries using some other currency,,
Currency Exchange,,
Currency Exchange must be applicable for Buying or for Selling.,,
Currency Exchange Settings,,
Currency Exchange Settings Details,,
Currency Exchange Settings Result,,
Currency filters are currently unsupported in Custom Financial Report.,,
Currency for {0} must be {1},,
Currency Name,,
Currency of selected Income Tax Slab should be {0} instead of {1},,
Currency of the Closing Account must be {0},,
Currency of the price list {0} must be {1} or {2},,
Currency Precision,,
Currency should be same as Price List Currency: {0},,
Current,,
Current Address,,
Current Address Is,,
Current Amount,,
Current Asset Value,,
Current Assets,,
Current BOM,,
Current BOM and New BOM can not be same,,
Current Count,,
Current CTC,,
Current Employer,,
Current Exchange Rate,,
Current Index,,
Current Invoice End Date,,
Current Invoice Start Date,,
Current Job ID,,
Current Job Title,,
Current Level,,
Current Liabilities,,
Current Month Income Tax,,
Current Node,,
Current Odometer value,,
Current Odometer Value should be greater than Last Odometer Value {0},,
Current Openings,,
Current Password,,
Current Payroll Period,,
Current Qty,,
Current Ratio,,
Current Serial / Batch Bundle,,
Current Serial No,,
Current State,,
Current Status,,
Current Stock,,
Current Valuation Rate,,
Current Value,,
Current Work Experience,,
"Currently, there is no {0} leave period for this date to create/update leave allocation.",,
Curves,,
Custodian,,
Custody,,
Custom,,
Custom Base URL,,
Custom Block Name,,
Custom Blocks,,
Custom Configuration,,
Custom CSS,,
Custom delimiters,,
Custom Delimiters,,
Custom Docperm,,
Custom Document Types (Select Permission),,
Custom Documents,,
Custom field renamed to {0} successfully.,,
Custom Field {0} is created by the Administrator and can only be deleted through the Administrator account.,,
Custom Fields can only be added to a standard DocType.,,
Custom Fields cannot be added to core DocTypes.,,
Custom Financial Statement,,
Custom Footer,,
Custom Format,,
"Custom get_list method for {0} must return a QueryBuilder object or None, got {1}",,
Custom Group Search,,
"Custom Group Search if filled needs to contain the user placeholder {0}, eg uid={0},ou=users,dc=example,dc=com",,
Custom HTML,,
Custom Html Block,,
Custom HTML Help,,
Custom Label,,
"Custom LDAP Directoy Selected, please ensure 'LDAP Group Member attribute' and 'Group Object Class' are entered",,
Custom Menu Items,,
Custom Options,,
Custom Overrides,,
Custom Remark,,
Custom Remarks,,
Custom Reports,,
Custom Role,,
Custom SCSS,,
Custom Sidebar Menu,,
Custom?,,
Customer / Item / Item Group,,
Customer / Lead Address,,
Customer > Customer Group > Territory,,
Customer Acquisition and Loyalty,,
Customer Address,,
Customer Addresses And Contacts,,
Customer Advances,,
Customer Code,,
Customer Contact,,
Customer Contact Email,,
Customer contact updated successfully.,,
Customer Credit Balance,,
Customer Credit Limit,,
Customer Currency,,
Customer Defaults,,
Customer Details,,
Customer Feedback,,
Customer Group,,
Customer Group Item,,
Customer Group Name,,
Customer Groups,,
Customer is required,,
Customer isn't enrolled in any Loyalty Program,,
Customer Item,,
Customer Items,,
Customer Ledger,,
Customer Ledger Summary,,
Customer LPO,,
Customer Mobile No,,
Customer Name,,
Customer Naming By,,
Customer Number,,
Customer Number At Supplier,,
Customer Numbers,,
Customer or Item,,
Customer PO,,
Customer PO Details,,
Customer Portal Users,,
Customer POS ID,,
Customer Primary Address,,
Customer Primary Contact,,
Customer Provided Item Cost,,
Customer required for 'Customerwise Discount',,
Customer Service,,
Customer Territory,,
Customer Type,,
Customer Warehouse,,
Customer Warehouse (Optional),,
Customer Warehouse {0} does not belong to Customer {1}.,,
Customer {0} does not belong to project {1},,
Customer's Item Code,,
Customer's Purchase Order,,
Customer's Purchase Order Date,,
Customer's Purchase Order No,,
Customer-wise Item Price,,
Customer/Lead Name,,
customer_group,,
Customers,,
Customers not selected.,,
Customers Without Any Sales Transactions,,
Customization,,
Customizations for <b>{0}</b> exported to:<br>{1},,
Customizations Reset,,
Customize,,
Customize Child Table,,
Customize Form,,
Customize Form - {0},,
Customize Form Field,,
Customs Tariff Number,,
CWIP Account,,
Cycle Name,,
Cycles,,
D - E,,
Daily,,
Daily Events should finish on the Same Day.,,
Daily Project Summary for {0},,
Daily Reminders,,
Daily Time to send,,
Daily Timesheet Summary,,
Daily Work Summary,,
Daily Work Summary Group,,
Daily Work Summary Group User,,
Daily Work Summary Replies,,
Daily Yield (%),,
Dark Color,,
Dashboard Chart,,
Dashboard Chart Field,,
Dashboard Chart Link,,
Dashboard Chart Source,,
Dashboard Name,,
Dashboard Settings,,
Dashboards,,
Data,,
Data Based On,,
Data Export,,
Data fetch method,,
Data Import,,
Data Import and Settings,,
Data Import Configuration,,
Data Import is not allowed for {0}. Enable 'Allow Import' in DocType settings.,,
Data Import Log,,
Data Import Template,,
Data Source,,
Data Too Long,,
Database,,
Database Engine,,
Database Processes,,
Database Storage Usage By Tables,,
Database Table Row Size Limit,,
Database Version,,
date,,
Date,,
Date and Number Format,,
Date Based On,,
Date Format,,
Date is repeated,,
Date must be between {0} and {1},,
Date of Birth cannot be greater than today.,,
Date of Commencement,,
Date of Commencement should be greater than Date of Incorporation,,
Date of Establishment,,
Date of Incorporation,,
Date of Issue,,
Date Of Retirement,,
Date of Transaction,,
Date Range,,
Date Range Exceeded,,
Date Settings,,
Date {0} is repeated in Overtime Details,,
date_of_joining,,
dated {0},,
Dates,,
Dates & Reason,,
Dates are often easy to guess.,,
Dates Based On,,
Dates to Process,,
day,,
Day,,
Day Of Week,,
Day of Week,,
Day to Send,,
Days Before or After,,
Days for which Holidays are blocked for this department.,,
Days Since Last order,,
Days Since Last Order,,
Days to Reverse,,
Days to Reverse must be greater than zero.,,
Days Until Due,,
days_since_last_order,,
DB Tables,,
Deal Owner,,
"Dear System Manager,",,
Debit,,
debit,,
Debit (Transaction),,
Debit ({0}),,
Debit / Credit Note Posting Date,,
Debit A/C Number,,
Debit Account,,
Debit Amount,,
Debit Amount in Account Currency,,
Debit Amount in Reporting Currency,,
Debit Amount in Transaction Currency,,
Debit and Credit not equal for {0} #{1}. Difference is {2}.,,
Debit in Company Currency,,
Debit Note,,
Debit Note Amount,,
Debit To,,
Debit to,,
Debit To is required,,
Debit-Credit Mismatch,,
Debit-Credit mismatch,,
debit_in_account_currency,,
debit_in_reporting_currency,,
Debt Equity Ratio,,
Debtor Turnover Ratio,,
Debtor/Creditor,,
Debtor/Creditor Advance,,
Debtors,,
Debug Log,,
Dec,,
Decision Pending,,
Declarations,,
Declared Amount,,
Deduct Full Tax on Selected Payroll Date,,
Deduct Tax For Unsubmitted Tax Exemption Proof,,
Deduct Tax On Basis,,
Deducted From,,
Deductee Details,,
Deduction,,
Deduction Arrears,,
Deduction Certificate,,
Deduction from Salary,,
Deduction Reports,,
Deductions,,
Deductions before tax calculation,,
Deductions or Loss,,
Default,,
Default Account,,
Default Accounts,,
Default Activity Cost exists for Activity Type - {0},,
Default Address Template cannot be deleted,,
Default Advance Account,,
Default Advance Paid Account,,
Default Advance Received Account,,
Default Ageing Range,,
Default Amendment Naming,,
Default Amount,,
Default App,,
Default Bank Account,,
Default Base Pay,,
Default Billing Rate,,
Default BOM,,
Default BOM ({0}) must be active for this item or its template,,
Default BOM for {0} not found,,
Default BOM not found for FG Item {0},,
Default BOM not found for Item {0} and Project {1},,
Default Buying Cost Center,,
Default Buying Price List,,
Default Buying Terms,,
Default Cash Account,,
Default COGS Account,,
Default Common Code,,
Default Company,,
Default Cost Center,,
Default Cost of Goods Sold Account,,
Default Costing Rate,,
Default Currency,,
Default Customer Group,,
Default Deferred Expense Account,,
Default Deferred Revenue Account,,
Default Dimension,,
Default Discount Account,,
Default Distance Unit,,
Default Email Template,,
Default Employee Advance Account,,
Default Expense Account,,
Default Expense Claim Payable Account,,
Default Finance Book,,
Default Finished Goods Warehouse,,
Default Holiday List,,
Default In-Transit Warehouse,,
Default Inbox,,
Default Income Account,,
Default Incoming,,
Default Inventory Account,,
Default Item Group,,
Default Item Manufacturer,,
Default Letter Head,,
Default Manufacturer Part No,,
Default Material Request Type,,
Default Operating Cost Account,,
Default Outgoing,,
Default Payable Account,,
Default Payment Discount Account,,
Default Payment Request Message,,
Default Payment Terms Template,,
Default Payroll Payable Account,,
Default Portal Home,,
Default Price List,,
Default Print Format,,
Default Print Language,,
Default Priority,,
Default Provisional Account,,
Default Provisional Account (Service),,
Default Purchase Unit of Measure,,
Default Quotation Validity Days,,
Default Receivable Account,,
Default Redirect URI,,
Default Role at Time of Signup,,
Default Salary Structure,,
Default Sales Contact,,
Default Sales Unit of Measure,,
Default Scrap Warehouse,,
Default Selling Cost Center,,
Default Selling Terms,,
Default Sending,,
Default Sending and Inbox,,
Default Service Level Agreement,,
Default Service Level Agreement for {0} already exists.,,
Default Shift,,
Default Sort Field,,
Default Sort Order,,
Default Source Warehouse,,
Default Stock UOM,,
Default Stock Valuation Method,,
Default Supplier,,
Default Supplier Group,,
Default Target Warehouse,,
"Default tax templates for sales, purchase and items are created.",,
Default Template For Field,,
Default Territory,,
Default Theme,,
Default Unit of Measure,,
Default Unit of Measure for Item {0} cannot be changed directly because you have already made some transaction(s) with another UOM. You need to either cancel the linked documents or create a new Item.,,
Default Unit of Measure for Item {0} cannot be changed directly because you have already made some transaction(s) with another UOM. You will need to create a new Item to use a different Default UOM.,,
Default Unit of Measure for Variant '{0}' must be same as in Template '{1}',,
Default User Role,,
Default User Type,,
Default Valuation Method,,
Default Value,,
Default value for {0} must be in the list of options.,,
Default View,,
Default Warehouse,,
Default Warehouse for Sales Return,,
Default Work In Progress Warehouse,,
Default Workspace,,
Default Workstation,,
Default {0},,
default_bom,,
Defaults,,
Defaults Updated,,
Defaultvalue,,
Deferred Accounting,,
Deferred Accounting Defaults,,
Deferred accounting failed for some invoices:,,
Deferred Accounting Settings,,
Deferred Expense,,
Deferred Expense Account,,
Deferred Revenue,,
Deferred Revenue Account,,
Deferred Revenue and Expense,,
Define Project type.,,
Delay (In Days),,
Delay (in Days),,
Delay between Delivery Stops,,
Delay in payment (Days),,
Delayed,,
Delayed Days,,
Delayed Item Report,,
Delayed Order Report,,
Delayed Tasks Summary,,
Delete Accounting and Stock Ledger entries on deletion of transaction,,
Delete all the Transactions for {0},,
Delete Attachment,,
Delete Background Exported Reports After (Hours),,
Delete Bins,,
Delete Cancelled Ledger Entries,,
Delete Data,,
Delete Demo Data,,
Delete Dimension,,
Delete Leads and Addresses,,
Delete this record to allow sending to this email address,,
Delete Transactions,,
Delete {0},,
Deleted,,
Deleted all documents successfully,,
Deleted DocType,,
Deleted Document,,
Deleted Documents,,
Deleted Name,,
Deleting {0},,
Deleting {0} and all associated Common Code documents...,,
Deletion in Progress!,,
Deletion is not permitted for country {0},,
Deletion of this document is only permitted in developer mode.,,
Deletion process restarted,,
Deletion Steps,,
Deletion will start automatically after submission.,,
Delimiter detection failed. Try to enable custom delimiters and adjust the delimiter options as per your data.,,
Delimiter Options,,
Delimiter options,,
DeLinked,,
Deliver (Dropship),,
Deliver secondary Items,,
Delivered,,
Delivered Amount,,
Delivered by Supplier,,
Delivered By Supplier,,
Delivered by Supplier (Drop Ship),,
Delivered Items To Be Billed,,
Delivered Qty,,
Delivered Qty (in Stock UOM),,
Delivered Qty cannot be increased by more than {0} for item {1},,
Delivered Qty cannot be reduced by more than {0} for item {1},,
Delivered Quantity,,
delivered_qty,,
Delivery Date,,
Delivery Details,,
Delivery From Date,,
Delivery Note Item,,
Delivery Note No,,
Delivery Note Packed Item,,
Delivery Note Trends,,
Delivery Note {0} is not submitted,,
Delivery Notes,,
Delivery Notes should not be in draft state when submitting a Delivery Trip. The following Delivery Notes are still in draft state: {0}. Please submit them first.,,
Delivery Notes {0} updated,,
Delivery Schedule,,
Delivery Schedule Item,,
Delivery Settings,,
Delivery Status,,
Delivery Status Notification Type,,
Delivery Stop,,
Delivery Stops,,
Delivery To,,
Delivery to,,
Delivery To Date,,
Delivery Trip,,
Delivery Warehouse,,
delivery_date,,
delivery_note,,
Demand,,
Demand Qty,,
Demand vs Supply,,
Demo Bank Account,,
Demo Company,,
Demo Data creation failed.,,
Demo data creation failed. Check notifications for more info.,,
Department Approver,,
Department Wise Openings,,
Department {0} does not belong to company: {1},,
Department: {0},,
Departure Datetime,,
Departure Time,,
Dependant SLE Voucher Detail No,,
Dependencies,,
Dependent Task,,
Dependent Task {0} is not a Template Task,,
Dependent Tasks,,
Depends On,,
Depends On Payment Days,,
Depends on Payment Days,,
Depends on Tasks,,
Deposit,,
depr_amount,,
Depreciate based on daily pro-rata,,
Depreciate based on shifts,,
Depreciated Amount,,
Depreciation,,
Depreciation Amount,,
Depreciation Amount during the period,,
Depreciation cannot be calculated for fully depreciated assets,,
Depreciation Date,,
Depreciation Details,,
Depreciation Eliminated due to disposal of assets,,
Depreciation eliminated via reversal,,
Depreciation Entry,,
Depreciation Entry against asset {0},,
Depreciation Entry against {0} worth {1},,
Depreciation Entry Posting Status,,
Depreciation Expense Account,,
Depreciation Expense Account should be an Income or Expense Account.,,
Depreciation Method,,
Depreciation Options,,
Depreciation Posting Date,,
Depreciation Posting Date cannot be before Available-for-use Date,,
Depreciation Row {0}: Depreciation Posting Date cannot be before Available-for-use Date,,
Depreciation Row {0}: Expected value after useful life must be greater than or equal to {1},,
Depreciation Schedule,,
Depreciation Schedule View,,
depreciation_amount,,
depreciation_amount_during_the_period,,
depreciation_eliminated_during_the_period,,
depreciation_eliminated_via_reversal,,
Depth,,
description,,
Description,,
Description of Content,,
Description Rules,,
Designation Skill,,
Designation: {0},,
Desk Access,,
Desk Settings,,
Desk Theme,,
Desktop Icon,,
Desktop Layout,,
Desktop Settings,,
Detailed Reason,,
Details,,
"Details of Sponsor (Name, Location)",,
Detect CSV type,,
Detected Amount Format,,
Detected Date Format,,
Detected Header Index,,
Detected Transaction Ending Index,,
Detected Transaction Starting Index,,
Determine Address Tax Category from,,
Determine Check-in and Check-out,,
Did not add,,
Did not remove,,
Difference,,
Difference (Dr - Cr),,
Difference Account,,
Difference Account in Items Table,,
"Difference Account must be a Asset/Liability type account (Temporary Opening), since this Stock Entry is an Opening Entry",,
"Difference Account must be a Asset/Liability type account, since this Stock Reconciliation is an Opening Entry",,
Difference Amount,,
Difference Amount (Company Currency),,
Difference Amount must be zero,,
Difference In,,
Difference Posting Date,,
Difference Qty,,
Difference Value,,
Different 'Source Warehouse' and 'Target Warehouse' can be set for each row.,,
Different UOM for items will lead to incorrect (Total) Net Weight value. Make sure that Net Weight of each item is in the same UOM.,,
Digits,,
dimension,,
Dimension Defaults,,
Dimension Details,,
Dimension Filter,,
Dimension Filter Help,,
Dimension Name,,
Dimension-wise Accounts Balance Report,,
Dimensions,,
Dinars,,
Direct Expenses,,
Direct Income,,
Direct return is not allowed for Timesheet.,,
Directory Server,,
Disable,,
"Disable ""Consider Accounting Dimension"" Filter",,
Disable Auto Refresh,,
Disable Automatic Recency Filters,,
Disable Capacity Planning,,
Disable Change Log Notification,,
Disable Comment Count,,
Disable Count,,
Disable Cumulative Threshold,,
Disable Document Sharing,,
Disable In Words,,
Disable last purchase rate,,
Disable Opening Balance Calculation,,
Disable Prepared Report Automation,,
Disable Product Suggestion,,
Disable Report,,
Disable Rounded Total,,
Disable Scrolling,,
Disable Serial No and Batch selector,,
Disable Sidebar Stats,,
Disable Signup for your site,,
Disable signups,,
Disable SMTP server authentication,,
Disable Standard Email Footer,,
Disable System Update Notification,,
Disable Transaction Threshold,,
Disable Username/Password Login,,
"Disable {0} for the {1} component, to prevent the amount from being deducted twice, as its formula already uses a payment-days-based component.",,
Disable {0} or {1} to proceed.,,
Disabled Account Selected,,
Disabled Auto Reply,,
Disabled Bank Account,,
Disabled pricing rules since this {} is an internal transfer,,
Disabled tax included prices since this {} is an internal transfer,,
Disabled template must not be default template,,
Disabled Warehouse {0} cannot be used for this transaction.,,
Disabling Push Notifications...,,
Disassemble,,
Disassemble Order,,
Disassemble Qty cannot be less than or equal to 0.,,
Disassemble Qty cannot be less than or equal to <b>0</b>.,,
Disassembled Qty,,
Disburse Loan,,
Disbursed,,
Discarded,,
Discount,,
Discount (%),,
Discount (%) on Price List Rate with Margin,,
Discount Account,,
Discount Amount,,
Discount Amount in Transaction,,
Discount and Margin,,
discount applied,,
Discount cannot be greater than 100%,,
Discount cannot be greater than 100%.,,
Discount Date,,
Discount must be less than 100,,
Discount of {} applied as per Payment Term,,
Discount on Other Item,,
Discount on Price List Rate (%),,
Discount Percentage,,
Discount Percentage can be applied either against a Price List or for all Price List.,,
Discount Percentage in Transaction,,
Discount Settings,,
Discount Type,,
Discount Validity,,
Discount Validity Based On,,
Discounted Amount,,
Discounted Invoice,,
Discounts,,
Discrepancy between General and Payment Ledger,,
Discretionary Reason,,
Discussion Reply,,
Discussion Topic,,
Dislikes,,
Dismiss,,
Dispatch,,
Dispatch Address,,
Dispatch Address Details,,
Dispatch Address Name,,
Dispatch Address Template,,
Dispatch Information,,
Dispatch Notification,,
Dispatch Notification Attachment,,
Dispatch Notification Template,,
Dispatch Settings,,
Display,,
Display & Data Formatting,,
Display Depends On,,
Display Depends On (JS),,
Display Name,,
Disposal Date,,
Disposal date {0} cannot be before {1} date {2} of the asset.,,
Distance,,
Distance from left edge,,
Distance from top edge,,
Distance UOM,,
Distribute Additional Costs Based On,,
Distribute Charges Based On,,
Distribute Equally,,
Distributed Discount Amount,,
Distribution Frequency,,
Distribution Name,,
Distributor,,
Dividends Paid,,
dn,,
dn_item,,
dn_qty,,
Do Not Contact,,
Do Not Create New User,,
Do Not Explode,,
Do not fetch incoming rate from Serial No,,
Do Not Include in Accounting Entries,,
Do not include in total,,
Do Not Include in Total,,
Do not update Serial / Batch on creation of auto bundle,,
Do not update variants on save,,
Do not use Batch-wise Valuation,,
Do Not Use Batchwise Valuation,,
Do you really want to restore this scrapped asset?,,
Do you still want to enable immutable ledger?,,
Do you still want to enable negative inventory?,,
Do you still want to proceed?,,
Do you want to change valuation method?,,
Do you want to notify all the customers by email?,,
Do you want to submit the material request,,
Do you want to submit the stock entry?,,
Do you want to update the Job Applicant {0} as {1} based on this interview result?,,
doc,,
Doc Event,,
Doc Events,,
Doc Status,,
Doc Values,,
Docfield,,
DocField,,
Docperm,,
Docs Search,,
Docshare,,
docstatus,,
Doctype,,
DocType,,
doctype,,
DocType <b>{0}</b> provided for the field <b>{1}</b> must have atleast one Link field,,
Doctype Action,,
DocType can be one of them {0},,
DocType can not be merged,,
DocType can only be renamed by Administrator,,
DocType Event,,
Doctype Layout,,
Doctype Layout Field,,
Doctype Link,,
DocType must be Submittable for the selected Doc Event,,
Doctype name is limited to {0} characters ({1}),,
DocType not supported by Log Settings.,,
Doctype State,,
DocType View,,
DocType {0} does not exist,,
DocType {0} does not exist.,,
DocType {0} with company field '{1}' is already in the list,,
DocType {} not found,,
DocType's name should not start or end with whitespace,,
"DocTypes cannot be modified, please use {0} instead",,
DocTypes To Delete,,
DocTypes with a company field:,,
DocTypes without a company field:,,
Document,,
Document Actions,,
Document cannot be used as a filter value,,
Document Count,,
Document Follow,,
Document follow is not enabled for this user.,,
Document Follow Notification,,
Document Linking,,
Document Links,,
Document Links Row #{0}: Could not find field {1} in {2} DocType,,
Document Links Row #{0}: Invalid doctype or fieldname.,,
Document Links Row #{0}: Parent DocType is mandatory for internal links,,
Document Links Row #{0}: Table Fieldname is mandatory for internal links,,
Document Name,,
Document Name (ID),,
Document Name must not be empty,,
Document Naming,,
Document Naming Rule,,
Document Naming Rule Condition,,
Document Naming Settings,,
Document No,,
Document not Relinked,,
Document Queued,,
Document renamed from {0} to {1},,
Document Restoration Summary,,
Document Restored,,
Document Share,,
Document Share Key,,
Document Share Key Expiry (in Days),,
Document Share Report,,
Document States,,
Document Status,,
Document Tag,,
Document Title,,
Document Type,,
Document Type already used as a dimension,,
Document Type and Function are required to create a number card,,
Document Type is not importable,,
Document Type is not submittable,,
Document Type is required,,
Document type is required to create a dashboard chart,,
Document Type to Track,,
Document Type {0} has been repeated.,,
Document Types,,
Document Types (Select Permissions Only),,
Document Types and Permissions,,
Document Unlocked,,
Document {0} Already Restored,,
Document {0} failed!,,
Document {0} has been set to state {1} by {2},,
Document {0} successfully!,,
Documentation,,
Documentation Link,,
Documentation URL,,
Documents restored successfully,,
Documents that failed to restore,,
Documents that were already restored,,
Documents: {0} have deferred revenue/expense enabled for them. Cannot repost.,,
Domain,,
Domain is required.,,
Domain Name,,
Domain Settings,,
Domains HTML,,
Don't Create Loyalty Points,,
Don't Enforce Free Item Qty,,
Don't Override Status,,
Don't Recompute Tax,,
Don't reserve Sales Order qty on sales return,,
Don't Send Emails,,
Done,,
Doors,,
Download as CSV,,
Download Backups,,
Download Failed,,
Download Files Backup,,
Download PDF,,
Download PDF for Supplier,,
Download Required Materials,,
Download Template,,
Download vCard,,
Download vCards,,
Download Your Data,,
Downtime,,
Downtime (In Hours),,
Downtime Analysis,,
Downtime Entry,,
Downtime Reason,,
dr,,
Dr,,
Dr/Cr,,
Drag elements from the sidebar to add. Drag them back to trash.,,
Driver,,
Driver Address,,
Driver Email,,
Driver licence class,,
Driver Name,,
Driving License Categories,,
Driving License Category,,
Drop Ship,,
Dropdowns,,
Duckdb Sync,,
Duckdb Sync Item,,
Due Date,,
Due Date Based On,,
Due Date cannot be after {0},,
Due Date cannot be before {0},,
"Due to stock closing entry {0}, you cannot repost item valuation before {1}",,
Dunning,,
Dunning Amount,,
Dunning Amount (Company Currency),,
Dunning Fee,,
Dunning Letter,,
Dunning Letter for Dunning Type {0} in language '{1}' not found.,,
Dunning Letter for Dunning Type {0} not found.,,
Dunning Letter Text,,
Dunning Level,,
Dunning Type,,
Duplicate,,
Duplicate Application,,
Duplicate Assignment,,
Duplicate Attendance,,
Duplicate Claim Detected,,
Duplicate Customer Group,,
Duplicate customer group found in the customer group table,,
Duplicate DocType,,
Duplicate Entry,,
Duplicate entry against the item code {0} and manufacturer {1},,
Duplicate Entry. Please check Authorization Rule {0},,
Duplicate entry: {0}{1},,
Duplicate Finance Book,,
Duplicate Item Group,,
Duplicate item group found in the item group table,,
Duplicate Item Under Same Parent,,
Duplicate languages found on Dunning Letter Text. Keep only one of them.,,
Duplicate Leave Adjustment,,
Duplicate line reference: '{0}',,
Duplicate Name,,
Duplicate Operating Component {0} found in Operating Components,,
Duplicate Overwritten Salary,,
Duplicate Payment Schedule selected,,
Duplicate POS Fields,,
Duplicate POS Invoices found,,
Duplicate POS Search Fields,,
Duplicate project has been created,,
Duplicate Project with Tasks,,
Duplicate row {0} with same {1},,
Duplicate Salary Withholding,,
Duplicate Sales Invoices found,,
Duplicate Serial Number Error,,
Duplicate Stock Closing Entry,,
Duplicate vouchers found. Remove the duplicate vouchers to continue to repost.,,
Duplicate {0} found in the table,,
Duration,,
Duration (Days),,
Duration (ms),,
Duration in Days,,
Duties and Taxes,,
Dynamic Condition,,
Dynamic Filters,,
Dynamic Filters JSON,,
Dynamic Filters Section,,
Dynamic Link,,
Dynamic Report Filters,,
Dynamic Route,,
Dynamic Template,,
E-Invoicing Information Missing,,
e.g.:,,
Earliest,,
Earliest Age,,
Early Exit,,
Early Exit (This Month),,
Early Exit By,,
Early Exit Grace Period,,
Early Exits,,
Earned Leave,,
Earned Leave Frequency,,
Earned Leave Schedule,,
Earned Leaves,,
Earned Leaves are allocated as per the configured frequency via scheduler.,,
Earned Leaves are auto-allocated via scheduler based on the annual allocation set in the Leave Policy: {0},,
Earned Leaves are leaves earned by an Employee after working with the company for a certain amount of time. Enabling this will allocate leaves on pro-rata basis by automatically updating Leave Allocation for leaves of this type at intervals set by 'Earned Leave Frequency.,,
earned_leave_schedule_exists,,
Earnest Money,,
Earning,,
Earning Arrears,,
Earning Component,,
Earning Salary Component is required for Employee Referral Bonus.,,
Earnings,,
Earnings & Deductions,,
eca,,
Edit Capacity,,
Edit Cart,,
Edit Custom HTML,,
Edit Existing,,
Edit Expense Item,,
Edit Expense Tax,,
Edit Format,,
Edit Heading,,
Edit HTML,,
Edit mode,,
Edit Not Allowed,,
Edit Posting Date and Time,,
Edit Properties,,
Edit Receipt,,
Edit Section,,
Edit Tax Withholding Entries,,
Edit to add content,,
Edit Values,,
Edit your workflow visually using the Workflow Builder.,,
Editable Grid,,
Editing {0} is not allowed as per POS Profile settings,,
Education,,
Educational Qualification,,
Effective from,,
Effective From,,
Effective To,,
Either 'Selling' or 'Buying' must be selected,,
Either key or IP flag is required.,,
Either target qty or target amount is mandatory,,
Either target qty or target amount is mandatory.,,
Elapsed Time,,
elapsed_seconds,,
Electrical,,
Electricity,,
Electronic Equipment,,
Electronic Invoice Register,,
Element Selector,,
email,,
Email,,
Email Account added multiple times,,
Email Account Disabled.,,
Email Account Name,,
Email Account not setup. Please create a new Email Account from Settings > Email Account,,
Email Account {0} Disabled,,
Email Address,,
"Email Address must be unique, it is already used in {0}",,
Email Addresses,,
Email Campaign,,
Email Campaign Error,,
Email Campaign For,,
Email Campaign Send Error,,
Email couldn't be sent.,,
Email Details,,
Email Digest,,
Email Digest Recipient,,
Email Digest Settings,,
Email Digest: {0},,
Email Domain,,
Email everyone for <b>{0}</b> notifications? This adds it to every user's email preferences. Users can still opt out individually afterwards.,,
Email Flag Queue,,
Email Footer Address,,
Email Group,,
Email Group Member,,
Email has been marked as spam,,
Email has been moved to trash,,
Email Header,,
Email Id,,
Email ID,,
Email IDs,,
Email Inbox,,
Email is mandatory to create User Email,,
Email is required to create a user,,
Email is required to create a user.,,
Email me for these notification types,,
Email not sent to {0} (unsubscribed / disabled),,
Email not verified with {0},,
Email or Phone/Mobile of the Contact are mandatory to continue.,,
Email Queue,,
Email Queue flushing aborted due to too many failures.,,
Email queue is currently suspended. Resume to automatically send other emails.,,
Email Queue Recipient,,
Email Receipt,,
Email Reply Help,,
Email Retry Limit,,
Email Rule,,
Email Salary Slip to Employee,,
Email Salary Slips,,
Email Sent,,
Email Sent At,,
Email sent successfully.,,
Email Sent To,,
Email sent to,,
Email Sent to Supplier {0},,
Email sent to {0},,
Email Settings,,
Email Signature,,
Email size {0:.2f} MB exceeds the maximum allowed size of {1:.2f} MB,,
Email Status,,
Email Sync Option,,
Email Template,,
Email Threads on Assigned Document,,
Email To,,
Email undo window is over. Cannot undo email.,,
Email Unsubscribe,,
Email Verified,,
Emails,,
Emails are already being pulled from this account.,,
Emails are muted,,
Emails Pulled,,
Emails Queued,,
Embed code copied,,
Embed HTML,,
Emergency Contact,,
Emergency Contact Name,,
Emergency Phone,,
Employee A/C Number,,
Employee Advance Account,,
Employee advance account {0} should be of type {1}.,,
Employee Advance Balance,,
Employee Advance return is scheduled via Additional Salary: {0} | <a href='{1}'> {2} </a>,,
Employee Advance Summary,,
Employee Advance {0} has {1} available for return. {2} has already been scheduled for deduction in {3}.,,
Employee Advance {0} is in currency {1} and can only be claimed in an Expense Claim of the same currency. This Expense Claim is in {2}.,,
"Employee Advance {0} is linked to account {1}, which is not of type Receivable. Please correct the account type before making a payment against it.",,
"Employee Advance {0} is linked to account {1}, which is not of type Receivable. {2}",,
Employee Advance {0}'s payment does not match its Receivable account. This can happen if the account's type was changed after the payment was made. {1},,
Employee Advances,,
Employee Analytics,,
Employee Attendance Tool,,
Employee Benefit Application,,
Employee Benefit Application Detail,,
Employee Benefit Claim,,
Employee Benefit Detail,,
Employee Benefit Ledger,,
Employee Benefits,,
Employee Benefits Obligation,,
Employee Birthday,,
Employee Boarding Activity,,
"Employee can be named by Employee ID if you assign one, or via Naming Series. Select your preference here.",,
Employee cannot report to himself.,,
Employee Checkin History,,
Employee Company,,
Employee Cost Center,,
Employee CTC Break-up,,
Employee Detail,,
Employee Details,,
Employee Education,,
Employee Emails,,
Employee Exit,,
Employee Exit Settings,,
Employee Exits,,
Employee Exits (This Year),,
Employee External Work History,,
Employee Feedback Criteria,,
Employee Feedback Rating,,
Employee Grade,,
Employee Group Table,,
Employee Health Insurance,,
Employee Hours Utilization,,
Employee Hours Utilization Based On Timesheet,,
Employee ID,,
Employee Image,,
Employee Incentive,,
Employee Info,,
Employee Information,,
Employee Internal Work History,,
Employee is required,,
Employee is required while issuing Asset {0},,
Employee Leave Balance,,
Employee Leave Balance Summary,,
Employee Loan,,
Employee Name,,
Employee name,,
Employee Naming By,,
Employee not found,,
Employee Number,,
Employee Onboarding Template,,
Employee Onboarding: {0} already exists for Job Applicant: {1},,
Employee Other Income,,
Employee Performance Feedback,,
Employee Promotion cannot be submitted before Promotion Date,,
Employee Promotion Details,,
Employee Property History,,
Employee Referral,,
Employee Referral {0} already exists for email: {1},,
Employee Referral {0} is not applicable for referral bonus.,,
Employee Referrals,,
Employee Responsible,,
Employee Separation Template,,
Employee Settings,,
Employee Skill Map,,
Employee Skills,,
Employee Status,,
Employee Tax Exemption Category,,
Employee Tax Exemption Declaration,,
Employee Tax Exemption Declaration Category,,
Employee Tax Exemption Proof Submission,,
Employee Tax Exemption Proof Submission Detail,,
Employee Tax Exemption Sub Category,,
Employee Training,,
Employee Transfer cannot be submitted before Transfer Date,,
Employee Transfer Detail,,
Employee Transfer Details,,
Employee User Id,,
Employee was marked Absent due to missing Employee Checkins.,,
Employee was marked Absent for not meeting the working hours threshold.,,
Employee was marked Absent for other half due to missing Employee Checkins.,,
Employee {0} : {1},,
Employee {0} already has a linked user,,
Employee {0} already has an active Shift {1}: {2} that overlaps within this period.,,
Employee {0} already has an Attendance Request {1} that overlaps with this period,,
Employee {0} already submitted an application {1} for the payroll period {2},,
Employee {0} does not belong to the company {1},,
Employee {0} has already applied for Shift {1}: {2} that overlaps within this period,,
Employee {0} has already applied for {1} between {2} and {3} : {4},,
Employee {0} has already claimed the benefit '{1}' for {2} ({3}).<br>,,
Employee {0} is currently working on another workstation. Please assign another employee.,,
Employee {0} is not active or does not exist,,
Employee {0} is on Leave on {1},,
Employee {0} not found,,
Employee {0} not found in Training Event Participants.,,
Employee {0} on Half day on {1},,
Employee {0} relieved on {1} must be set as 'Left',,
Employee: {0} have to complete minimum {1} years for gratuity,,
employee_department,,
employee_name,,
employee_status,,
Employees,,
Employees cannot give feedback to themselves. Use {0} instead: {1},,
Employees HTML,,
Employees Joining (This Quarter),,
Employees on Half Day HTML,,
Employees on leave this month,,
Employees on leave today,,
Employees Relieving (This Quarter),,
Employees will miss holiday reminders from {} until {}. <br> Do you want to proceed with this change?,,
Employees without Feedback: {0},,
Employees without Goals: {0},,
Employees Working on a Holiday,,
Employees working on a holiday,,
Employer Contributions,,
Empty,,
empty,,
Empty alias is not allowed,,
Empty string arguments are not allowed,,
Empty To Delete List,,
Enable,,
Enable Accounting Dimensions,,
Enable Action Confirmation,,
Enable Address Autocompletion,,
Enable Allow Auto Repeat for the doctype {0} in Customize Form,,
Enable Allow Partial Reservation in the Stock Settings to reserve partial stock.,,
Enable Appointment Booking Through Portal,,
Enable Appointment Scheduling,,
Enable Auto Attendance,,
Enable Auto Email,,
Enable Auto Re-Order,,
Enable Auto Reply,,
Enable Automatic Linking in Documents,,
Enable Automatic Party Matching,,
Enable Capital Work in Progress Accounting,,
Enable Comments,,
Enable Common Party Accounting,,
Enable cut-off date on creating bulk Delivery Notes,,
Enable Deferred Expense,,
Enable Deferred Revenue,,
Enable developer mode to create a standard Print Template,,
Enable developer mode to create a standard Web Template,,
Enable discount accounting for selling,,
Enable Discounts and Margin,,
Enable Dynamic Client Registration,,
Enable Early Exit Marking,,
Enable Email Notifications,,
Enable Email Notifications for All Users,,
Enable European Access,,
Enable Frappe CRM Data Synchronization,,
Enable Fuzzy Matching,,
Enable Google API in Google Settings.,,
Enable Google indexing,,
Enable Health Monitor,,
Enable Immutable Ledger,,
Enable in-app website tracking,,
Enable Incoming,,
Enable Item-wise Inventory Account,,
Enable Late Entry Marking,,
Enable Loyalty Point Program,,
Enable Onboarding,,
Enable Opportunity Creation from Contact Us,,
Enable Outgoing,,
Enable Parallel Reposting,,
Enable Password Policy,,
Enable Perpetual Inventory,,
Enable Prepared Report,,
Enable Print Server,,
Enable Provisional Accounting For Non Stock Items,,
Enable Push Notification Relay,,
Enable Push Notifications,,
Enable Rate Limit,,
Enable Raw Printing,,
Enable Report,,
Enable Scheduled Jobs,,
Enable Scheduler,,
Enable Security,,
Enable Separate Reposting for GL,,
Enable Serial / Batch Bundle,,
Enable Snapshot Reports,,
Enable Social Login,,
Enable stock reservation,,
Enable Subscription,,
Enable System Notification,,
Enable the notification type before emailing it to users.,,
Enable to apply SLA on every {0},,
Enable Tracking Page Views,,
Enable tracking sales commissions,,
Enable Two Factor Auth,,
Enable UTM,,
Enable YouTube Tracking,,
Enabled email inbox for user {0},,
Enabled Scheduler,,
Enabling auto reply on an incoming email account will send automated replies to all the synchronized emails. Do you wish to continue?,,
Enabling email for {0} across all users in the background.,,
Enabling Push Notifications...,,
Enabling this will change the way how cancelled transactions are handled.,,
Encashment,,
Encashment Amount,,
Encashment Date,,
Encashment Days,,
Encashment Days cannot exceed {0} {1} as per Leave Type settings,,
Encashment Limit Applied,,
Encrypt Backups,,
Encrypt Salary Slips in Emails,,
Encryption key is in invalid format!,,
Encryption key is invalid! Please check site_config.json,,
End,,
End Date,,
End Date cannot be before Start Date,,
End date cannot be before start date,,
End Date cannot be before Start Date!,,
End Date cannot be before Start Date.,,
End Date cannot be today.,,
End Date Field,,
End date: {0},,
End of Life,,
End Time,,
End time cannot be before start time,,
End Transit,,
End Year,,
End Year cannot be before Start Year,,
end_date,,
end_time,,
Ended At,,
Endpoints,,
Ends on,,
Enforce Time Logs,,
Enqueued By,,
Enqueued creation of indexes,,
Ensure Delivery Based on Produced Serial No,,
Ensure the user and group search paths are correct.,,
Enter a name for Routing.,,
"Enter a name for the Operation, for example, Cutting.",,
Enter a name for this Holiday List.,,
Enter a non-zero value to adjust.,,
Enter amount to be redeemed.,,
"Enter an Item Code, the name will be auto-filled the same as Item Code on clicking inside the Item Name field.",,
Enter API key in Google Settings.,,
Enter Client Id and Client Secret in Google Settings.,,
Enter customer's email,,
Enter customer's phone number,,
Enter date to scrap asset,,
Enter depreciation details,,
Enter discount percentage.,,
"Enter First and Last name of Employee, based on Which Full Name will be updated. IN transactions, it will be Full Name which will be fetched.",,
Enter Form Type,,
Enter the Bank Guarantee Number before submitting.,,
Enter the name of the bank or lending institution before submitting.,,
Enter the name of the Beneficiary before submitting.,,
Enter the number of leaves you want to allocate for the period.,,
Enter the opening stock units.,,
"Enter the Operation, the table will fetch the Operation details like Hourly Rate, Workstation automatically.\n\n After that, set the Operation Time in minutes and the table will calculate the Operation Costs based on the Hourly Rate and Operation Time.",,
Enter the quantity of the Item that will be manufactured from this Bill of Materials.,,
Enter the quantity to manufacture. Raw material Items will be fetched only when this is set.,,
Enter the Standard Working Hours for a normal work day. These hours will be used in calculations of reports such as Employee Hours Utilization and Project Profitability analysis.,,
Enter Value,,
Enter Visit Details,,
Enter your email address and we'll send you a link to reset your password.,,
Enter {0},,
Enter {0} amount.,,
Entertainment Expenses,,
Entity,,
entity,,
Entity Name,,
Entity Type,,
entity_name,,
Entry Type,,
epoch,,
Equity,,
Equity/Liability Account,,
ERPNext,,
ERPNext Settings,,
ERPNext User ID,,
Error,,
Error connecting via IMAP/POP3: {e},,
Error connecting via SMTP: {e},,
Error creating {0},,
Error deleting {0},,
Error Description,,
Error downloading PDF,,
Error during caller information update,,
Error evaluating the criteria formula,,
Error getting details for {0}: {1},,
Error has occurred in {0},,
Error in formula or condition,,
Error in formula or condition: {0} in Income Tax Slab,,
Error in Header/Footer Script,,
Error in Notification,,
Error in party matching for Bank Transaction {0},,
Error in print format on line {0}: {1},,
Error in {0}.get_list: {1},,
Error Log,,
Error Logs,,
Error Message,,
Error Occurred,,
Error parsing nested filters: {0}. {1},,
Error updating {0},,
"Error validating ""Ignore User Permissions""",,
Error while connecting to email account {0},,
Error while evaluating Notification {0}. Please fix your template.,,
Error while evaluating the {doctype} {doclink} at row {row_id}. <br><br> <b>Error:</b> {error} <br><br> <b>Hint:</b> {description},,
Error while posting depreciation entries,,
Error while processing deferred accounting for {0},,
Error while reposting item valuation,,
Error {0}: {1},,
Error: Data missing in table {0},,
Error: Value missing for {0}: {1},,
Error: {0} is mandatory field,,
Error: {0} Row #{1}: Value missing for: {2},,
Error: {self.name} ({self.doctype}) has been modified after you have opened it,,
Errors,,
Errors Notification,,
Estimated Arrival,,
Estimated Cost,,
Estimated Cost Per Position,,
Estimated Time and Cost,,
Evaluate as Expression,,
Evaluation,,
Evaluation Date,,
Evaluation Method cannot be changed as there are existing appraisals created for this cycle,,
Evaluation Period,,
"Even if there are multiple Pricing Rules with highest priority, then following internal priorities are applied:",,
Event,,
Event Category,,
Event Date,,
Event Details,,
Event Frequency,,
Event Name,,
Event Notifications,,
Event Participants,,
Event Reminders,,
Event Status,,
Event Synced with Google Calendar.,,
Event Type,,
Events in Today's Calendar,,
Everyone,,
"Everyone, let’s congratulate them on their work anniversary!",,
"Everyone, let’s congratulate {0} on their birthday.",,
Exact Copies,,
Example,,
Example of a linked document: {0},,
Example URL,,
Example: Serial No {0} reserved in {1}.,,
Exception,,
Exception Budget Approver Role,,
Excess Disassembly,,
Excess Material Transfer,,
Excess Materials Consumed,,
Excess Transfer,,
Exchange Gain / Loss,,
Exchange Gain / Loss Account,,
Exchange Gain/Loss,,
Exchange Gain/Loss amount has been booked through {0},,
Exchange Rate must be same as {0} {1} ({2}),,
Exchange Rate Revaluation,,
Exchange Rate Revaluation Account,,
Exchange Rate Revaluation Settings,,
Exchange rate {0} does not match the exchange rate of Purchase Receipt {1}. Use the same exchange rate as the Purchase Receipt or enable {2} in {3} to adjust the landed cost based on this invoice.,,
exchange_rate,,
Excise Invoice,,
Excise Page Number,,
Exclude Holidays,,
Exclude Zero Balance Parties,,
Excluded DocTypes,,
Excluded Fee,,
Excluded {0} Non-Encashable Leaves for {1},,
Execute,,
Execute Console script,,
Executing...,,
Execution,,
Exempt Supplies,,
Exempted from Income Tax,,
Exempted Role,,
Exemption,,
Exemption Category,,
Exemption Declaration,,
Exemption Proofs,,
Exemption Sub Category,,
Exemption Submission Proof,,
Existing Company,,
Existing Record,,
Existing Shift Assignments,,
Exit,,
Exit Confirmed,,
Exit Details,,
Exit Interview,,
Exit Interview Held On,,
Exit Interview Pending,,
Exit Interview Summary,,
Exit Interview {0} already exists for Employee: {1},,
Exit Questionnaire,,
Exit Questionnaire Notification,,
Exit Questionnaire Notification Template,,
Exit Questionnaire Pending,,
Exit Questionnaire Web Form,,
exit_interview,,
Exits (This Month),,
Expected,,
"Expected 'and' or 'or' operator, found: {0}",,
Expected Amount,,
Expected Arrival Date,,
Expected Average Rating,,
Expected Balance Qty,,
Expected By,,
Expected Closing Date,,
Expected Compensation,,
Expected Delivery Date,,
Expected Delivery Date should be after Sales Order Date,,
Expected End Date,,
Expected End Date should be less than or equal to parent task's Expected End Date {0}.,,
Expected Hrs,,
Expected Salary Range per month,,
Expected Skill Set,,
Expected Skillset,,
Expected Start Date,,
Expected Stock Value,,
Expected Time (in hours),,
Expected Time Required (In Mins),,
Expected Value After Useful Life,,
Expense,,
Expense / Difference account ({0}) must be a 'Profit or Loss' account,,
Expense Account,,
Expense account is mandatory for item {0},,
Expense Account Missing,,
Expense Approver,,
Expense Approver Mandatory In Expense Claim,,
Expense Claim Account,,
Expense Claim Advance,,
Expense Claim Detail,,
Expense Claim for Vehicle Log {0},,
Expense Claim Summary,,
Expense Claim {0} already exists for the Vehicle Log,,
Expense Claims,,
Expense Claims (This Month),,
Expense Date,,
Expense Head,,
Expense Head Changed,,
Expense Item,,
Expense Proof,,
Expense Tax,,
Expense Taxes and Charges,,
Expense Type,,
Expenses,,
Expenses & Advances,,
Expenses Added To Stock Account,,
Expenses Added To Stock Contra Account,,
Expenses Added To Stock for Item {0},,
Expenses Included In Asset Valuation,,
Expenses Included In Valuation,,
Expenses Settings,,
Experimental,,
Expiration date must be in the future,,
Expiration time,,
Expire Allocation,,
Expire Carry Forwarded Leaves (Days),,
Expire Leaves,,
Expire Notification On,,
Expired,,
Expired Batches,,
Expired Leave(s),,
Expired Leaves,,
Expires,,
Expires In,,
Expires in a week or less,,
Expires On,,
Expires today or already expired,,
Expiry (In Days),,
Expiry Date,,
Expiry Date Mandatory,,
Expiry Duration (in days),,
Expiry time of QR Code Image Page,,
expiry_date,,
Explanation,,
Exploded Items,,
Exponential Smoothing Forecasting,,
Export,,
Export Custom Permissions,,
Export Customizations,,
Export Data,,
Export E-Invoices,,
Export Errored Rows,,
Export From,,
Export Import Log,,
Export only customizations assigned to the selected module.<br><span class='text-muted'><strong>Note:</strong> You must set the <em>Module (for export)</em> field on Custom Field and Property Setter records before applying this filter.</span><p class='alert alert-warning'> <strong>Warning:</strong> Customizations from other modules will be excluded.</p>,,
Export without main header,,
Exported permissions will be force-synced on every migrate overriding any other customization.,,
Expose Recipients,,
Extended Bank Statement,,
External,,
External Link,,
External Work History,,
Extra Consumed Qty,,
Extra Job Card Quantity,,
Extra Large,,
Extra Material Transfer,,
Extra Parameters,,
Extra Small,,
Failed,,
Failed Emails,,
Failed Entries,,
Failed Job Count,,
Failed Jobs,,
Failed Login Attempts,,
Failed Logins (Last 30 days),,
Failed to aquire lock: {}. Lock may be held by another process.,,
Failed to Authenticate the API key.,,
Failed to change password.,,
Failed to complete setup,,
Failed to compute request body: {},,
Failed to connect to server,,
Failed to create demo data,,
Failed to create/submit {0} for employees:,,
"Failed to decode token, please provide a valid base64-encoded token.",,
Failed to decrypt key {0},,
Failed to delete communication,,
Failed to delete defaults for country {0}.,,
Failed to delete {0} documents: {1},,
Failed to download PDF,,
Failed to download PDF: {0},,
Failed to enable scheduler: {0},,
"Failed to erase demo data, please delete the demo company manually.",,
Failed to evaluate conditions: {},,
Failed to export python type hints,,
Failed to generate names from the series,,
Failed to generate preview of series,,
Failed to get method for command {0} with {1},,
Failed to get method {0} with {1},,
"Failed to import virtual doctype {}, is controller file present?",,
Failed to install presets,,
Failed to optimize image: {0},,
Failed to parse MT940 format. Error: {0},,
Failed to personalize your setup,,
Failed to post depreciation entries,,
Failed to render message: {},,
Failed to render subject: {},,
Failed to request login to Frappe Cloud,,
Failed to retrieve the list of IMAP folders from the server. Please ensure the mailbox is accessible and the account has permission to list folders.,,
Failed to send email for campaign {0} to {1},,
Failed to send email with subject:,,
Failed to send notification email,,
Failed to send reset link,,
Failed to send the Interview Reschedule notification. Please configure your email account.,,
Failed to set defaults,,
Failed to setup company,,
Failed to setup defaults,,
Failed to setup defaults for country {0}.,,
Failed to setup defaults for country {0}. Please contact support.,,
Failed to submit some leave policy assignments:,,
Failed to update global settings,,
Failed to update password,,
Failed to update subscription status for {0} {1},,
Failed to update the Job Applicant status,,
Failed Transactions,,
Failed while calling API {0},,
Failing Scheduled Jobs (last 7 days),,
Failure,,
Failure Date,,
Failure Description,,
Failure Details,,
Failure of Automatic Allocation of Earned Leaves,,
Failure Rate,,
Failure Reason,,
Failure: {0},,
Family Background,,
FavIcon,,
Fax,,
Features,,
Feb,,
Feedback,,
Feedback already submitted for the Interview {0}. Please cancel the previous Interview Feedback {1} to continue.,,
Feedback By,,
Feedback cannot be recorded for an absent Employee.,,
Feedback Count,,
Feedback HTML,,
Feedback Ratings,,
Feedback Reminder Notification Template,,
Feedback Score,,
Feedback Template,,
Fetch attached images from document,,
Fetch Customers,,
Fetch exploded BOM (including sub-assemblies),,
Fetch From,,
Fetch Geolocation,,
Fetch Images,,
Fetch Items from Warehouse,,
Fetch Latest Exchange Rate,,
Fetch on Save if Empty,,
Fetch Overdue Payments,,
Fetch Overtime Details,,
Fetch Payment Schedule in Payment Request,,
Fetch Shift,,
Fetch Shifts,,
Fetch Subscription Updates,,
Fetch Timesheet,,
Fetch Timesheet in Sales Invoice,,
Fetch valuation rate for internal Transaction,,
Fetch Value From,,
Fetched only {0} available serial numbers.,,
Fetching default Global Search documents.,,
Fetching Employees,,
Fetching exchange rates ...,,
Fetching fields from {0}...,,
Fetching Material Requests...,,
Fetching Sales Orders...,,
Fetching Shift,,
Fetching...,,
FG / Semi FG Item,,
FG Items to Make,,
Field,,
"Field ""route"" is mandatory for Web Views",,
"Field ""title"" is mandatory if ""Website Search Field"" is set.",,
"Field ""value"" is mandatory. Please specify value to be updated",,
Field '{0}' is not a valid Account field,,
Field '{0}' is not a valid Company link field for DocType {1},,
Field <code>{0}</code> not found in {1},,
Field and operator must be strings,,
Field Description,,
Field in Bank Transaction,,
field is mandatory,,
Field Mapping,,
Field Missing,,
Field Name,,
Field not permitted in query,,
Field to Track,,
Field Type,,
Field type cannot be changed for {0},,
Field {0} does not exist on {1},,
Field {0} is referring to non-existing doctype {1}.,,
Field {0} must be a virtual field to support virtual doctype.,,
Field {0} on document {1} is neither a Mobile number field nor a Customer or User link,,
fieldname,,
Fieldname,,
Fieldname '{0}' conflicting with a {1} of the name {2} in {3},,
Fieldname called {0} must exist to enable autonaming,,
Fieldname Conflict,,
Fieldname is limited to 64 characters ({0}),,
Fieldname not set for Custom Field,,
Fieldname which will be the DocType for this link field.,,
Fieldname {0} already exists in the following doctypes: {1}.,,
Fieldname {0} cannot have special characters like {1},,
Fieldname {0} conflicting with meta object,,
Fieldname {0} is restricted,,
Fields,,
Fields `file_name` or `file_url` must be set for File,,
fields are mandatory,,
Fields Multicheck,,
Fields must be a list or tuple when as_list is enabled,,
"Fields must be a string, list, tuple, pypika Field, or pypika Function",,
Fieldtype,,
Fieldtype cannot be changed from {0} to {1} in row {2},,
Fieldtype of {0} in {1} cannot be changed from {2} to {3},,
FIFO Queue,,
FIFO Queue vs Qty After Transaction Comparison,,
"FIFO Stock Queue (qty, rate)",,
FIFO/LIFO Queue,,
File,,
File '{0}' not found,,
File backup is ready,,
File does not belong to this Transaction Deletion Record,,
File Information,,
File Name,,
File name cannot have {0},,
File not attached,,
File not found,,
File not found on server,,
File Preview,,
File Size,,
File size exceeded the maximum allowed size of {0} MB,,
File Storage,,
File to Rename,,
File Type,,
File type of {0} is not allowed,,
File URL,,
File URL is required when copying an existing attachment.,,
File {0} does not exist,,
Filename,,
Files,,
Fill the form and save it,,
Filter,,
Filter Area,,
Filter Based On,,
Filter by invoice status,,
Filter by Reference Date,,
Filter by Shift,,
Filter condition missing after operator: {0},,
Filter Data,,
Filter Duration (Months),,
Filter Employees,,
Filter fields have invalid backtick notation: {0},,
Filter List,,
Filter Meta,,
"Filter must be [field, operator, value]",,
Filter must be a list or dict,,
Filter Name,,
Filter on Invoice,,
Filter on Payment,,
Filter Total Zero Qty,,
Filter Values,,
Filter...,,
Filtered By,,
"Filtered by ""{0}""",,
Filters,,
Filters Configuration,,
Filters Display,,
Filters Editor,,
Filters for Material Requests,,
Filters for Sales Orders,,
Filters JSON,,
Filters missing,,
"Filters must be four-value rows with string doctypes, fields, and operators.",,
Filters Section,,
Final BOM,,
Final Decision,,
Final Product,,
Final Score,,
Final Score Formula,,
Finance Book,,
Finance Book Detail,,
Finance Book Id,,
Finance Books,,
Financial Ratios,,
Financial Report Row,,
Financial Report Template,,
Financial Report Template {0} is disabled,,
Financial Report Template {0} not found,,
Financial Reports,,
Financial Statements,,
Fingerprint,,
Fingerprint Stats,,
Finish,,
Finished,,
Finished At,,
Finished Good,,
Finished Good BOM,,
Finished Good Item,,
Finished Good Item Code,,
Finished Good Item is not specified for service item {0},,
Finished Good Item Quantity,,
Finished Good Item {0} must be a sub-contracted item,,
Finished Good Item {0} Qty can not be zero,,
Finished Good Qty,,
Finished Good Quantity,,
Finished good quantity being consumed ({0} in stock UOM) must equal the quantity,,
Finished Good Serial / Batch,,
Finished Good UOM,,
Finished Good {0} does not have a default BOM.,,
Finished Good {0} is disabled.,,
Finished Good {0} must be a stock item.,,
Finished Good {0} must be a sub-contracted item.,,
Finished Goods,,
Finished Goods based Operating Cost,,
Finished Goods Based Operating Cost,,
Finished Goods Item,,
Finished Goods Reference,,
Finished Goods Return,,
Finished Goods Value,,
Finished Goods Warehouse,,
Finished Item {0} does not match with Work Order {1},,
First data column must be blank.,,
First Day of the Week,,
First Delivery Date,,
First Email,,
First Name,,
First Responded On,,
First Response SLA Failed by {},,
First Response Time,,
First Response Time for Issues,,
First Response Time for Opportunity,,
First Seen,,
First set the name and save the record.,,
First Success Message,,
First Used On,,
first_seen,,
"Fiscal Regime is mandatory, kindly set the fiscal regime in the company {0}",,
Fiscal Year Company,,
Fiscal Year End Date should be one year after Fiscal Year Start Date,,
Fiscal Year {0} does not exist,,
Fiscal Year {0} Does Not Exist,,
Fiscal Year {0} is not available for Company {1}.,,
Fiscal Year {0} is required,,
Fiscal Year {0} not found,,
Fix SABB Entry,,
Fixed Asset,,
Fixed Asset Account,,
Fixed Asset Defaults,,
Fixed Asset Item must be a non-stock item.,,
Fixed Asset item {0} cannot be used in BOMs.,,
Fixed Asset Register,,
Fixed Asset Turnover Ratio,,
Fixed Assets,,
Fixed Deposit Number,,
Fixed Outgoing Email Account,,
Fixed Time,,
Flag,,
Fleet Management,,
Flexible Benefit,,
Flexible Benefits,,
Flexible Component,,
Float Precision,,
Floor,,
Floor Name,,
FnF Pending,,
Focus on Item Group filter,,
Focus on search input,,
Fold can not be at the end of the form,,
Fold must come before a Section Break,,
Folder,,
Folder Name,,
Folder {0} is not empty,,
Folio no.,,
Follow Calendar Months,,
Follow via Email,,
Following document {0},,
Following fields are mandatory to create address:,,
Following fields are missing:,,
Following Report Filters have missing values:,,
Font,,
Font Properties,,
Font Size,,
Fonts,,
Food,,
Footer,,
"Footer ""Powered By""",,
Footer Based On,,
Footer Content,,
Footer Details,,
Footer HTML,,
Footer HTML set from attachment {0},,
Footer Image,,
Footer Items,,
Footer Logo,,
Footer might not be visible as {0} option is disabled</div>,,
Footer Script,,
Footer Template,,
Footer Template Values,,
For All Stock Asset Accounts,,
"For an item {0}, quantity must be negative number",,
"For an item {0}, quantity must be positive number",,
For Buying,,
For Company,,
For Designation,,
For DocType,,
For Document,,
For Document Type,,
For Employee,,
"For example: If you want to include the document ID, use {0}",,
For Item,,
"For item <b>{0}</b>, only <b>{1}</b> asset have been created or linked to <b>{2}</b>.",,
For Item {0} cannot be received more than {1} qty against the {2} {3},,
"For item {0}, rate must be a positive number. To Allow negative rates, enable {1} in {2}",,
For Job Card,,
"For more information, {0}.",,
For Operation,,
"For operation {0} at row {1}, please add raw materials or set a BOM against it.",,
For operation {0}: Quantity ({1}) can not be greater than pending quantity({2}),,
For Price List,,
"For project - {0}, update your status",,
For Quantity (Manufactured Qty) is mandatory,,
For quantity {0} should not be greater than allowed quantity {1},,
For Raw Materials,,
"For Return Invoices with Stock effect, '0' qty Items are not allowed. Following rows are affected: {0}",,
"For row {0} in {1}. To include {2} in Item rate, rows {3} must also be included",,
For row {0}: Enter Planned Qty,,
For Selling,,
For Supplier,,
For the 'Apply Rule On Other' condition the field {0} is mandatory,,
"For the item {0}, the consumed quantity should be {1} according to the BOM {2}.",,
"For the {0}, no stock is available for the return in the warehouse {1}.",,
"For the {0}, the quantity is required to make the return entry",,
"For updating, you can update only selective columns.",,
For User,,
For Value,,
For Warehouse,,
For {0} at level {1} in {2} in row {3},,
Force,,
Force Re-route to Default View,,
Force Stop job,,
Force User to Reset Password,,
Force Web Capture Mode for Uploads,,
Force-Fetch Subscription Updates,,
Forecast,,
Forecast Demand,,
Forecasting,,
Foreign Currency Translation Reserve,,
Foreign Trade Details,,
Forgot Password?,,
Form,,
Form Builder,,
Form Dict,,
Form Settings,,
Form Tour,,
Form Tour Step,,
Format,,
Format Data,,
Formula,,
Formula Based Criteria,,
Formula evaluation error: {0},,
Formula has unbalanced parentheses,,
"Formula must return a numeric value, got {0}",,
Formula or Account Filter,,
Formula references itself ('{0}'),,
Formula/Amount,,
Forum Posts,,
Forum URL,,
Forward,,
Forward Query Parameters,,
Forward To Email Address,,
Fraction,,
Fraction of Applicable Earnings,,
Fraction of Daily Salary for Half Day,,
Fraction of Daily Salary per Leave,,
Fraction Units,,
Fractional Cost,,
Framework,,
Frappe,,
Frappe CRM,,
Frappe Crm Allowed User,,
Frappe CRM data synchronization is not enabled on ERPNext. Contact System Manager of ERPNext.,,
Frappe HR,,
Frappe Mail OAuth Error,,
Frappe Mail Site,,
Frappe page builder using components,,
Frappe School,,
Free Item,,
Free item code is not selected,,
Free item not set in the pricing rule {0},,
Free Item Rate,,
Freeze stocks older than (days),,
Freight and Forwarding Charges,,
Frequency,,
Frequency of Depreciation (Months),,
Frequency To Collect Progress,,
Friday,,
From,,
From Amount,,
From and to dates are mandatory for recurring type additional salaries.,,
From and To dates are required,,
From and To Dates are required.,,
From Attach Field,,
From BOM,,
From BOM No,,
From Company,,
From Currency,,
From Currency and To Currency cannot be same,,
From Customer,,
From Date and To Date are Mandatory,,
From Date and To Date are mandatory,,
From Date and To Date lie in different Fiscal Year,,
From date can not be less than employee's joining date,,
From date can not be less than employee's joining date.,,
From Date cannot be greater than To Date,,
From date cannot be greater than To date,,
From Date cannot be greater than To Date.,,
From Date Field,,
From Date is mandatory,,
From Date must be before To Date,,
From Date must come before To Date,,
From Date should be within the Fiscal Year. Assuming From Date = {0},,
From Date {0} cannot be after employee's relieving Date {1},,
From Date {0} cannot be after Payroll Period end date {1},,
From Date {0} cannot be before employee's joining Date {1},,
From Date {0} cannot be before Payroll Period start date {1},,
From Date: {0} cannot be greater than To date: {1},,
From Datetime,,
From Delivery Date,,
From Delivery Note,,
From Doctype,,
From Due Date,,
From Employee,,
From Employee is required while issuing Asset {0},,
From External Ecomm Platform,,
From Fiscal Year,,
From Fiscal Year cannot be greater than To Fiscal Year,,
From Folio No,,
From Full Name,,
"From here, you can enable encashment for the balance leaves.",,
From Invoice Date,,
From No,,
From Package No.,,
From Payment Date,,
From Posting Date,,
From Range,,
From Range has to be less than To Range,,
From Reference Date,,
From Shareholder,,
From Template,,
From Time,,
From Time Should Be Less Than To Time,,
From User,,
From Value,,
From value must be less than to value in row {0},,
From Voucher Detail No,,
From Voucher No,,
From Voucher Type,,
From Warehouse,,
From {0} to {1},,
From(Year),,
from_bom_no,,
from_date,,
from_time,,
Frozen,,
Fuel Expense,,
Fuel Expenses,,
Fuel Price,,
Fuel Qty,,
Fuel Type,,
Fuel UOM,,
fuel_expense,,
fuel_price,,
Fulfilled,,
Fulfillment,,
Fulfilment Deadline,,
Fulfilment Details,,
Fulfilment Status,,
Fulfilment Terms,,
Fulfilment Terms and Conditions,,
Full and Final Asset,,
Full and Final Outstanding Statement,,
Full and Final Statement,,
Full Name,,
"Full Name, Email or Phone/Mobile of the user are mandatory to continue.",,
Full Page,,
Full Width,,
full_and_final_statement,,
full_name,,
Fully Depreciated,,
Function,,
Function {0} is not whitelisted.,,
Function {0} requires arguments but none were provided,,
Funded Amount,,
Furniture and Fixtures,,
"Further accounts can be made under Groups, but entries can be made against non-Groups",,
Further cost centers can be made under Groups but entries can be made against non-Groups,,
Further nodes can be only created under 'Group' type nodes,,
Future date is not allowed,,
Future dates not allowed,,
Future Income Tax,,
Future Payment Amount,,
Future Payment Ref,,
future_amount,,
future_amount_in_base_currency,,
future_date,,
future_ref,,
Fw: {0},,
FX Revaluation,,
G - D,,
Gain Loss Account,,
Gain/Loss,,
Gain/Loss Account on Asset Disposal,,
Gain/Loss already booked,,
Gain/Loss from Revaluation,,
Gain/Loss on Asset Disposal,,
Gantt Chart,,
Gantt chart of all tasks.,,
Gender,,
Genderqueer,,
General and Payment Ledger Comparison,,
General and Payment Ledger mismatch,,
General Ledger remarks length,,
General Ledger Report,,
General Ledger requires {0} to be synced to DuckDB,,
General Settings,,
Generate Demand,,
Generate E-Invoice,,
Generate Invoice At,,
Generate Keys,,
Generate New Invoices Past Due Date,,
Generate Schedule,,
Generate Separate Documents For Each Assignee,,
Generate Stock Closing Entry,,
Generate To Delete List,,
Generate To Delete list first,,
Generated,,
Generating Master Production Schedule...,,
Generating Preview,,
Geolocation,,
Geolocation is not supported by your current browser,,
Geolocation Settings,,
Get Actual Demand,,
Get Advances Paid,,
Get Advances Received,,
Get Alerts for Today,,
Get Allocations,,
Get Backup Encryption Key,,
Get Balance,,
Get Contacts,,
Get Current Stock,,
Get Customer Group Details,,
Get Delivery Schedule,,
Get Details From Declaration,,
Get Employees,,
Get Entries,,
Get Fields,,
Get Finished Goods,,
Get Header and Footer wkhtmltopdf variables,,
Get Invoices,,
Get Invoices based on Filters,,
Get Item Locations,,
Get Items,,
Get Items for Purchase / Transfer,,
Get Items for Purchase Only,,
Get Items From,,
Get Items from BOM,,
Get Items from Material Requests against this Supplier,,
Get Job Requisitions,,
Get Latest Query,,
Get Material Request,,
Get Material Requests,,
Get OpenID Configuration,,
Get Outstanding Invoices,,
Get Outstanding Orders,,
Get Payment Entries,,
Get Payments from,,
Get Raw Materials Cost from Consumption Entry,,
Get Sales Orders,,
Get Secondary Items,,
Get Started Sections,,
Get Stock,,
Get stops from,,
Get Sub Assembly Items,,
Get Supplier Group Details,,
Get Suppliers,,
Get Suppliers By,,
Get the app on your device for easy access & a better experience!,,
Get the app on your iPhone for easy access & a better experience,,
Get Timesheets,,
Get Unreconciled Entries,,
Getting Secondary Items,,
Git Branch,,
Github flavoured markdown syntax,,
GL Balance,,
GL Entry,,
Gl Entry,,
GL Entry Processing Status,,
GL reposting index,,
gle_posting_date,,
Global Defaults,,
Global Search Doctype,,
Global Search Document Types Reset.,,
Global Search Settings,,
Global Unsubscribe,,
Go to <a href='/banking/statement-importer' target='_blank' style='text-decoration: underline;'>Bank Statement Importer</a> in the Banking module to use this importer.,,
Go to Access Control section,,
Go to Login,,
Go to Notification Settings List,,
Go to Reset Password page,,
Go to the <a href='/banking' target='_blank' style='text-decoration: underline;'>Banking module</a> to setup this rule.,,
Go to the document,,
Go to Workspace,,
Go to {0},,
Go to {0} List,,
Go to {0} Page,,
Goal and Procedure,,
Goal Completion (%),,
Goal progress percentage cannot be more than 100.,,
Goal Score,,
Goal Score (%),,
Goal Score (weighted),,
Goal should be aligned with the same KRA as its parent goal.,,
Goal should be owned by the same employee as its parent goal.,,
Goal should belong to the same Appraisal Cycle as its parent goal.,,
Goal updated successfully,,
goal_score,,
goals,,
Goals,,
Goals updated successfully,,
Goods are already received against the outward entry {0},,
Goods In Transit,,
Goods Transferred,,
Google,,
Google Analytics anonymise IP,,
Google Analytics ID,,
Google Calendar,,
"Google Calendar - Could not create Calendar for {0}, error code {1}.",,
"Google Calendar - Could not delete Event {0} from Google Calendar, error code {1}.",,
"Google Calendar - Could not fetch event from Google Calendar, error code {0}.",,
"Google Calendar - Could not find Calendar for {0}, error code {1}.",,
"Google Calendar - Could not insert contact in Google Contacts {0}, error code {1}.",,
"Google Calendar - Could not insert event in Google Calendar {0}, error code {1}.",,
"Google Calendar - Could not update Event {0} in Google Calendar, error code {1}.",,
Google Calendar Event ID,,
Google Calendar has been configured.,,
Google Calendar ID,,
Google Calender,,
Google Contacts,,
"Google Contacts - Could not sync contacts from Google Contacts {0}, error code {1}.",,
"Google Contacts - Could not update contact in Google Contacts {0}, error code {1}.",,
Google Contacts Id,,
Google Drive Picker,,
Google Drive Picker Enabled,,
Google Font,,
Google Meet Link,,
Google Services,,
Google Settings,,
Google Sheets URL is invalid or not publicly accessible.,,
"Google Sheets URL must end with ""gid={number}"". Copy and paste the URL from the browser address bar and try again.",,
Government,,
Grace Period,,
Grade,,
Grand Total (Company Currency,,
Grand Total (Company Currency),,
Grand Total (Transaction Currency),,
Grand Total must match sum of Payment References,,
grand_total,,
Grant Commission,,
Grant Type,,
Gratuity,,
Gratuity Applicable Component,,
Gratuity Rule,,
Gratuity Rule Slab,,
Greater Than Amount,,
Green,,
Greeting Message,,
Greeting Subtitle,,
Greeting Title,,
Greetings Section,,
Grid Page Length,,
Grievance,,
Grievance Against,,
Grievance Against Party,,
Grievance Details,,
Grievance Type,,
Gross and Net Profit Report,,
Gross Earnings,,
Gross Margin,,
Gross Margin %,,
Gross Pay,,
Gross Pay (Company Currency),,
Gross Profit,,
Gross Profit / Loss,,
Gross Profit Percent,,
Gross Profit Ratio,,
Gross Weight,,
Gross Weight UOM,,
Gross Year To Date,,
Gross Year To Date(Company Currency),,
gross_pay,,
Group,,
Group By,,
Group by,,
Group By Based On,,
Group By Customer,,
Group By field is required to create a dashboard chart,,
Group by Material Request,,
Group By must be a string,,
Group by Party,,
Group by Purchase Order,,
Group by Sales Order,,
Group By Supplier,,
Group By Type,,
Group by Voucher,,
Group goal's progress is auto-calculated based on the child goals.,,
Group Name,,
Group Node,,
Group node warehouse is not allowed to select for transactions,,
Group Object Class,,
Group same items,,
Group Same Items,,
Group Warehouses cannot be used in transactions. Please change the value of {0},,
GROUP_CONCAT,,
Groups,,
Growth View,,
Guests are not allowed to upload files for {0} Doctype,,
gzip not found in PATH! This is required to take a backup.,,
H - F,,
Half Day Date,,
Half Day Date is mandatory,,
Half Day Date should be between From Date and To Date,,
Half day date should be in between from date and to date,,
Half Day Date should be in between Work From Date and Work End Date,,
Half Day Marked Employee Header,,
Half Day Records,,
Half-Yearly,,
Handle Employee Advances,,
Handled Emails,,
Handlers,,
Hardware,,
Has  Attachment,,
Has Alternative Item,,
Has Batch No,,
Has Certificate,,
Has Corrective Cost,,
Has Domain,,
Has Expiry Date,,
Has Item Scanned,,
Has Next Condition,,
Has Operating Cost,,
Has Print Format,,
Has Priority,,
Has Role,,
Has Serial No,,
Has Setup Wizard,,
Has Subcontracted,,
Has Unit Price Items,,
Has Variants,,
Has Web View,,
Have default Naming Series for Batch ID?,,
Header,,
Header and Breadcrumbs,,
Header HTML,,
Header HTML set from attachment {0},,
Header Icon,,
Header Script,,
Header Text,,
"Header, Robots",,
Header/Footer scripts can be used to add dynamic behaviours.,,
Headers,,
Headers must be a dictionary,,
Heading,,
Health Details,,
Health Insurance,,
Health Insurance Name,,
Health Insurance No,,
Health Insurance Provider,,
Health Report,,
Heatmap,,
Height (cm),,
"Hello,",,
Help,,
Help Article,,
Help Articles,,
Help Category,,
Help Dropdown,,
Help HTML,,
Help Results for,,
Help Section,,
Help Text,,
Helpful,,
here,,
Here are the error logs for the aforementioned failed depreciation entries: {0},,
Here are the options to proceed:,,
"Here, you can select a senior of this Employee. Based on this, Organization Chart will be populated.",,
"Here, your weekly offs are pre-populated based on the previous selections. You can add more rows to also add public and national holidays individually.",,
Hey {}! This email is to remind you about the upcoming holidays.,,
"Hey, {0} 👋",,
"Hi,",,
hidden,,
Hidden,,
Hidden Fields,,
Hidden Line (Internal Use Only),,
Hide Block,,
Hide Border,,
Hide Buttons,,
Hide Copy,,
Hide Currency Symbol,,
Hide Custom DocTypes and Reports,,
Hide Customer's Tax ID from sales transactions,,
Hide Days,,
Hide Descendants,,
Hide Empty Read-Only Fields,,
Hide footer,,
Hide footer in auto email reports,,
Hide footer signup,,
Hide If Zero,,
Hide Images,,
Hide Label,,
Hide Login,,
Hide navbar,,
Hide Recent Orders,,
Hide Seconds,,
"Hide Sidebar, Menu, and Comments",,
Hide Standard Menu,,
Hide timesheets,,
Hide Unavailable Items,,
High,,
Highlight,,
Hiring Count,,
Hiring Pipeline,,
Hiring Settings,,
History In Company,,
Hold,,
Hold Invoice,,
Hold Type,,
Holiday,,
Holiday Date {0} added multiple times,,
Holiday List - {0} is not valid for current date.,,
Holiday List Assignment,,
Holiday List Assignment for {0} already exists for date {1}: {2},,
Holiday List End,,
Holiday List for Optional Leave,,
Holiday List Name,,
Holiday List Start,,
holiday_list,,
holiday_list_to_date,,
Holidays,,
Holidays in this month,,
Holidays this Month.,,
Holidays this Week.,,
Home,,
Home Page,,
Home Settings,,
Home/Test Folder 1,,
Home/Test Folder 1/Test Folder 3,,
Home/Test Folder 2,,
Horizontal Break,,
Hour Rate,,
Hour Rate (Company Currency),,
Hourly Rate,,
hours,,
Hours,,
House rent paid days overlapping with {0},,
House rented dates required for exemption calculation,,
House rented dates should be atleast 15 days apart,,
How frequently?,,
How often should project be updated of Total Purchase Cost ?,,
How often should sales data be updated in Company/Project?,,
How Pricing Rule is applied?,,
HR,,
HR & Payroll,,
HR & Payroll Settings,,
HR Settings,,
HR Setup,,
HR Telemetry Milestone,,
HRMS,,
Hrs,,
HTML,,
HTML Page,,
HTML with jinja support,,
Human Resources,,
I - J,,
I - K,,
i_item_group,,
i_item_name,,
IBAN,,
Icon,,
icon,,
Icon Image,,
Icon is not correctly configured please check the workspace sidebar to it,,
Icon Style,,
Icon Type,,
ID,,
Id,,
Identification Document Number,,
Identification Document Type,,
Identifying Decision Makers,,
Identity Details,,
Idx,,
"If a Role does not have access at Level 0, then higher levels are meaningless.",,
"If an operation is divided into sub operations, they can be added here.",,
"If Auto Opt In is checked, then the customers will be automatically linked with the concerned Loyalty Program (on save)",,
"If multiple Pricing Rules continue to prevail, users are asked to set Priority manually to resolve conflict.",,
"If not, you can Cancel / Submit this entry",,
If Owner,,
"If party does not exist, create it using the Customer Name field.",,
"If party does not exist, create it using the Supplier Name field.",,
"If selected Pricing Rule is made for 'Rate', it will overwrite Price List. Pricing Rule rate is the final rate, so no further discount should be applied. Hence, in transactions like Sales Order, Purchase Order etc, it will be fetched in 'Rate' field, rather than 'Price List Rate' field.",,
"If the BOM results in Scrap material, the Scrap Warehouse needs to be selected.",,
"If the item is transacting as a Zero Valuation Rate item in this entry, please enable 'Allow Zero Valuation Rate' in the {0} Item table.",,
"If the selected BOM has Operations mentioned in it, the system will fetch all Operations from BOM, these values can be changed.",,
"If the user enables the mask property for the phone number field, the value will be displayed in a masked format (e.g., 811XXXXXXX).",,
"If the user has access to Employee and Report is enabled, they can view Employee-based reports.",,
"If there is no title column, use the code column for the title.",,
"If these instructions where not helpful, please add in your suggestions on GitHub Issues.",,
"If this email is registered with us, we have sent password reset instructions to it. Please check your inbox.",,
If this is undesirable please cancel the corresponding Payment Entry.,,
"If this option is configured 'Yes', ERPNext will prevent you from creating a Purchase Invoice or Receipt without creating a Purchase Order first. This configuration can be overridden for a particular supplier by enabling the 'Allow Purchase Invoice Creation Without Purchase Order' checkbox in the Supplier master.",,
"If this option is configured 'Yes', ERPNext will prevent you from creating a Purchase Invoice without creating a Purchase Receipt first. This configuration can be overridden for a particular supplier by enabling the 'Allow Purchase Invoice Creation Without Purchase Receipt' checkbox in the Supplier master.",,
"If ticked, multiple materials can be used for a single Work Order. This is useful if one or more time consuming products are being manufactured.",,
"If ticked, the BOM cost will be automatically updated based on Valuation Rate / Price List Rate / last purchase rate of raw materials.",,
"If two or more Pricing Rules are found based on the above conditions, Priority is applied. Priority is a number between 0 to 20 while default value is zero (blank). Higher number means it will take precedence if there are multiple Pricing Rules with same conditions.",,
"If unlimited expiry for the Loyalty Points, keep the Expiry Duration empty or 0.",,
If user is the owner,,
"If you are maintaining stock of this Item in your Inventory, ERPNext will make a stock ledger entry for each transaction of this item.",,
"If you are updating, please select ""Overwrite"" else existing rows will not be deleted.",,
"If you are uploading new records, ""Naming Series"" becomes mandatory, if present.",,
"If you are uploading new records, leave the ""name"" (ID) column blank.",,
"If you are using loans in salary slips, please install the {0} app from Frappe Cloud Marketplace or GitHub to continue using loan integration with payroll.",,
"If you have any questions, please get back to us.",,
"If you have recently restored the site, you may need to copy the site_config.json containing the original encryption key.",,
"If you still want to proceed, please disable '{0}' checkbox.",,
"If you still want to proceed, please enable {0}.",,
"If you {0} {1} quantities of the item {2}, the scheme {3} will be applied on the item.",,
"If you {0} {1} worth item {2}, the scheme {3} will be applied on the item.",,
IFSC,,
IFSC Code,,
Ignore Account closing balance,,
Ignore Closing Balance,,
Ignore Default Payment Terms Template,,
Ignore Employee Time Overlap,,
Ignore Empty Stock,,
Ignore Exchange Rate Revaluation and Gain / Loss Journals,,
Ignore Existing Ordered Qty,,
Ignore Is Opening check for reporting,,
Ignore Pricing Rule,,
Ignore Pricing Rule is enabled. Cannot apply coupon code.,,
Ignore System Generated Credit / Debit Notes,,
Ignore Tax Withholding Threshold,,
Ignore User Permissions,,
Ignore User Time Overlap,,
Ignore Workstation Time Overlap,,
Ignore XSS Filter,,
Ignored Apps,,
Illegal Document Status for {0},,
Illegal SQL Query,,
Illegal template,,
Image,,
Image 1,,
Image 2,,
Image 3,,
Image 4,,
Image Description,,
Image Field,,
Image field must be a valid fieldname,,
Image field must be of type Attach Image,,
Image Height (px),,
"Image in the description has been removed. To disable this behavior, uncheck ""{0}"" in {1}.",,
Image Link,,
Image link '{0}' is not valid,,
Image on Right,,
Image optimized,,
Image View,,
Image Width (px),,
Image: Corrupted Data Stream,,
IMAP Details,,
Imap Folder,,
IMAP Folder,,
IMAP Folder name cannot be empty.,,
IMAP Folder Not Found,,
IMAP Folder Validation Failed,,
Impairment,,
Impersonate,,
Impersonate as {0},,
Implement `clear_old_logs` method to enable auto error clearing.,,
Import,,
Import completed. {0} common codes created.,,
Import Data,,
Import Email From,,
Import Employees,,
Import File,,
Import File Errors and Warnings,,
Import from Google Sheets,,
Import Genericode File,,
Import in Bulk,,
Import Invoices,,
Import Log,,
Import Log Preview,,
Import MT940 Fromat,,
Import Preview,,
Import Progress,,
Import Subscribers,,
Import Successful,,
Import Summary,,
Import Supplier Invoice,,
"Import template should be of type .csv, .xlsx or .xls",,
"Import template should be of type .csv, .xlsx, .xls or .pdf",,
Import template should contain a Header and atleast one row.,,
"Import timed out, please re-try.",,
Import Type,,
Import Using CSV file,,
Import Warnings,,
IMPORTANT: Create a backup before proceeding!,,
Imported {0} DocTypes,,
Importing Code Lists from remote URLs is not allowed.,,
Importing Common Codes,,
Importing {0} is not allowed.,,
Importing {0} of {1},,
"Importing {0} of {1}, {2}",,
"In case of any error during this background process, the system will add a comment about the error on this Payroll Entry and revert to the Submitted status",,
In Filter,,
In Global Search,,
In Grid View,,
In List Filter,,
In List View,,
In Maintenance,,
In Minutes,,
In Party Currency,,
In Preview,,
In Production,,
In Qty,,
In Read Only Mode,,
In Reply To,,
"In row {0} of Appointment Booking Slots: ""To Time"" must be later than ""From Time"".",,
In Standard Filter,,
In Stock,,
"In the case of multi-tier program, Customers will be auto assigned to the concerned tier as per their spent",,
"In this section, you can define Company-wide transaction-related defaults for this Item. Eg. Default Warehouse, Default Price List, Supplier, etc.",,
In Transit,,
In Transit Transfer,,
In Transit Warehouse,,
In Value,,
In Words,,
In Words (Company Currency),,
Inactive Customers,,
Inactive Sales Items,,
Inactive Status,,
Inbox,,
Incentive,,
Incentive Amount,,
Incentives,,
Include Account Currency,,
Include Ageing Summary,,
Include Closed Orders,,
Include Company Descendants,,
Include Default FB Assets,,
Include Default FB Entries,,
Include Disabled,,
Include Expired,,
Include Expired Batches,,
Include Exploded Items,,
Include Holidays,,
Include holidays in Total no. of Working Days,,
Include holidays within leaves as leaves,,
Include in Charts,,
Include in gross,,
Include Item In Manufacturing,,
Include Name Field,,
Include Non Stock Items,,
Include Payment,,
Include Payment (POS),,
Include POS Transactions,,
Include Reconciled Entries,,
Include Returned Invoices (Stand-alone),,
Include Safety Stock in Required Qty Calculation,,
Include Search in Top Bar,,
Include Shift Attendance Without Checkins,,
Include Sub-assembly Raw Materials,,
Include Subcontracted Items,,
Include Theme from Apps,,
Include Timesheets in Draft Status,,
Include UOM,,
Include Web View Link in Email,,
Include Zero Stock Items,,
Included Fee,,
Included fee is bigger than the withdrawal itself.,,
Included in Gross Profit,,
Income,,
Income Account,,
Income Account Validation Error,,
Income and Expense,,
Income from Other Sources,,
Income Source,,
Income Tax Amount,,
Income Tax Breakup,,
Income Tax Component,,
Income Tax Computation,,
Income Tax Deducted Till Date,,
Income Tax Deductions,,
Income Tax Slab,,
Income Tax Slab is mandatory since the Salary Structure {0} has a tax component {1},,
Income Tax Slab must be effective on or before Payroll Period Start Date: {0},,
Income Tax Slab not set in Salary Structure Assignment: {0},,
Income Tax Slab Other Charges,,
Income Tax Slab: {0} is disabled,,
Incoming,,
Incoming (POP/IMAP) Settings,,
Incoming Bills,,
Incoming Call Handling Schedule,,
Incoming Call Settings,,
Incoming email account not correct,,
Incoming Emails (Last 7 days),,
Incoming Payment,,
Incoming Rate,,
Incoming Rate (Costing),,
Incoming Server,,
Incoming Settings,,
incoming_rate,,
Incompatible Setting Detected,,
Incompatible Values,,
Incomplete login details,,
Incomplete Virtual Doctype Implementation,,
Incorrect Account,,
Incorrect Balance Qty After Transaction,,
Incorrect Batch Consumed,,
Incorrect Check in (group) Warehouse for Reorder,,
Incorrect Company,,
Incorrect Component Quantity,,
Incorrect Configuration,,
Incorrect Date,,
Incorrect Inventory Dimension,,
Incorrect Invoice,,
Incorrect number of General Ledger Entries found. You might have selected a wrong Account in the transaction.,,
Incorrect Payment Type,,
Incorrect Reference Document (Purchase Receipt Item),,
Incorrect Serial and Batch Bundle,,
Incorrect Serial No Valuation,,
Incorrect Serial Number Consumed,,
Incorrect Stock Asset Account in {0},,
Incorrect Stock Value Report,,
Incorrect Type of Transaction,,
Incorrect URL,,
Incorrect User or Password,,
Incorrect value in row {0}:,,
Incorrect value:,,
Incorrect Verification code,,
Incorrect Warehouse,,
Incorrect Weightage Allocation,,
Incoterm,,
Increase In Asset Life (Months),,
Increase In Asset Life(Months),,
Increment,,
Increment cannot be 0,,
Increment for Attribute {0} cannot be 0,,
Indent,,
Indent Level,,
indented_qty,,
Index,,
Index created successfully on column {0} of doctype {1},,
Index Web Pages for Search,,
Indexing authorization code,,
Indexing refresh token,,
Indicator,,
Indicator Color,,
Indirect Expenses,,
Indirect Income,,
Individual,,
Individual GL Entry cannot be cancelled.,,
Individual Stock Ledger Entry cannot be cancelled.,,
Industry,,
Industry Type,,
Info:,,
Initial Email Notification Sent,,
Initial Sync Count,,
Initialize Summary Table,,
Insert,,
Insert After,,
Insert After cannot be set as {0},,
"Insert After field '{0}' mentioned in Custom Field '{1}', with label '{2}', does not exist",,
Insert Style,,
Inspected By,,
Inspection Rejected,,
Inspection Required,,
Inspection Required before Delivery,,
Inspection Required before Purchase,,
Inspection Submission,,
Inspection Type,,
Install,,
Install Frappe HR,,
Installation Date,,
Installation date cannot be before delivery date for Item {0},,
Installation Note,,
Installation Note Item,,
Installation Note {0} has already been submitted,,
Installation Status,,
Installation Time,,
Installed Application,,
Installed Applications,,
Installed Apps,,
Installed Qty,,
Installing presets,,
INSTR,,
Instruction,,
Instructions,,
Insufficient attachment limit,,
Insufficient Balance,,
Insufficient Capacity,,
Insufficient leave balance for Leave Type {0},,
Insufficient Permission for {0},,
Insufficient Permission Level for {0},,
Insufficient Permissions,,
Insufficient Permissions for deleting Report,,
Insufficient Permissions for editing Report,,
Insufficient Stock,,
Insufficient Stock for Batch,,
Insufficient Stock for Product Bundle Items,,
Insurance,,
Insurance Company,,
Insurance Details,,
Insurance End Date,,
Insurance Start Date,,
Insurance Start date should be less than Insurance End date,,
Insured value,,
Insurer,,
Integration Details,,
Integration ID,,
Integration Request,,
Integrations,,
Inter Company Invoice Reference,,
Inter Company Journal Entry Reference,,
Inter Company Order Reference,,
Inter Company Purchase Order,,
Inter Company Reference,,
Inter Company Sales Order,,
Inter Transfer Reference,,
Interest,,
Interest Amount,,
Interest and/or dunning fee,,
Interest Expense,,
Interest Income,,
Interest Income Account,,
Interest on Fixed Deposits,,
Interested,,
Interests,,
Internal,,
Internal Customer Accounting,,
Internal Customer Already Exists,,
Internal Customer {0} already exists for {1}. Disable it to make this Customer internal.,,
Internal Purchase Order,,
Internal Sale or Delivery Reference missing.,,
Internal Sales Order,,
Internal Sales Reference Missing,,
Internal Supplier Already Exists,,
Internal Supplier Details,,
Internal Supplier {0} already exists for {1}. Disable it to make this Supplier internal.,,
Internal Transfer,,
Internal Transfer Reference Missing,,
Internal Transfer Rules,,
Internal Transfers,,
Internal transfers can only be done in company's default currency,,
Internal Work History,,
Interval,,
Interview Detail,,
Interview Details,,
Interview Feedback,,
Interview Feedback Reminder,,
Interview Feedback {0} submitted successfully,,
Interview Not Rescheduled,,
Interview Reminder,,
Interview Reminder Notification Template,,
Interview Rescheduled successfully,,
Interview Scheduled Date,,
Interview scheduled successfully,,
Interview Status,,
Interview Summary,,
Interview Type,,
Interview Type Name,,
Interview Type {0} is only applicable for Designation {1},,
Interview Type {0} is only applicable for the Designation {1},,
Interview Type {0} is only for Designation {1}. Job Applicant has applied for the role {2},,
Interview: {0} Rescheduled,,
interview_status,,
Interviewer,,
Interviewers,,
Interviews,,
Interviews (This Week),,
Intro Video URL,,
Introduction,,
Introspection URI,,
Invalid,,
Invalid Account,,
Invalid Accounting Dimension,,
Invalid Accrual Component,,
Invalid Action,,
Invalid action,,
Invalid Additional Salary,,
Invalid aggregate function,,
Invalid aggregate function: {0},,
Invalid alias format: {0}. Alias must be a simple identifier.,,
Invalid Allocated Amount,,
Invalid Amount,,
Invalid amount in accounting entries of {} {} for Account {}: {},,
Invalid app,,
Invalid argument for operator 'IS': {pattern},,
Invalid argument format: {0}. Only quoted string literals or simple field names are allowed.,,
"Invalid argument type: {0}. Only strings, numbers, dicts, and None are allowed.",,
Invalid Arrear Component,,
Invalid Attribute,,
Invalid Attribute Values,,
Invalid attribute {0} {1},,
Invalid Auto Repeat Date,,
Invalid backup path,,
Invalid Bank Account,,
Invalid Barcode. There is no Item attached to this barcode.,,
Invalid Benefit Amounts,,
"Invalid characters in fieldname: {0}. Only letters, numbers, and underscores are allowed.",,
Invalid Child Procedure,,
Invalid Code. Please try again.,,
Invalid Company Field,,
Invalid Company for Inter Company Transaction.,,
Invalid condition expression,,
Invalid condition type in nested filters: {0},,
Invalid Condition: {},,
Invalid Cost Center,,
Invalid Credentials,,
Invalid Credentials for Email Account: {0},,
Invalid CSV Format,,
Invalid CSV format. Expected column: doctype_name,,
Invalid Customer Group,,
Invalid Date,,
Invalid Dates,,
Invalid debit/credit formula: {0},,
Invalid Delivery Date,,
Invalid direction in Order By: {0}. Must be 'ASC' or 'DESC'.,,
Invalid Disassembly Item,,
Invalid Disassembly Quantity,,
Invalid Discount,,
Invalid Discount Amount,,
Invalid docstatus,,
Invalid Doctype,,
Invalid DocType,,
Invalid DocType: {0},,
Invalid Document,,
Invalid Document Type,,
Invalid Document Type {0},,
Invalid employee filter: {0},,
Invalid expression in Workflow Update Value: {0},,
"Invalid field format for SELECT: {0}. Field names must be simple, backticked, table-qualified, aliased, or '*'.",,
"Invalid field format in {0}: {1}. Use 'field', 'link_field.field', or 'child_table.field'.",,
Invalid field name {0},,
Invalid field type: {0},,
Invalid Fieldname,,
Invalid fieldname '{0}' in autoname,,
Invalid file path: {0},,
Invalid File Type,,
Invalid File URL,,
Invalid file URL,,
Invalid Filter,,
Invalid filter condition: {0}. Expected a list or tuple.,,
Invalid filter field format: {0}. Use 'fieldname' or 'link_fieldname.target_fieldname'.,,
Invalid filter formula. Please check the syntax.,,
Invalid Filter Value,,
"Invalid Filters for field {0}. Filters must be a list of filters, where each filter is a list with four values: doctype, fieldname, operator, and value.",,
Invalid Filters for field {0}. Filters must be valid JSON.,,
Invalid format. Supported formats are {0},,
Invalid Formula,,
"Invalid function argument type: {0}. Only strings, numbers, lists, and None are allowed.",,
Invalid Group By,,
Invalid Home Page,,
Invalid input,,
Invalid Item,,
Invalid Item Defaults,,
Invalid JSON,,
Invalid json added in the custom options: {0},,
Invalid JSON format: {0},,
Invalid Leave Ledger Entry,,
Invalid Ledger Entries,,
"Invalid line reference format: '{0}'. Must start with letter and contain only letters, numbers, underscores, and hyphens",,
Invalid Link,,
Invalid Login Token,,
"Invalid lost reason {0}, please create a new lost reason",,
Invalid LWP Days Reversed,,
Invalid Mail Server. Please rectify and try again.,,
Invalid name type (integer) for varchar name column,,
Invalid naming series (. missing) for {0},,
Invalid naming series {}: dot (.) missing,,
Invalid naming series {}: dot (.) missing before the numeric placeholders. Kindly use a format like <b>ABCD.#####</b>.,,
Invalid Naming Series: {},,
Invalid nested expression: dictionary must represent a function or operator,,
Invalid Net Purchase Amount,,
Invalid Opening Entry,,
Invalid Operation,,
Invalid operator '{0}',,
Invalid Option,,
Invalid or corrupted content for import,,
Invalid or expired key,,
Invalid Outgoing Mail Server or Port: {0},,
Invalid Output Format,,
Invalid Override,,
Invalid Package Name,,
Invalid parameter. 'dn' should be of type str,,
Invalid parameters provided. Please pass the required arguments.,,
Invalid Parameters.,,
Invalid Parent Account,,
Invalid Payroll Payable Account. The account currency must be {0} or {1},,
Invalid Phone Number,,
Invalid POS Field,,
Invalid POS Fields,,
Invalid POS Invoices,,
Invalid POS Search Field,,
Invalid Posting Time,,
Invalid Primary Role,,
Invalid Print Format,,
Invalid Priority,,
Invalid Process Loss Configuration,,
Invalid Purchase Invoice,,
Invalid Qty,,
Invalid Quantity,,
Invalid Query,,
Invalid Reading,,
Invalid redirect regex in row #{}: {},,
Invalid reference {0} {1},,
Invalid regex pattern.,,
Invalid Request,,
Invalid request arguments,,
Invalid request body,,
Invalid result key. Response:,,
Invalid Return,,
Invalid role,,
Invalid Sales Invoices,,
Invalid Schedule,,
Invalid Search Field {0},,
Invalid search query,,
Invalid Selling Price,,
Invalid Serial and Batch Bundle,,
Invalid shift filter: {0},,
Invalid Shift Times,,
Invalid simple filter format: {0},,
Invalid Source and Target Warehouse,,
Invalid start for filter condition: {0}. Expected a list or tuple.,,
Invalid Table Fieldname,,
Invalid template file for import,,
Invalid token state! Check if the token has been created by the OAuth user.,,
Invalid Tree Type {0},,
Invalid Upload,,
Invalid URL,,
Invalid User Name or Support Password. Please rectify and try again.,,
Invalid username or password,,
Invalid Value,,
Invalid value specified for UUID: {},,
Invalid value {0} for 'Based On',,
Invalid value {0} for 'Doctype',,
Invalid value {0} for {1} against account {2},,
Invalid Warehouse,,
Invalid Web Form Request,,
Invalid Webhook Secret,,
Invalid wkhtmltopdf version,,
Invalid {0},,
Invalid {0} condition,,
Invalid {0} dictionary format,,
Invalid {0} for Inter Company Transaction.,,
Invalid {0}: {1},,
Inventory,,
Inventory Account Currency,,
Inventory Dimension,,
Inventory Dimension key,,
Inventory Dimension Negative Stock,,
Inventory Settings,,
Inventory Turnover Ratio,,
Inventory Valuation,,
Investigation Details,,
Investments,,
Invitation already accepted,,
Invitation already exists,,
Invitation cannot be cancelled,,
Invitation is cancelled,,
Invitation is expired,,
Invitation not found,,
Invitation resent,,
Invitation to join {0} cancelled,,
Invitation to join {0} expired,,
Invite as User,,
Invited By,,
invoice,,
Invoice,,
Invoice already created for all billing hours,,
Invoice and Billing,,
Invoice can't be made for zero billing hour,,
Invoice Cancellation,,
Invoice Date,,
Invoice Discounting,,
Invoice Document Type Selection Error,,
Invoice Grand Total,,
Invoice is not blocked. Block the invoice to change the release date.,,
Invoice Limit,,
Invoice Number,,
Invoice Paid,,
Invoice Portion,,
Invoice Portion (%),,
Invoice Posting Date,,
Invoice Ref,,
Invoice Series,,
Invoice Status,,
Invoice Type,,
Invoice Type Created via POS Screen,,
invoice_amount,,
invoice_amount_in_account_currency,,
invoice_base_net_total,,
invoice_date,,
invoice_name,,
invoice_no,,
Invoiced Amount,,
Invoiced Qty,,
Invoices,,
Invoicing,,
Invoicing Features,,
Inward Order,,
IP Address,,
IRS 1099,,
Is a Subscription,,
Is Account Payable,,
Is Additional Item,,
Is Additional Transfer Entry,,
Is Adjustment Entry,,
Is Advance,,
Is Allocated,,
Is Alternative,,
Is Applicable for Referral Bonus,,
Is Attachments Folder,,
Is Billable,,
Is Billing Contact,,
Is Calendar and Gantt,,
Is Cancelled,,
Is Carry Forward,,
Is Cash or Non Trade Discount,,
Is Child Table,,
Is Company,,
Is Company Account,,
Is Compensatory,,
Is Compensatory Leave,,
Is Complete,,
Is Completed,,
Is Consolidated,,
Is Container,,
Is Corrective Job Card,,
Is Corrective Operation,,
Is created using POS,,
Is Credit Card,,
Is Cumulative,,
Is Current,,
Is Custom,,
Is Custom Field,,
Is Customer Provided Item,,
Is Default,,
Is Default Account,,
Is Default Language,,
Is Delivery Note required to create Sales Invoice?,,
Is Discounted,,
Is Dynamic URL?,,
Is Earned Leave,,
Is Exchange Gain / Loss?,,
Is Expandable,,
Is Expired,,
Is Final Finished Good,,
Is Finished Item,,
Is Fixed Asset,,
Is Flexible Benefit,,
Is Folder,,
Is Free Item,,
Is Frozen,,
Is Fully Depreciated,,
Is Group,,
Is Group Warehouse,,
Is Half Day,,
Is Hidden,,
Is Home Folder,,
Is Income Tax Component,,
Is Internal Customer,,
Is Internal Supplier,,
Is Leave Without Pay,,
Is Mandatory,,
Is Mandatory Field,,
Is Milestone,,
Is Old Subcontracting Flow,,
Is Opening,,
Is Opening Entry,,
Is Optional Leave,,
Is Optional State,,
Is Outward,,
Is Packed,,
Is Paid,,
Is Partially Paid Leave,,
Is Paused,,
Is Period Closing Voucher Entry,,
Is Phantom BOM,,
Is Phantom Item,,
Is Primary,,
Is Primary Address,,
Is Primary Contact,,
Is Primary Mobile,,
Is Primary Phone,,
Is Private,,
Is Public,,
Is Published Field,,
Is Published Field must be a valid fieldname,,
Is Purchase Order required for Purchase Invoice & Receipt creation?,,
Is Purchase Receipt required for Purchase Invoice creation?,,
Is Query Report,,
Is Rate Adjustment Entry (Debit Note),,
Is Recurring,,
Is Recurring Additional Salary,,
Is Recursive,,
Is Rejected,,
Is Rejected Warehouse,,
Is Remote Request?,,
Is Return,,
Is Return (Credit Note),,
Is Return (Debit Note),,
Is Rule Evaluated,,
Is Salary Released,,
Is Salary Withheld,,
Is Sales Order required to create Sales Invoice/Delivery Note?,,
Is Setup Complete?,,
Is Short/Long Year,,
Is Single,,
Is Skipped,,
Is Spam,,
Is standard,,
Is Standard,,
Is Stock Item,,
Is Sub Assembly Item,,
Is Subcontracted,,
Is Subcontracted Item,,
Is Submittable,,
Is System Generated,,
Is Table,,
Is Table Field,,
Is Tax Applicable,,
Is Tax Withholding Account,,
Is Template,,
Is this Tax included in Basic Rate?,,
Is Transporter,,
Is Tree,,
Is Unique,,
Is Virtual,,
Is Your Company Address,,
is_billable,,
is_sub_contracted,,
issingle,,
Issue,,
Issue Analytics,,
Issue Credit Note,,
Issue Date,,
Issue Material,,
Issue Priority,,
Issue Split From,,
Issue Summary,,
Issue Type,,
Issued,,
Issued Items Against Work Order,,
Issues,,
Issuing Date,,
It can take upto few hours for accurate stock values to be visible after merging items.,,
It is risky to delete this file: {0}. Please contact your System Manager.,,
It is too late to undo this email. It is already being sent.,,
"It's not possible to distribute charges equally when total amount is zero, please set 'Distribute Charges Based On' as 'Quantity'",,
Italic Text,,
Item 1,,
Item 2,,
Item 3,,
Item 4,,
Item 5,,
Item Alternative,,
Item and Warehouse,,
Item and Warranty Details,,
Item Attribute,,
Item Attribute Value,,
Item Attribute Values,,
Item Attributes,,
Item Balance (Simple),,
Item Barcode,,
Item cannot be added to its own descendants,,
Item Cart,,
Item Code,,
Item Code (Final Product),,
Item Code > Item Group > Brand,,
Item Code cannot be changed for Serial No.,,
Item Code required at Row No {0},,
Item Code: {0} is not available under warehouse {1}.,,
Item Customer Detail,,
Item Default,,
Item Defaults,,
Item Description,,
Item Details,,
Item for row {0} does not match Material Request,,
Item Group Defaults,,
Item Group Name,,
Item Group not mentioned in item master for item {0},,
Item Group Tree,,
Item Groups,,
Item has variants.,,
Item Information,,
Item is removed since no serial / batch no selected.,,
Item Label,,
Item Locations,,
Item Manufacturer,,
Item must be added using 'Get Items from Purchase Receipts' button,,
Item name,,
Item Name,,
Item Naming By,,
Item operation,,
Item Out of Stock,,
Item Price added for {0} in Price List - {1},,
"Item Price appears multiple times based on Price List, Supplier/Customer, Currency, Item, Batch, UOM, Qty, and Dates.",,
Item Price created at rate {0},,
Item Price Settings,,
Item Price Stock,,
Item Price updated for {0} in Price List {1},,
Item Prices,,
Item qty can not be updated as raw materials are already processed.,,
Item Quality Inspection Parameter,,
Item rate has been updated to zero as Allow Zero Valuation Rate is checked for item {0},,
Item rates have been updated based on the selected Buying Price List {0},,
Item Reference,,
Item Reorder,,
Item Row,,
Item Row {0}: {1} {2} does not exist in above '{1}' table,,
Item Serial No,,
Item Shortage Report,,
Item Supplier,,
Item Tax,,
Item Tax Amount Included in Value,,
Item Tax Rate,,
Item Tax Row {0} must have account of type Tax or Income or Expense or Chargeable,,
Item Tax Row {0}: Account must belong to Company - {1},,
Item Tax Template,,
Item Tax Template Detail,,
Item To Manufacture,,
Item to Manufacture,,
Item Type,,
Item valuation rate is recalculated considering landed cost voucher amount,,
Item valuation reposting in progress. Report might show incorrect item valuation.,,
Item Variant,,
Item Variant Attribute,,
Item Variant Details,,
Item Variant Settings,,
Item Variant {0} already exists with same attributes,,
Item variant {0} exists with same attributes,,
Item Variants updated,,
Item Warehouse based reposting has been enabled.,,
Item Website Specification,,
Item Weight Details,,
Item Where Used,,
Item Wise Consumption,,
Item Wise Tax Details,,
Item Wise Tax Details do not match with Taxes and Charges at the following rows:,,
Item with name {0} not found in the Purchase Order,,
Item {0} added multiple times under the same parent item {1} at rows {2} and {3},,
Item {0} cannot be added as a sub-assembly of itself,,
Item {0} cannot be ordered more than once,,
Item {0} cannot be ordered more than {1} against Blanket Order {2}.,,
Item {0} does not exist,,
Item {0} does not exist in the system or has expired,,
Item {0} does not exist.,,
Item {0} entered multiple times.,,
Item {0} has already been returned,,
Item {0} has been disabled,,
Item {0} has no changes in delivered quantity. Please unselect the row if you do not wish to update its quantity.,,
Item {0} has no Serial No. Only serialized items can have delivery based on Serial No,,
Item {0} has reached its end of life on {1},,
Item {0} ignored since it is not a stock item,,
Item {0} is already reserved/delivered against Sales Order {1}.,,
Item {0} is cancelled,,
Item {0} is disabled,,
Item {0} is not a drop ship item. Only drop ship items can have Delivered Qty updated.,,
Item {0} is not a serialized Item,,
Item {0} is not a stock Item,,
Item {0} is not a subcontracted item,,
Item {0} is not a template item.,,
Item {0} is not active or end of life has been reached,,
Item {0} must be a Fixed Asset Item,,
Item {0} must be a non-stock item,,
Item {0} must be a Non-Stock Item,,
Item {0} must be a Sub-contracted Item,,
Item {0} not found in 'Raw Materials Supplied' table in {1} {2},,
Item {0} not found.,,
Item {0}: Ordered qty {1} cannot be less than minimum order qty {2} (defined in Item).,,
Item {0}: Ordered qty {1} {2} exceeds the minimum order qty {3} {2} by {4} {2} due to purchase UOM rounding.,,
Item {0}: {1} qty produced.,,
Item {} does not exist.,,
Item-wise Price List Rate,,
Item-wise Purchase History,,
Item-wise Purchase Register,,
Item-wise Sales History,,
Item-wise Sales Register,,
Item-wise sales Register,,
Item/Item Code required to get Item Tax Template.,,
Item: {0} does not exist in the system,,
item_code,,
item_image,,
item_row,,
Items,,
Items & Pricing,,
Items and Pricing,,
Items cannot be updated as Subcontracting Inward Order(s) exist against this Subcontracted Sales Order.,,
Items cannot be updated as Subcontracting Order is created against the Purchase Order {0}.,,
Items Catalogue,,
Items Filter,,
Items for Raw Material Request,,
Items not found.,,
Items rate has been updated to zero as Allow Zero Valuation Rate is checked for the following items: {0},,
Items Required,,
Items To Be Received,,
Items to Be Repost,,
Items To Be Requested,,
Items to Manufacture are required to pull the Raw Materials associated with it.,,
Items to Order and Receive,,
Items to Reserve,,
Items {0} do not exist in the Item master.,,
Itemwise Recommended Reorder Level,,
Jan,,
JavaScript,,
Javascript,,
Job Applicant Source,,
Job Applicant {0} created successfully.,,
Job Applicants are not allowed to appear twice for the same Interview Type. Interview {0} already scheduled for Job Applicant {1},,
Job Capacity,,
Job Card Analysis,,
Job Card and Capacity Planning,,
Job Card Item,,
Job Card On Hold,,
Job Card Operation,,
Job Card Scheduled Time,,
Job Card Secondary Item,,
Job Card Summary,,
Job Card Time Log,,
Job card {0} created,,
Job Card {0} has been completed,,
"Job Card {0}: As per the sequence of the operations in the work order {1}, submit the manufacturing entry for the operation {2} before the operation {3}.",,
Job Cards,,
Job Description,,
Job ID,,
Job Id,,
Job Info,,
Job is in {0} state and can't be cancelled,,
Job is not running.,,
Job Name,,
Job Offer Acceptance Rate,,
Job Offer status,,
Job Offer Term,,
Job Offer Term Template,,
Job Offer Terms,,
Job Offer: {0} is already for Job Applicant: {1},,
Job Offers (This Month),,
Job Opening Associated,,
Job Opening Template,,
Job Openings,,
Job Openings for the designation {0} are already open or the hiring is complete as per the Staffing Plan {1},,
Job Paused,,
Job Portal,,
Job Requisition,,
Job Requisition {0} has been associated with Job Opening {1},,
Job Started,,
Job Status,,
Job Stopped Successfully,,
Job stopped successfully,,
Job Title,,
Job Worker,,
Job Worker Address,,
Job Worker Address Details,,
Job Worker Contact,,
Job Worker Currency,,
Job Worker Delivery Note,,
Job Worker Name,,
Job Worker Warehouse,,
Job: {0} has been triggered for processing failed transactions,,
Jobs,,
johndoe@mail.com,,
Join video conference with {0},,
joined_date,,
joined_in_current_period,,
Joining,,
Journal Entries,,
Journal entries have been created,,
Journal Entries {0} are un-linked,,
Journal Entry Account,,
Journal Entry for Asset scrapping cannot be cancelled. Please restore the Asset.,,
Journal Entry for Scrap,,
Journal Entry Template,,
Journal Entry Template Account,,
Journal Entry Type,,
Journal Entry type should be set as Depreciation Entry for asset depreciation,,
Journal Entry {0} does not have account {1} or already matched against other voucher,,
journal_entry,,
Journals,,
JS Message,,
JSON,,
JSON Request Body,,
JSON value must be an object,,
JSON_CONTAINS,,
JSON_EXTRACT,,
JSON_UNQUOTE,,
July,,
June,,
Kanban Board,,
Kanban Board Column,,
Kanban Board Name,,
Keep Closed,,
Key,,
Key Reports,,
Key required,,
Key Required,,
Kindly cancel the Manufacturing Entries first against the work order {0}.,,
Knowledge Base,,
KRA,,
KRA Evaluation Method,,
KRA updated for all child goals.,,
KRA vs Goals,,
KRAs,,
Label,,
label,,
Label and Type,,
Label Help,,
Label is mandatory,,
Landed Cost,,
Landed Cost Help,,
Landed Cost Id,,
Landed Cost Item,,
Landed Cost Purchase Receipt,,
Landed Cost Report,,
Landed Cost Taxes and Charges,,
Landed Cost Vendor Invoice,,
Landed Cost Voucher,,
Landed Cost Voucher Amount,,
landed_cost,,
Landing Page,,
Language,,
Language Code,,
Language Name,,
Large,,
Last 10 active users,,
Last Active,,
Last Carbon Check,,
Last carbon check date cannot be a future date,,
Last Communication,,
Last Communication Date,,
Last Completion Date,,
Last Execution,,
Last GL Entry update was done {}. This operation is not allowed while system is actively being used. Please wait for 5 minutes before retrying.,,
Last Heartbeat,,
Last Integration Date,,
Last IP,,
Last Known Versions,,
Last Login,,
Last Modified Date,,
Last Modified On,,
Last Month Downtime Analysis,,
Last Name,,
Last Odometer Value,,
Last Order Amount,,
Last Order Date,,
Last Password Reset Date,,
Last Purchase Rate,,
Last Received At,,
Last Reset Password Key Generated On,,
Last Run,,
Last Scanned Warehouse,,
Last Seen,,
Last Stock Transaction for item {0} under warehouse {1} was on {2}.,,
Last Sync of Checkin,,
Last Sync On,,
Last Synced On,,
Last transacted,,
Last Updated,,
Last User,,
Last {0} was at {1},,
last_order_date,,
last_seen,,
Late Entries,,
Late Entry,,
Late Entry & Early Exit Settings for Auto Attendance,,
Late Entry (This Month),,
Late Entry By,,
Late Entry Grace Period,,
Latest,,
Latest Age,,
latest_creation,,
latest_posting,,
Latitude,,
Latitude and longitude values are required for checking in.,,
Latitude: {0}°,,
Layout,,
Layout Reset,,
"Layout will be reset to standard layout, are you sure you want to do this?",,
LDAP Auth,,
LDAP Custom Settings,,
LDAP Email Field,,
LDAP First Name Field,,
LDAP Group,,
LDAP Group Field,,
Ldap Group Mapping,,
LDAP Group Mappings,,
LDAP Group Member attribute,,
LDAP is not enabled.,,
LDAP Last Name Field,,
LDAP Middle Name Field,,
LDAP Mobile Field,,
LDAP Not Installed,,
LDAP Phone Field,,
LDAP Search and Paths,,
LDAP search path for Groups,,
LDAP search path for Users,,
LDAP Search String,,
"LDAP Search String must be enclosed in '()' and needs to contian the user placeholder {0}, eg sAMAccountName={0}",,
LDAP Security,,
LDAP Server Settings,,
LDAP Server Url,,
LDAP Settings,,
Ldap Settings,,
LDAP settings incorrect. validation response was: {0},,
LDAP User Creation and Mapping,,
LDAP Username Field,,
ldc,,
Lead -> Prospect,,
Lead Conversion Time,,
Lead Count,,
Lead Details,,
Lead Name,,
Lead Owner,,
Lead Owner cannot be same as the Lead Email Address,,
Lead Owner Efficiency,,
Lead Source,,
Lead Time,,
Lead Time (Days),,
Lead Time (in mins),,
Lead Time Date,,
Lead Time Days,,
Lead Time in days,,
Lead Type,,
Lead {0} has been added to prospect {1}.,,
lead_time,,
Leads,,
"Leads help you get business, add all your contacts and more as your leads",,
Learn more,,
leave,,
Leave,,
Leave Adjustment,,
Leave Adjustment for this allocation already exists: {0}. Please amend existing adjustment.,,
Leave Allocation Exists,,
"Leave allocation is skipped for {0}, because number of leaves to be allocated is 0.",,
Leave allocation {0} is linked with the Leave Application {1},,
Leave Allocations,,
Leave already have been assigned for this Leave Policy Assignment,,
Leave application is linked with leave allocations {0}. Leave application cannot be set as leave without pay,,
Leave Application period cannot be across two non-consecutive leave allocations {0} and {1}.,,
Leave Approval Notification,,
Leave Approval Notification Template,,
Leave Approver,,
Leave Approver is mandatory,,
Leave Approver Mandatory In Leave Application,,
Leave Approver Name,,
Leave Balance Before Application,,
Leave Balance Summary,,
Leave Block List Allow,,
Leave Block List Allowed,,
Leave Block List Date,,
Leave Block List Dates,,
Leave Block List Name,,
Leave Blocked,,
"Leave cannot be allocated before {0}, as leave balance has already been carry-forwarded in the future leave allocation record {1}",,
"Leave cannot be applied/cancelled before {0}, as leave balance has already been carry-forwarded in the future leave allocation record {1}",,
Leave Control Panel,,
Leave Details,,
Leave Encashed?,,
Leave Encashment,,
Leave Encashment Amount Per Day,,
Leave History,,
Leave Ledger,,
Leave Ledger Entry,,
"Leave Ledger Entry's To date needs to be after From date. Currently, From Date is {0} and To Date is {1}",,
Leave of type {0} cannot be longer than {1}.,,
Leave Policy Assignment,,
Leave Policy Assignment Overlap,,
Leave Policy Detail,,
Leave Policy Details,,
Leave Policy: {0} already assigned for Employee {1} for period {2} to {3},,
Leave Settings,,
Leave Status Notification,,
Leave Status Notification Template,,
Leave this conversation,,
Leave Type can either be compensatory or earned leave.,,
Leave Type can either be without pay or partial pay,,
Leave Type is mandatory,,
Leave Type Name,,
Leave Type {0} cannot be allocated since it is leave without pay,,
Leave Type {0} cannot be carry-forwarded,,
Leave Type {0} is not encashable,,
Leave Without Pay,,
Leave Without Pay does not match with approved {} records,,
Leave(s) Allocated,,
Leave(s) Expired,,
Leave(s) Pending Approval,,
Leave(s) Taken,,
leave_days,,
leave_ledger_entry,,
Leaves,,
Leaves & Holidays,,
Leaves After Adjustment,,
Leaves Allocated,,
Leaves Expired,,
Leaves for the Leave Type {0} won't be carry-forwarded since carry-forwarding is disabled.,,
Leaves Pending Approval,,
Leaves per Year,,
Leaves to Adjust,,
Leaves you can avail against a holiday you worked on. You can claim Compensatory Off Leave using Compensatory Leave Request. Click {0} to know more,,
Ledger,,
Ledger Health,,
Ledger Health Monitor,,
Ledger Health Monitor Company,,
Ledger Merge,,
Ledger Merge Accounts,,
Ledger Type,,
Ledgers,,
Ledgers Posted,,
Left,,
Left Child,,
Left Index,,
Left this conversation,,
Legacy Fields,,
legacy_serial_nos,,
Legal,,
Legal Expenses,,
Legend,,
Length,,
Length (cm),,
Length of {0} should be between 1 and 1000,,
Less Than Amount,,
Let's avoid repeated words and characters,,
Let's set up your account,,
Letter Head Based On,,
Letter Head cannot be both disabled and default,,
Letter Head Image,,
Letter Head Name,,
Letter Head Scripts,,
Level,,
Level (BOM),,
"Level 0 is for document level permissions, higher levels for field level permissions.",,
lft,,
Lft,,
Liabilities,,
Liability,,
License,,
License Details,,
License Number,,
License Plate,,
License Type,,
Lifecycle,,
Light Color,,
Liked,,
Likes,,
Limit,,
Limit Crossed,,
Limit must be a non-negative integer,,
Limit timeslot for Stock Reposting,,
limit_consumed,,
Limits don't apply on,,
Line Reference,,
Line references undefined in {0}: {1},,
Line spacing for amount in words,,
Link,,
Link a new bank account,,
Link Cards,,
Link Count,,
Link Details,,
Link DocType,,
Link Document Type,,
Link Expired,,
Link Field Results Limit,,
Link Fieldname,,
Link Filters,,
"Link for About Us Page is ""/about"".",,
Link Label,,
Link Name,,
Link Options,,
Link the cycle and tag KRA to your goal to update the appraisal's goal score based on the goal progress,,
Link Title,,
Link To,,
Link to Material Request,,
Link to Material Requests,,
Link Type,,
Link URL,,
Link with Customer,,
Link with Supplier,,
Linked Documents,,
Linked Invoices,,
Linked Location,,
Linked Project {} and Tasks deleted.,,
Linked with submitted documents,,
Linking Failed,,
Linking to Customer Failed. Please try again.,,
Linking to Supplier Failed. Please try again.,,
Links,,
Liquidity Ratios,,
List / Search Settings,,
List Columns,,
List Filter,,
List setting message,,
List Settings,,
List View Settings,,
Load All Criteria,,
Load more,,
Loading,,
Loading error stats...,,
Loading import file...,,
Loading Invoices! Please Wait...,,
Loading...,,
Loan,,
Loan Account,,
Loan cannot be repayed from salary for Employee {0} because salary is processed in currency {1},,
Loan End Date,,
Loan Period (Days),,
Loan Product,,
Loan Repayment,,
Loan Repayment Entry,,
Loan Start Date,,
Loan Start Date and Loan Period are mandatory to save the Invoice Discounting,,
Loans (Liabilities),,
Loans and Advances (Assets),,
Local,,
LOCATE,,
Locating...,,
Location,,
Location / Device ID,,
Location Details,,
Location Name,,
Locked,,
Lodging Required,,
Log,,
Log API Requests,,
Log Data,,
Log DocType,,
Log Entries,,
Log in to access this page.,,
Log Index,,
Log out,,
Log Out,,
Log Setting User,,
Log Settings,,
Log Type,,
Log Type is required for check-ins falling in the shift: {0}.,,
Log Type: {0},,
log_name,,
Logged Out,,
Logical condition must have exactly one operator,,
Logical conditions need at least 1 sub-condition,,
Logical operators must be 'and' or 'or',,
Login,,
Login Activity,,
Login After,,
Login Before,,
Login Failed,,
Login Id is required,,
Login Methods,,
Login not allowed at this time,,
Login or a request key is required to see web form list view. Enable {0} to see list settings,,
Login Page,,
Login Required,,
Login required,,
"Login session expired, refresh page to retry",,
Login to Frappe HR,,
Login to view,,
Login To {0},,
Login Verification Code from {},,
Login with email link,,
Login with email link expiry (in minutes),,
Login with username and password is not allowed.,,
Logo,,
Logo URI,,
Logo URL,,
Logout All Sessions,,
Logout All Sessions on Password Reset,,
Logout From All Devices After Changing Password,,
Logs,,
Long-term Provisions,,
Longitude,,
Longitude: {0}°,,
Lost,,
Lost Opportunity,,
Lost Quotation,,
Lost Quotations,,
Lost Quotations %,,
Lost Reason,,
Lost Reason Detail,,
Lost Reasons,,
Lost Reasons are required in case opportunity is Lost.,,
Lost Value,,
Lost Value %,,
Low,,
Lower Deduction Certificate,,
Lower Income,,
Lower Range,,
Loyalty Amount,,
Loyalty Point Entry,,
Loyalty Point Entry Redemption,,
Loyalty Points,,
Loyalty Points Redemption,,
"Loyalty Points will be calculated from the spent done (via the Sales Invoice), based on collection factor mentioned.",,
Loyalty Program Collection,,
Loyalty Program Help,,
Loyalty Program Name,,
Loyalty Program Tier,,
Loyalty Program Type,,
loyalty_points,,
LWP Days Reversed ({0}) does not match actual Payroll Corrections total ({1}) for employee {2} from {3} to {4},,
Machine,,
Madam,,
Main,,
Main Cost Center,,
Main Cost Center {0} cannot be entered in the child table,,
Main Item Code,,
Main Section,,
Main Section (HTML),,
Main Section (Markdown),,
main_bom,,
main_bom_item,,
main_item_code,,
Maintain Asset,,
Maintain same rate throughout internal Transaction,,
Maintain same rate throughout sales cycle,,
Maintain same rate throughout the purchase  cycle,,
Maintain Stock,,
Maintenance,,
Maintenance Date,,
Maintenance Details,,
Maintenance Log,,
Maintenance Manager,,
Maintenance Manager Name,,
Maintenance Required,,
Maintenance Role,,
Maintenance Schedule Detail,,
Maintenance Schedule is not generated for all the items. Please click on 'Generate Schedule',,
Maintenance Schedule Item,,
Maintenance Schedule {0} exists against {1},,
Maintenance Schedules,,
Maintenance start date can not be before delivery date for Serial No {0},,
Maintenance Status,,
Maintenance Status has to be Cancelled or Completed to Submit,,
Maintenance Task,,
Maintenance Tasks,,
Maintenance Team,,
Maintenance Team Member,,
Maintenance Team Members,,
Maintenance Team Name,,
Maintenance Time,,
Maintenance Type,,
Maintenance Visit Purpose,,
Major,,
Major/Optional Subjects,,
Make,,
"Make ""name"" searchable in Global Search",,
Make Asset Movement,,
Make Attachment Public (by default),,
Make Attachments Public by Default,,
Make Bank Entry,,
Make Depreciation Entry,,
Make Difference Entry,,
Make Payment,,
Make Payment via Journal Entry,,
Make project from a template.,,
Make Purchase / Work Order,,
Make Return Entry,,
Make Sales Invoice,,
Make Serial No / Batch from Work Order,,
Make Stock Entry,,
Make Subcontracting PO,,
Make Transfer Entry,,
Make use of longer keyboard patterns,,
Make {0},,
Make {0} Variant,,
Make {0} Variants,,
Makes the page public,,
Making Journal Entries against advance accounts: {0} is not recommended. These Journals won't be available for Reconciliation.,,
Malformed Address Header,,
Manage,,
Manage your orders,,
Management,,
Mandatory,,
Mandatory Accounting Dimension,,
Mandatory Benefit Application,,
Mandatory Depends On,,
Mandatory Depends On (Backend),,
Mandatory Depends On (JS),,
Mandatory Field,,
Mandatory field: set role for,,
Mandatory field: {0},,
Mandatory fields required in {0},,
Mandatory For Balance Sheet,,
Mandatory For Profit and Loss Account,,
Mandatory Information missing:,,
Mandatory Missing,,
Mandatory Purchase Order,,
Mandatory Purchase Receipt,,
Mandatory Section,,
Mandatory:,,
Manual entry cannot be created! Disable automatic entry for deferred accounting in accounts settings and try again,,
Manual Inspection,,
Manufacture,,
Manufactured Items Value,,
Manufactured Qty,,
Manufactured Qty (including Process Loss),,
Manufacturer,,
Manufacturer Part Number,,
Manufacturing,,
Manufacturing BOM,,
Manufacturing Date,,
Manufacturing Quantity is mandatory,,
Manufacturing Section,,
Manufacturing Settings,,
Manufacturing Time,,
Manufacturing Type,,
manufacturing_date,,
Mapping column {0} to field {1},,
Mapping Subcontracting Inward Order ...,,
Mapping Subcontracting Order ...,,
Maps To,,
Mar,,
Margin,,
Margin Bottom,,
Margin Left,,
Margin Money,,
Margin Rate or Amount,,
Margin Right,,
Margin Top,,
Margin Type,,
Margin View,,
MariaDB Variables,,
Marital Status,,
Mark all as read,,
Mark as Completed,,
Mark as In Progress,,
Mark as Read,,
Mark as Spam,,
Mark as Unread,,
Mark as {0},,
Mark Attendance,,
Mark attendance as {0} for {1} on selected dates?,,
Mark attendance for existing check-in/out logs before changing shift settings,,
Mark Auto Attendance on Holidays,,
Mark {0} as Completed?,,
Mark {0} {1} as {2}?,,
Markdown,,
Marked Attendance,,
Marked Attendance HTML,,
Market Segment,,
Marketing,,
Marketing Expenses,,
Marking Attendance,,
Mask,,
Master,,
Master Production Schedule,,
Master Production Schedule Item,,
Masters,,
MATCH,,
Match transfers within 'N' days,,
Matched Transaction Rule,,
Material,,
Material Consumption,,
Material Consumption for Manufacture,,
Material Consumption is not set in Manufacturing Settings.,,
Material from Customer,,
Material Issue,,
Material Planning,,
Material Receipt,,
Material Request already created for the ordered quantity,,
Material Request Date,,
Material Request Detail,,
Material Request Item,,
Material Request No,,
"Material Request not created, as quantity for Raw Materials already available.",,
Material Request of maximum {0} can be made for Item {1} against Sales Order {2},,
Material Request Plan Item,,
Material Request Type,,
Material Request {0} is cancelled or stopped,,
Material Request {0} submitted.,,
Material Requests,,
Material Requests for which Supplier Quotations are not created,,
Material Requests Required,,
Material Requirements Planning,,
Material Requirements Planning Report,,
Material Returned from WIP,,
Material to Supplier,,
Material Transfer,,
Material Transfer (In Transit),,
Material Transfer for Manufacture,,
Material Transferred for Manufacturing,,
material_request,,
material_request_item,,
Materials are already received against the {0} {1},,
Materials needs to be transferred to the work in progress warehouse for the job card {0},,
Materials To Be Transferred,,
Max Amount,,
Max Amount Eligible For Claim,,
Max Amt,,
Max attachment size,,
Max Attachments,,
Max auto email report per user,,
Max Benefit Amount,,
Max Benefit Amount (Yearly),,
Max Benefits (Amount),,
Max Benefits (Yearly),,
Max Discount (%),,
Max discount allowed for item: {0} is {1}%,,
Max Exemption Amount,,
Max Exemption Amount cannot be greater than maximum exemption amount {0} of Tax Exemption Category {1},,
Max File Size (MB),,
Max Grade,,
Max Height,,
Max Length,,
Max Producible Qty,,
Max Qty,,
Max Qty (As Per Stock UOM),,
Max Report Rows,,
Max Sample Quantity,,
Max Score,,
Max signups allowed per hour,,
Max Taxable Income,,
Max Value,,
Max width for type Currency is 100px in row {0},,
Max working hours against Timesheet,,
Max Zip Extract Size (MB),,
Max: {0},,
max_allowed_qty,,
max_creation,,
max_posting_dt,,
Maximum Attachment Limit of {0} has been reached for {1} {2}.,,
Maximum Benefit Amount,,
Maximum Carry Forwarded Leaves,,
Maximum Consecutive Leaves Allowed,,
Maximum Consecutive Leaves Exceeded,,
Maximum discount for Item {0} is {1}%,,
Maximum Encashable Leaves,,
Maximum encashable leaves for {0} are {1},,
Maximum Exempted Amount,,
Maximum Exemption Amount,,
Maximum Invoice Amount,,
Maximum Leave Allocation Allowed per Leave Period,,
Maximum leave allowed in the leave type {0} is {1},,
Maximum Net Rate,,
Maximum Overtime Hours Allowed,,
Maximum Overtime Hours Allowed Per Day,,
Maximum Payment Amount,,
Maximum Producible Items,,
Maximum Samples - {0} can be retained for Batch {1} and Item {2}.,,
Maximum Samples - {0} have already been retained for Batch {1} and Item {2} in Batch {3}.,,
Maximum Use,,
Maximum Value,,
Maximum {0} rows allowed,,
May,,
Meal Preference,,
Meaning of Different Permission Types,,
Medical,,
Medium,,
Meeting,,
Meets Condition?,,
member_name,,
Memory Usage,,
Memory Usage in MB,,
Mention Valuation Rate in the Item master.,,
Mentions,,
Menu,,
Merge,,
Merge Account,,
Merge Invoices Based On,,
Merge Progress,,
Merge similar Account Heads,,
Merge with existing,,
Merge with Existing Account,,
Merged,,
merged {0} into {1},,
Merging is only possible between Group-to-Group or Leaf Node-to-Leaf Node,,
Merging {0} of {1},,
Message,,
Message Examples,,
Message for Supplier,,
Message from server: {0},,
Message ID,,
Message not setup,,
Message Parameter,,
Message Sent,,
Message to show,,
Message Type,,
Message-id,,
Messages,,
Messaging CRM Campaign,,
Meta,,
Meta Description,,
Meta description,,
Meta image,,
Meta Image,,
Meta Tags,,
Meta title,,
Meta Title,,
Meta title for SEO,,
Metadata,,
Method,,
Method '{0}' must be whitelisted and permit GET requests,,
Method is required to create a number card,,
Method Not Allowed,,
Method {0} is not allowed to be run on a Job Card.,,
Method {0} must permit GET requests,,
MICR,,
Middle Income,,
Middle Name,,
Middle Name (Optional),,
Milestone,,
Milestone Tracker,,
Min Amount,,
Min amount cannot be greater than max amount.,,
Min Amt,,
Min Amt can not be greater than Max Amt,,
Min Grade,,
Min Order Qty,,
Min Qty,,
Min Qty (As Per Stock UOM),,
Min Qty can not be greater than Max Qty,,
Min Qty should be greater than Recurse Over Qty,,
Min Taxable Income,,
"Min Value: {0}, Max Value: {1}, in Increments of: {2}",,
min_order_qty,,
Minimum Invoice Amount,,
Minimum Lead Age (Days),,
Minimum Net Rate,,
Minimum Order Qty,,
Minimum Order Quantity,,
Minimum Password Score,,
Minimum Payment Amount,,
Minimum Qty,,
Minimum Total Spent,,
Minimum Value,,
Minimum Year for Gratuity,,
Minor,,
Minute,,
Minutes,,
Minutes Offset,,
Miscellaneous,,
Miscellaneous Expenses,,
Misconfigured,,
Mismatch,,
Miss,,
Missing,,
Missing Account,,
Missing Accounting Dimension,,
Missing Advance Account,,
Missing Asset,,
Missing Company,,
Missing Cost Center,,
Missing Default in Company,,
Missing Dependency,,
Missing DocType,,
Missing email template for dispatch. Please set one in Delivery Settings.,,
Missing Field,,
Missing Fields,,
Missing Filters,,
Missing Filters Required,,
Missing Finance Book,,
Missing Finished Good,,
Missing Formula,,
Missing Item,,
Missing Mandatory Field,,
Missing Opening Entries,,
Missing Parameter,,
Missing Payments App,,
Missing Permission,,
Missing Relieving Date,,
Missing Required Filter,,
Missing required filter: {0},,
Missing Salary Components,,
Missing Serial No Bundle,,
Missing Tax Slab,,
Missing value,,
Missing value for filters,,
Missing Values Required,,
Missing Warehouse,,
missing_qty,,
Mixed Conditions,,
Mobile,,
Mobile Number,,
Modal Trigger,,
Mode of payment is required to make a payment,,
Mode of Travel,,
Model,,
Modes of Payment,,
modify_half_day_status,,
Module,,
Module (for export),,
Module (for Export),,
"Module changed to {0}. Files in the previous module were not moved and remain at {1}, remove or relocate them manually.",,
Module Def,,
Module HTML,,
Module Name,,
Module Onboarding,,
Module onboarding progress reset,,
Module Profile,,
Module Profile Name,,
Module to Export,,
Module {} not found,,
Modules HTML,,
Monday,,
Monitor for Last 'X' days,,
Monitoring Frequency,,
MONTH,,
month,,
Month,,
Month To Date,,
Month To Date(Company Currency),,
month_name,,
month_year,,
Monthly,,
Monthly Attendance Sheet,,
Monthly Completed Work Orders,,
Monthly Distribution,,
Monthly Distribution Percentage,,
Monthly Distribution Percentages,,
Monthly Quality Inspections,,
Monthly Sales Target,,
Monthly Total Work Orders,,
MONTHNAME,,
More,,
More Info,,
More Information,,
More than one selection for {0} not allowed,,
Most probably your password is too long.,,
Move,,
Move Item,,
Move Stock,,
Move To Trash,,
Movement,,
movement,,
Moving up in tree ...,,
MPS,,
MPS Generated,,
Mr,,
MRP Log documents are being created in the background.,,
Mrs,,
Ms,,
MT940 file detected. Please enable 'Import MT940 Format' to proceed.,,
Multi Currency,,
Multi-level BOM Creator,,
Multiple Additional Salaries with overwrite property exist for Salary Component {0} between {1} and {2}.,,
Multiple company fields available: {0}. Please select manually.,,
Multiple fiscal years exist for the date {0}. Please set company in Fiscal Year,,
Multiple items cannot be marked as finished item,,
Multiple Loyalty Programs found for Customer {}. Please select manually.,,
Multiple POS Opening Entry,,
"Multiple Price Rules exists with same criteria, please resolve conflict by assigning priority. Price Rules: {0}",,
Multiple Shift Assignments,,
Multiple Variants,,
must be between 0 and 100,,
Must be Whole Number,,
Must have report permission to access this report.,,
Must specify a Query to run,,
Mute Email,,
Mute Sounds,,
Mx,,
My Account,,
My Advances,,
My Claims,,
My Filter,,
My Leaves,,
My Requests,,
My Workspaces,,
Name,,
name,,
Name (Doc Name),,
"Name already taken, please set a new name",,
Name and Employee ID,,
Name cannot contain special characters like {0},,
Name error,,
Name of Beneficiary,,
Name of new Account. Note: Please don't create accounts for Customers and Suppliers,,
Name of Organizer,,
Name of the Document Type (DocType) you want this field to be linked to. e.g. Customer,,
Name of the new Print Format,,
Name of {0} cannot be {1},,
Named Place,,
Names and surnames by themselves are easy to guess.,,
Naming,,
Naming Rule,,
Naming series '{0}' for DocType '{1}' does not contain standard '.' or '{{' separator. Using fallback extraction.,,
Naming Series is mandatory,,
Naming Series mandatory,,
Naming Series options,,
Naming Series Prefix,,
Navbar,,
Navbar Item,,
Navbar Settings,,
Navbar Template,,
Navbar Template Values,,
Navigation Buttons,,
Navigation Settings,,
Need Workspace Manager role to edit private workspace of other users.,,
Need Workspace Manager role to edit public workspaces.,,
Needs Analysis,,
Negative Batch Report,,
Negative Quantity is not allowed,,
Negative Stock,,
Negative Stock Error,,
Negative Valuation Rate is not allowed,,
Negative Value,,
Negotiation/Review,,
Nested filters must be provided as a list or tuple.,,
Nested set error. Please contact the Administrator.,,
Net Amount,,
Net Amount (Company Currency),,
Net Asset value as on,,
Net Cash from Financing,,
Net Cash from Investing,,
Net Cash from Operations,,
Net Change in Accounts Payable,,
Net Change in Accounts Receivable,,
Net Change in Cash,,
Net Change in Equity,,
Net Change in Fixed Asset,,
Net Change in Inventory,,
Net Hour Rate,,
Net Pay,,
Net Pay (Company Currency),,
Net Pay cannot be less than 0,,
Net pay cannot be negative,,
Net Pay Info,,
Net Profit,,
Net Profit Ratio,,
Net Profit/Loss,,
Net Purchase Amount,,
Net Purchase Amount is mandatory,,
Net Purchase Amount should be <b>equal</b> to purchase amount of one single Asset.,,
Net Purchase Amount {0} cannot be depreciated over {1} cycles.,,
Net Rate,,
Net Rate (Company Currency),,
Net Salary Amount,,
Net Total (Company Currency),,
Net total calculation precision loss,,
Net Weight,,
Net Weight UOM,,
net_pay,,
net_purchase_amount,,
Network Printer Settings,,
New Account Name,,
New Asset Value,,
New Assets (This Year),,
New Balance In Account Currency,,
New Balance In Base Currency,,
New Batch ID (Optional),,
New Batch Qty,,
New BOM,,
New Company,,
New Cost Center Name,,
New Custom Print Format,,
New Customer Revenue,,
New Customers,,
New Department,,
New Document Form,,
New Document Shared {0},,
New Employee,,
New Employee ID,,
New Exchange Rate,,
New Expense Item,,
New Expense Tax,,
New Expenses,,
New Hires (This Month),,
New Hires (This Year),,
New Income,,
New Invoice,,
New Journal Entry will be posted for the difference amount. The Posting Date can be modified.,,
New Lead (Last 1 Month),,
New Leaves Allocated,,
New Leaves Allocated (In Days),,
New Location,,
New Mention on {0},,
New Message from Website Contact Page,,
New Name,,
New Notification,,
New Opportunity (Last 1 Month),,
New Password,,
New passwords do not match,,
New Print Format Name,,
New Purchase Invoice,,
New Purchase Orders,,
New Quality Procedure,,
New Quotations,,
New release date should be in the future,,
New revised budget created successfully,,
New role created successfully.,,
New Role Name,,
New Sales Invoice,,
New Sales Orders,,
New Sales Person Name,,
New Serial No cannot have Warehouse. Warehouse must be set by Stock Entry or Purchase Receipt,,
New updates are available,,
New Users (Last 30 days),,
New Value,,
New Version,,
New Warehouse Name,,
New Workflow Name,,
New Workplace,,
New {0},,
New {0} pricing rules are created,,
New {0}: {1},,
New {} releases for the following apps are available,,
new_leaves,,
Newly created user {0} has no roles enabled.,,
Next,,
Next Action Email Template,,
Next Actions,,
Next Actions HTML,,
Next Depreciation Date,,
Next Due Date,,
Next email will be sent on:,,
Next Execution,,
Next Form Tour,,
Next on Click,,
Next Schedule Date,,
Next Scheduled Date,,
Next State,,
Next Step Condition,,
Next Sync Token,,
No,,
No <strong>Account Data</strong> row found,,
No Account matched these filters: {},,
No account set,,
No accounting entries for the following warehouses,,
No Action,,
No active BOM found for item {0}. Delivery by Serial No cannot be ensured,,
No active employee found associated with the email ID {0}. Try logging in with your employee email ID or contact your HR manager for access.,,
No active item prices found.,,
No active or default Salary Structure found for employee {0} for the given dates,,
No active Salary Structure Assignment found for employee {0} with salary structure {1} on or after arrear start date {2},,
No additional expenses has been added,,
No additional fields available,,
No advances found,,
No alerts for today,,
No applicable Earning component found in last salary slip for Gratuity Rule: {0},,
No applicable Earning components found for Gratuity Rule: {0},,
No applicable slab found for the calculation of gratuity amount as per the Gratuity Rule: {0},,
No arrear components found in the existing salary slips.,,
No arrear components found in the salary slip. Ensure Arrear Component is checked in the Salary Component master.,,
No arrear details found,,
No attachment found for the prepared report,,
No attendance records found for employee {0} between {1} and {2},,
No attendance records found for this criteria.,,
No attendance records found.,,
No attendance records to create due to following reasons,,
No automatic optimization suggestions available.,,
No availability of slots are found. Please add on Appointment Booking Settings.,,
No available quantity to reserve for item {0} in warehouse {1},,
No Bank/Cash Account found for currency {0}. Please create one under company {1}.,,
No billing email found for customer: {0},,
No changes found in timings.,,
No changes made because old and new name are the same.,,
No changes to sync,,
No changes to update,,
No contacts linked to document,,
No contacts with email IDs found.,,
No Copy,,
No currency fields in {0},,
No Customer found for Inter Company Transactions which represents company {0},,
No Customers found with selected options.,,
No Data,,
No data for this period,,
No data found. Seems like you uploaded a blank file,,
No data to export,,
No default Address Template found. Please create a new one from Setup > Printing and Branding > Address Template.,,
No Delivery Note selected for Customer {},,
No difference found for stock account {0},,
No DocTypes in To Delete list. Please generate or import the list before submitting.,,
No email addresses to invite,,
No Email field found in {0},,
No email found for {0} {1},,
No Employee Found,,
No Employee found for the given employee field value. '{}': {},,
No employee was scheduled for call popup,,
No employees found,,
No employees found for the mentioned criteria:<br>Company: {0}<br> Currency: {1}<br>Payroll Payable Account: {2},,
No employees found for the selected criteria,,
No employees found with selected filters and active salary structure,,
No Employees Selected,,
No Entry for the User {0} found within LDAP!,,
No expenses added,,
no failed attempts,,
No failed logs,,
No file attached,,
No file uploaded or URL provided.,,
No further records,,
No Google Calendar Event to sync.,,
No Holiday List was found for Employee {0} or their company {1} for date {2}. Please assign through {3},,
No IMAP folders were found on the server. Please verify the email account settings and ensure the mailbox contains folders.,,
No Interview has been scheduled.,,
No item available for transfer.,,
No Item with Barcode {0},,
No Item with Serial No {0},,
No items are available in sales orders {0} for production,,
No items are available in the sales order {0} for production,,
No items found. Scan barcode again.,,
No items in cart,,
No items selected,,
No Items selected for transfer.,,
No Items with Bill of Materials to Manufacture or all items already manufactured,,
No Items with Bill of Materials.,,
No LDAP User found for email: {0},,
No leave allocation found for {0} for {1} on given date.,,
No Leave Period Found,,
No leave record found for employee {0} on {1},,
No Leaves Allocated to Employee: {0} for Leave Type: {1},,
No leaves have been allocated.,,
No Letterhead,,
No login methods are available. Please contact your administrator.,,
No matches occurred via auto reconciliation,,
No Matching Bank Transactions Found,,
No material request created,,
No more children on Left,,
No more children on Right,,
No more updates,,
No Name Specified for {0},,
No new Google Contacts synced.,,
No of Columns,,
No of Deliveries,,
No of Docs,,
No of Employees,,
No of Interactions,,
No of Items to Repost,,
No of Months (Expense),,
No of Months (Revenue),,
No of Parallel Reposting (Per Item),,
No of Requested SMS,,
No of Rows (Max 500),,
No of Sent SMS,,
No of Shares,,
No of Shift,,
No of Units Produced,,
No of Visits,,
No of Workstations,,
No of. Positions,,
No open Material Requests found for the given criteria.,,
No open POS Opening Entry found for POS Profile {0}.,,
No outstanding invoices found,,
No Outstanding Invoices found for this party,,
No outstanding invoices require exchange rate revaluation,,
No outstanding {0} found for the {1} {2} which qualify the filters you have specified.,,
No Permission,,
No permission for {0},,
No permission to read {0},,
No permission to {0} {1} {2},,
No Permissions set for this criteria.,,
No Permissions Specified,,
No POS Profile found. Please create a New POS Profile first,,
No Preview,,
No Preview Available,,
No primary email found for customer: {0},,
No Printer is Available.,,
No products found.,,
No Purchase Orders were created,,
No recent transactions found,,
No recipients found for campaign {0},,
No record found,,
No records deleted,,
No Records for these settings.,,
No records found in Allocation table,,
No records found in the Invoices table,,
No records found in the Payments table,,
No records present in {0},,
No replies from,,
No Roles Specified,,
No rows selected,,
No rows with zero document count found,,
No RQ Workers connected. Try restarting the bench.,,
No Salary Slip found for Employee: {0},,
No salary slip found to submit for the above selected criteria OR salary slip already submitted,,
No salary slips found,,
No salary slips found for the selected employee from {0},,
No Salary Slips with {0} found for employee {1} for payroll period {2}.,,
No Salary Structure assigned to Employee {0} on the given date {1},,
No Salary Structure Assignment found for employee {0} on date {1},,
No Salary Structure Assignment found for employee {0} on or before {1},,
No Salary Structures,,
No Serial / Batches are available for return,,
No Shift Requests Selected,,
No Staffing Plans found for this Designation,,
No Stock Available Currently,,
No stock available for this batch.,,
No stock ledger entries were created. Please set the quantity or valuation rate for the items properly and try again.,,
No subject,,
No Suggestions,,
No Supplier found for Inter Company Transactions which represents company {0},,
No Tables Detected,,
No Tags,,
No Tax withholding account set for Company {0} in Tax Withholding Category {1}.,,
No Tax Withholding data found for the current posting date.,,
No taxes added,,
No template found at path: {0},,
No Terms,,
No Unreconciled Invoices and Payments found for this party and account,,
No Unreconciled Payments found for this party,,
No user has the role <strong>{0}</strong>,,
No valid shift found for log time,,
No Work Orders were created,,
No {0} added,,
No {0} found,,
No {0} found for Inter Company Transactions.,,
No.,,
No. of Employees,,
No. of parallel job cards which can be allowed on this workstation. Example: 2 would mean this workstation can process production for two Work Orders at a time.,,
no_of_applications,,
no_of_openings,,
Non Completed Tasks,,
Non Conformance,,
Non Depreciable Category,,
Non Negative,,
Non Profit,,
Non stock items,,
Non Taxable Earnings,,
Non-Billed Hours,,
Non-Billed Hours (NB),,
Non-Conforming,,
Non-Current Liabilities,,
Non-Encashable Leaves,,
Non-phantom BOM cannot be created for non-stock item {0}.,,
Non-Zeros,,
nonce,,
None of the items have any change in quantity or value.,,
Normal Balances,,
Normalized Copies,,
Normalized Query,,
Nos,,
Not a valid Comma Separated Value (CSV File),,
Not a valid User Image.,,
Not a valid Workflow Action,,
Not able to find the earliest Fiscal Year for the given company.,,
Not active,,
Not allow to set alternative item for the item {0},,
Not Allowed,,
Not allowed for {0}: {1},,
Not allowed to create accounting dimension for {0},,
Not allowed to create custom Virtual DocType.,,
Not allowed to print cancelled documents,,
Not allowed to print draft documents,,
Not allowed to update stock transactions older than {0},,
Not allowed via controller permission check,,
Not Applicable,,
Not authorized since {0} exceeds limits,,
Not authorized to edit frozen Account {0},,
Not Available,,
Not Found,,
Not found,,
Not Helpful,,
Not in Developer Mode,,
Not in Developer Mode! Set in site_config.json or make 'Custom' DocType.,,
Not in Stock,,
Not Nullable,,
Not Permitted,,
Not permitted,,
Not permitted to make Purchase Orders,,
Not Permitted to read {0},,
Not permitted to update Serial No,,
Not Published,,
Not Seen,,
Not Set,,
Not Specified,,
Not Used,,
Note,,
Note Seen By,,
Note: Automatic log deletion only applies to logs of type <i>Update Cost</i>,,
Note: Due Date exceeds allowed {0} credit days by {1} day(s),,
Note: Etc timezones have their signs reversed.,,
"NOTE: If you add states or transitions in the table, it will be reflected in the Workflow Builder but you will have to position them manually. Also Workflow Builder is currently in <b>BETA</b>.",,
"Note: If you want to use the finished good {0} as a raw material, then enable the 'Do Not Explode' checkbox in the Items table against the same raw material.",,
Note: Item {0} added multiple times,,
Note: On checking Is Mandatory the accounting dimension will become mandatory against that specific account for all accounting transactions,,
Note: Payment Entry will not be created since 'Cash or Bank Account' was not specified,,
Note: System will not check over-delivery and over-booking for Item {0} as quantity or amount is 0,,
Note: This Cost Center is a Group. Cannot make accounting entries against groups.,,
Note: This will be shared with user.,,
"Note: To merge the items, create a separate Stock Reconciliation for the old item {0}",,
Note: Total allocated leaves {0} shouldn't be less than already approved leaves {1} for the period,,
Note: Your request for account deletion will be fulfilled within {0} hours.,,
"Note: Your salary slip is password protected, the password to unlock the PDF is of the format {0}.",,
Notes,,
Notes HTML,,
Notes:,,
Nothing is included in gross,,
Nothing more to show.,,
Nothing to change,,
Nothing to order from the selected rows,,
"Nothing to order, the selected rows are already covered by stock or existing orders",,
Nothing to update,,
Notice (days),,
Notification Log,,
Notification Message,,
Notification Recipient,,
Notification Settings,,
Notification Subscribed Document,,
Notification Template,,
Notification Title,,
Notification Type,,
Notification Type Preference,,
Notification: customer {0} has no Mobile number set,,
Notification: document {0} has no {1} number set (field: {2}),,
Notification: user {0} has no Mobile number set,,
Notifications,,
notified,,
Notify by Email,,
Notify by email,,
Notify by email on creation of automatic Material Request,,
Notify Customers via Email,,
Notify Employee,,
Notify if unreplied,,
Notify if unreplied for (in mins),,
Notify Other,,
Notify Reposting Error to Role,,
Notify Supplier,,
Notify users by email,,
Notify Users On Every Login,,
Notify users with a popup when they log in,,
Notify Via Email,,
Nov,,
nsb,,
num_of_order,,
Number,,
Number Card,,
Number Card Link,,
Number Card Name,,
Number Cards,,
Number Format,,
"Number of attachment fields are more than {}, limit updated to {}.",,
Number of Backups,,
Number of backups must be greater than zero.,,
Number of Concurrent Appointments,,
Number of Days,,
Number of days appointments can be booked in advance,,
Number Of Employees,,
Number of Employees on Leave (This Month),,
Number of Employees on Leave (Today),,
Number of Events,,
Number of Groups,,
Number of Interaction,,
Number of keys,,
Number of Leaves,,
"Number of new Account, it will be included in the account name as a prefix",,
"Number of new Cost Center, it will be included in the cost center name as a prefix",,
Number of onsite backups,,
Number of Order,,
Number Of Positions,,
Number of Queries,,
Number of Transactions,,
Number of Weeks / Months,,
Number of Withholding Cycles,,
Numeric,,
Numeric Inspection,,
Numeric Values,,
Numero has not set in the XML file,,
Oauth Authorization Code,,
Oauth Bearer Token,,
Oauth Client,,
OAuth Client,,
OAuth Client ID,,
Oauth Client Role,,
OAuth Error,,
"OAuth has been enabled but not authorised. Please use ""Authorise API Access"" button to do the same.",,
OAuth Provider,,
Oauth Provider Settings,,
OAuth Provider Settings,,
Oauth Scope,,
Oauth Settings,,
Objective,,
Objectives,,
Obtained Average Rating,,
Occurrences,,
Occurrences (last 30 days),,
Oct,,
Odometer Reading,,
Odometer Value,,
Odometer Value (Last),,
Off-Shift,,
Off-shift,,
Offer Date,,
Offer Term,,
Offer Terms,,
Office Equipment,,
Office Maintenance Expenses,,
Office Rent,,
Official Documentation,,
Offset must be a non-negative integer,,
Offset X,,
Offset Y,,
Offsetting Account,,
Offsetting for Accounting Dimension,,
Old and new fieldnames are same.,,
Old Parent,,
old_parent,,
Oldest Unscheduled Job,,
On Date,,
"On expanding a row in the Items to Manufacture table, you'll see an option to 'Include Exploded Items'. Ticking this includes raw materials of the sub-assembly items in the production process.",,
On Hand,,
On Hold Since,,
On This Date,,
On Track,,
Onboard,,
Onboarding,,
Onboarding Activities,,
Onboarding Begins On,,
Onboarding Permission,,
Onboarding Status,,
Onboarding Step,,
Onboarding Step Map,,
Onboardings (This Month),,
"Once submitted, submittable documents cannot be changed. They can only be Cancelled and Amended.",,
Once the Work Order is Closed. It can't be resumed.,,
"Once you have set this, the users will only be able access documents (eg. Blog Post) where the link exists (eg. Blogger).",,
One customer can be part of only single Loyalty Program.,,
One of,,
One Time Password (OTP) Registration Code from {},,
Ongoing Job Cards,,
Only 200 inserts allowed in one request,,
Only Administrator can delete Email Queue,,
Only Administrator can edit,,
Only Administrator can save a standard report. Please rename and save.,,
Only Administrator is allowed to use Recorder,,
Only Allow Edit For,,
Only allow System Managers to upload public files,,
Only allowed to export customizations in developer mode,,
Only Approvers can Approve this Request.,,
Only Completed documents can be submitted,,
Only CSV and Excel files can be used to for importing data. Please check the file format you are trying to upload,,
Only CSV and Excel formats are supported for export,,
Only CSV files are allowed,,
Only Custom Modules can be renamed.,,
Only Deduct Tax On Excess Amount,,
Only draft documents can be discarded,,
Only Employee Grievance with status {0} or {1} can be submitted,,
Only existing assets,,
Only expired allocation can be cancelled,,
Only for,,
Only Include Allocated Payments,,
Only Interviewer Are allowed to submit Interview Feedback,,
Only interviewers can submit feedback,,
Only Interviews with Cleared or Rejected status can be submitted.,,
Only Leave Applications with status 'Approved' and 'Rejected' can be submitted,,
Only mandatory fields are necessary for new records. You can delete non-mandatory columns if you wish.,,
Only one of Deposit or Withdrawal should be non-zero when applying an Excluded Fee.,,
Only one operation can have 'Is Final Finished Good' checked when 'Track Semi Finished Goods' is enabled.,,
Only one {0} can be set as primary.,,
Only one {0} entry can be created against the Work Order {1},,
Only Options allowed for Data field are:,,
Only Parent can be of type {0},,
Only pending invitations can be resent,,
Only records belonging to {0} will be deleted,,
Only reports of type Report Builder can be deleted,,
Only reports of type Report Builder can be edited,,
Only Send Records Updated in Last X Hours,,
Only Shift Request with status 'Approved' and 'Rejected' can be submitted,,
Only standard DocTypes are allowed to be customized from Customize Form.,,
Only System Managers can make this file public.,,
Only the Administrator can delete a standard DocType.,,
Only the assignee can complete this to-do.,,
Only users with the {0} role can create backdated leave applications,,
Only Value available for Payment Entry,,
Only Workspace Manager can edit public workspaces,,
Only {0} are supported,,
Only {0} emailed reports are allowed per user.,,
Only {0} Goals can be {1},,
Open Activities HTML,,
Open BOM {0},,
Open Documents,,
Open Form View,,
Open Issues,,
Open Item {0},,
Open Notifications,,
Open Opportunity,,
Open Orders,,
Open Projects,,
Open Quotations,,
Open reference document,,
Open Reference Document,,
Open Resume in New Tab,,
Open Sales Orders,,
Open To Do,,
Open URL in a New Tab,,
Open Work Order {0},,
Open Work Orders,,
Open {0},,
OpenID Configuration,,
OpenID Configuration fetched successfully!,,
Opening,,
Opening & Closing,,
Opening (Cr),,
Opening (Dr),,
Opening Accumulated Depreciation,,
Opening Amount,,
Opening and Closing,,
Opening Balance,,
Opening Balance Details,,
Opening Balance Equity,,
Opening Balances,,
Opening Date,,
Opening Invoice Creation In Progress,,
Opening Invoice Creation Tool,,
Opening Invoice Creation Tool Item,,
"Opening Invoice has rounding adjustment of {0}.<br><br> '{1}' account is required to post these values. Please set it in Company: {2}.<br><br> Or, '{3}' can be enabled to not post any rounding adjustment.",,
Opening Invoice Item,,
Opening Invoice Tool,,
Opening Invoices,,
Opening Invoices Summary,,
Opening Number of Booked Depreciations,,
Opening Purchase Invoice(s) have been created.,,
Opening Qty,,
Opening Sales Invoice(s) have been created.,,
Opening Stock,,
Opening Stock entry created with zero valuation rate: {0},,
Opening Stock entry created: {0},,
Opening Time,,
Opening Value,,
opening_accumulated_depreciation,,
opening_credit,,
opening_debit,,
Operating Component,,
Operating Components Cost,,
Operating Cost,,
Operating Cost (Company Currency),,
Operating Cost as per Work Order / BOM,,
Operating Cost Per BOM Quantity,,
Operating Cost(Company Currency),,
Operating Costs,,
Operating Costs (Per Hour),,
operating_cost,,
Operation,,
Operation & Materials,,
Operation Cost,,
Operation Description,,
Operation ID,,
Operation Row Id,,
Operation Row ID,,
Operation Row Number,,
Operation Time,,
Operation Time must be greater than 0 for Operation {0},,
Operation {0} added multiple times in the work order {1},,
Operation {0} does not belong to the work order {1},,
"Operation {0} longer than any available working hours in workstation {1}, break down the operation into multiple operations",,
Operations,,
Operations cannot be left blank,,
Operations Routing,,
Operator,,
Operator '{0}' requires a list value,,
Operator must be one of {0},,
Operator {0} requires exactly 2 arguments (left and right operands),,
Opp Count,,
Opp/Lead %,,
Opportunities,,
Opportunities by Campaign,,
Opportunities by Medium,,
Opportunities by Source,,
Opportunity Amount,,
Opportunity Amount (Company Currency),,
Opportunity Date,,
Opportunity From,,
Opportunity Item,,
Opportunity Lost Reason,,
Opportunity Lost Reason Detail,,
Opportunity Owner,,
Opportunity Source,,
Opportunity Summary by Sales Stage,,
Opportunity Type,,
Opportunity Value,,
Optimize,,
Optimize Route,,
Optimizing image...,,
Option 1,,
Option 2,,
Option 3,,
Option {0} for field {1} is not a child table,,
Optional Holiday List not set for leave period {0},,
Optional Leaves are holidays that Employees can choose to avail from a list of holidays published by the company.,,
Optional. Select a specific manufacture entry to reverse.,,
"Optional. Sets company's default currency, if not specified.",,
Optional. This setting will be used to filter in various transactions.,,
Optional. Used with Financial Report Template,,
Options,,
Options 'Dynamic Link' type of field must point to another Link Field with options as 'DocType',,
Options for Rating field can range from 3 to 10,,
Options for select. Each option on a new line.,,
Options for {0} must be set before setting the default value.,,
Options Help,,
Options not set for link field {0},,
or,,
or for the Employee's Department: {0},,
or its descendants,,
Order,,
Order Amount,,
Order By,,
Order By must be a string,,
Order Confirmation Date,,
Order Confirmation No,,
Order Count,,
Order Date,,
Order Information,,
Order No,,
Order Qty,,
Order Status,,
Order Type,,
Order Value,,
Order/Quot %,,
Ordered,,
Ordered Qty,,
"Ordered Qty: Quantity ordered for purchase, but not received.",,
Ordered Quantity,,
ordered_qty,,
Orders,,
Org History,,
Org History Heading,,
Organization,,
Organization Name,,
Organizational Chart,,
Orientation,,
Original,,
Original Item,,
Original Value,,
os,,
Other Details,,
Other Info,,
Other Reports,,
Other Settings,,
Other Taxes and Charges,,
Others,,
OTP Code,,
OTP Issuer Name,,
OTP Secret has been reset. Re-registration will be required on next login.,,
OTP Secret Reset - {0},,
OTP SMS Template,,
OTP SMS Template must contain <code>{0}</code> placeholder to insert the OTP.,,
OTP Verification,,
Out of Order,,
Out of Stock,,
Out Qty,,
Out Value,,
Outdated POS Opening Entry,,
Outgoing,,
Outgoing (SMTP) Settings,,
Outgoing Bills,,
Outgoing email account not correct,,
Outgoing Emails (Last 7 days),,
Outgoing Payment,,
Outgoing Rate,,
Outgoing Salary,,
Outgoing Server,,
Outgoing Settings,,
Output,,
Outstanding,,
outstanding,,
Outstanding (Company Currency),,
Outstanding Amount,,
Outstanding Amt,,
Outstanding Cheques and Deposits to clear,,
Outstanding for {0} cannot be less than zero ({1}),,
outstanding_amt,,
outstanding_in_account_currency,,
Outward Order,,
Over Allocation,,
Over Billing Allowance (%),,
Over Billing Allowance exceeded for Purchase Receipt Item {0} ({1}) by {2}%,,
Over Delivery/Receipt Allowance (%),,
Over Order Allowance (%),,
Over Picking Allowance (%),,
Over Receipt,,
Over Receipt/Delivery of {0} {1} ignored for item {2} because you have {3} role.,,
Over Transfer Allowance (%),,
Overbilling of {0} {1} ignored for item {2} because you have {3} role.,,
Overbilling of {} ignored because you have {} role.,,
Overdue Days,,
Overdue Limit,,
Overdue Limit Crossed,,
Overdue Limit crossed for customer {0}. Overdue amount {1} exceeds the allowed limit {2}.,,
Overdue Payment,,
Overdue Payments,,
Overdue Tasks,,
Overlap in scoring between {0} and {1},,
Overlapping Attendance Request,,
Overlapping conditions found between:,,
Overlapping Shift Attendance,,
Overlapping Shift Requests,,
Overlapping Shifts,,
Overproduction for Sales and Work Order,,
Overproduction Percentage For Sales Order,,
Overproduction Percentage For Work Order,,
Overtime,,
Overtime Amount Calculation,,
Overtime Details,,
Overtime Duration,,
Overtime Duration for {0} is greater than Maximum Overtime Hours Allowed,,
Overtime Salary Component,,
Overtime Slip,,
Overtime Slip created for {0} employee(s),,
Overtime Slip Creation Error for {0},,
Overtime Slip Creation Failed,,
Overtime Slip creation is queued. It may take a few minutes,,
Overtime Slip Step,,
Overtime Slip Submission Error for {0},,
Overtime Slip Submission Failed,,
Overtime Slip submission is queued. It may take a few minutes,,
Overtime Slip Submitted,,
Overtime Slip:{0} has been created between {1} and {2},,
Overtime Slips Created,,
Overtime Slips submitted for {0} employee(s),,
Overtime Type,,
Overview,,
overwrite,,
Overwrite Salary Structure Amount,,
Overwrite Salary Structure Amount is disabled as the Salary Component: {0} not part of the Salary Structure: {1},,
Ownership,,
P&L Closing Balance,,
Package,,
Package contains disallowed link entry: {member.name},,
Package contains disallowed path entry,,
Package Import,,
Package Name,,
Package Release,,
Package Weight Details,,
Packaging Slip From Delivery Note,,
Packed Item,,
Packed Items,,
Packed Items cannot be transferred internally,,
Packed Qty,,
packed_qty,,
Packing List,,
Packing Slip,,
Packing Slip Item,,
Packing Slip(s) cancelled,,
Packing Unit,,
Page,,
Page Break,,
Page Break After Each SoA,,
Page Builder,,
Page Building Blocks,,
Page has expired!,,
Page height and width cannot be zero,,
Page HTML,,
Page Name,,
Page Number,,
Page Route,,
Page Settings,,
Page Title,,
Paid Amount,,
Paid Amount (Company Currency),,
Paid amount + Write Off Amount can not be greater than Grand Total,,
Paid Amount After Tax,,
Paid Amount After Tax (Company Currency),,
Paid Amount cannot be greater than total negative outstanding amount {0},,
Paid From Account Type,,
Paid From and Paid To accounts must be different for an Internal Transfer.,,
paid to,,
Paid To Account Type,,
Paid via Salary Slip,,
paid_amount,,
paid_amount_in_account_currency,,
Pallets,,
PAN No,,
PAN Number,,
Parameter,,
Parameter Group,,
Parameter Group Name,,
Parameter Name,,
Parameters,,
Parcel Template,,
Parcel Template Name,,
Parcel weight cannot be 0,,
Parcels,,
Parent,,
parent,,
Parent Account,,
Parent Account Missing,,
Parent Batch,,
Parent Company,,
Parent Company must be a group company,,
Parent Cost Center,,
Parent Customer Group,,
Parent Department,,
Parent Detail docname,,
Parent DocType,,
Parent Document,,
Parent Document Type,,
Parent document type is required to create a dashboard chart,,
Parent Document Type is required to create a number card,,
Parent Element Selector,,
Parent Field,,
Parent Field (Tree),,
Parent Field must be a valid fieldname,,
Parent Goal,,
Parent Icon,,
Parent is the name of the document to which the data will get added to.,,
Parent Item,,
Parent Item Group,,
Parent Item {0} must not be a Fixed Asset,,
Parent Item {0} must not be a Stock Item,,
Parent Label,,
Parent Location,,
Parent Missing,,
Parent Page,,
Parent Procedure,,
Parent Row No,,
Parent Row No not found for {0},,
Parent Sales Person,,
Parent Supplier Group,,
Parent Table,,
Parent Task,,
Parent Task {0} is not a Template Task,,
Parent Task {0} must be a Group Task,,
Parent Territory,,
Parent Warehouse,,
parent_account,,
parent_docname,,
parent_item,,
Parentfield not specified in {0}: {1},,
"Parenttype, Parent and Parentfield are required to insert a child record",,
Parsed file is not in valid MT940 format or contains no transactions.,,
Parsing Error,,
Partial,,
Partial Payment in POS Transactions are not allowed.,,
Partial Stock Reservation,,
Partial Success,,
Partially Billed,,
Partially Depreciated,,
Partially Ordered,,
Partially Paid,,
Partially Received,,
Participants,,
Partly Billed,,
Partly Claimed and Returned,,
Partner Type,,
Partner website,,
Party,,
party,,
Party Account,,
Party Account Currency,,
Party account is required to create a payment entry.,,
Party Account No. (Bank Statement),,
Party Account {0} currency ({1}) and document currency ({2}) should be same,,
Party Bank Account,,
Party can only be one of {0},,
Party Details,,
Party Full Name,,
Party IBAN (Bank Statement),,
Party ID,,
Party Information,,
Party is mandatory,,
Party is required create a payment entry.,,
Party Item Code,,
Party Link,,
Party Mismatch,,
Party Name,,
Party Name/Account Holder (Bank Statement),,
Party Not Required,,
Party Specific Item,,
Party Type,,
Party Type and Party can only be set for Receivable / Payable account<br><br>{0},,
Party Type and Party is mandatory for {0} account,,
Party Type and Party is required for Receivable / Payable account {0},,
Party Type is mandatory,,
Party type is required to create a payment entry.,,
Party User,,
party_entity_type,,
party_name,,
party_type,,
Passport Details,,
Passport Number,,
Password,,
Password changed successfully.,,
Password for Base DN,,
Password is required or select Awaiting Password,,
Password not found for {0} {1} {2},,
Password Policy,,
Password policy cannot contain spaces or simultaneous hyphens. The format will be restructured automatically,,
Password policy for Salary Slips is not set,,
Password Required,,
Password requirements not met,,
Password Reset,,
Password Reset Link Generation Limit,,
Password reset link has been sent to your email.,,
Password size exceeded the maximum allowed size,,
Password size exceeded the maximum allowed size.,,
Passwords do not match!,,
Past Due Date,,
Patch,,
Patch Log,,
Patch type {} not found in patches.txt,,
Path,,
Path to CA Certs File,,
Path to private Key File,,
Path to Server Certificate,,
Path {0} is not within module {1},,
Path {0} it not a valid path,,
Pause,,
Pause Job,,
Pay Details,,
Pay Rate Multipliers,,
Pay To / Recd From,,
Pay Via Payment Entry,,
Pay via Salary Slip,,
payable,,
Payable,,
Payable Account,,
Payables,,
Payer Settings,,
Payload Count,,
Payment,,
Payment Account,,
Payment Account is mandatory,,
Payment against {0} {1} cannot be greater than Outstanding Amount {2},,
Payment Amount,,
Payment Amount (Company Currency),,
Payment amount cannot be less than or equal to 0,,
Payment and Accounting,,
Payment Channel,,
Payment Date,,
Payment Days,,
Payment Days Calculation Help,,
Payment Days calculations are based on these Payroll Settings,,
Payment Days Dependency,,
Payment Deductions or Loss,,
Payment Document,,
Payment Document Type,,
Payment Due Date,,
Payment Entries,,
Payment Entries {0} are un-linked,,
Payment Entry already exists,,
Payment Entry Deduction,,
Payment Entry is already created,,
Payment Entry Reference,,
"Payment Entry {0} is linked against Order {1}, check if it should be pulled as advance in this invoice.",,
Payment Failed,,
Payment From / To,,
Payment Gateway,,
Payment Gateway Account,,
"Payment Gateway Account not created, please create one manually.",,
Payment Gateway Details,,
Payment Ledger,,
Payment Ledger Balance,,
Payment Ledger Entry,,
Payment Limit,,
Payment Link couldn't be sent.,,
Payment Method,,
Payment Methods,,
Payment methods are mandatory. Please add at least one payment method.,,
Payment methods refreshed. Please review before proceeding.,,
Payment Mode,,
Payment of {0} from {1} to {2},,
Payment of {0} received successfully.,,
Payment of {0} received successfully. Waiting for other requests to complete...,,
Payment Options,,
Payment Order,,
Payment Order Reference,,
Payment Order Status,,
Payment Order Type,,
Payment Period Based On Invoice Date,,
Payment Plan,,
Payment Received,,
Payment Reconciliation,,
Payment Reconciliation Allocation,,
Payment Reconciliation Invoice,,
Payment Reconciliation Job: {0} is running for this party. Can't reconcile now.,,
Payment Reconciliation Payment,,
Payment Reconciliation Settings,,
Payment Reference,,
Payment References,,
Payment related to {0} is not completed,,
Payment Request,,
Payment request failed,,
Payment Request for {0},,
Payment Request is already created,,
Payment Request Outstanding,,
Payment Request took too long to respond. Please try requesting for payment again.,,
Payment Request Type,,
Payment Requests cannot be created against: {0},,
Payment Schedule,,
Payment Schedule based Payment Requests cannot be created because a Payment Entry already exists for this document.,,
Payment Term,,
Payment Term Name,,
Payment Term Outstanding,,
Payment term {0} not used in {1},,
Payment Terms,,
Payment Terms Status for Sales Order,,
Payment Terms Template Detail,,
Payment Type,,
"Payment Type must be one of Receive, Pay and Internal Transfer",,
Payment Unlink Error,,
Payment URL,,
payment_amount,,
payment_document,,
payment_entry,,
payment_request,,
payment_term,,
Payments,,
payments app is not installed. Please install it from {} or {},,
Payments could not be updated.,,
Payments updated.,,
Payout Method,,
Payout Unclaimed Amount in Final Payroll Cycle,,
Payroll,,
Payroll Based On,,
Payroll Correction,,
Payroll Correction Child,,
Payroll Cost Center,,
Payroll Cost Centers,,
Payroll Date,,
Payroll date can not be greater than employee's relieving date.,,
Payroll date can not be less than employee's joining date.,,
Payroll date cannot be in the past. This is to ensure that claims are made for the current or future payroll cycles.,,
Payroll date is mandatory for non-recurring type additional salaries.,,
Payroll Employee Detail,,
Payroll Entry cancellation is queued. It may take a few minutes,,
Payroll Frequency,,
Payroll Info,,
Payroll Number,,
Payroll Payable,,
Payroll Payable Account,,
Payroll Period,,
Payroll Period Date,,
Payroll Periods,,
Payroll Reports,,
Payroll Settings,,
Payslip,,
PCV,,
PCV Job Timeout (seconds),,
PCV Paused,,
PCV Resumed,,
PDF,,
PDF generation failed,,
PDF generation failed because of broken image links,,
PDF Generation in Progress,,
PDF generation may not work as expected.,,
PDF Generator,,
PDF Name,,
PDF Page Height (in mm),,
PDF Page Size,,
PDF Page Width (in mm),,
"PDF printing via ""Raw Print"" is not supported.",,
PDF Settings,,
PDF statement support requires the 'pdfplumber' library to be installed.,,
PDF Tables,,
Peak Memory Usage,,
peak_memory_usage,,
Pegged Against,,
Pegged Currencies,,
Pegged Currency Details,,
Pending activities for today,,
Pending Amount,,
Pending Asset Returns,,
Pending Emails,,
Pending FnF,,
Pending Interviews,,
Pending Jobs,,
Pending processing,,
Pending Qty,,
Pending Quantity,,
Pending quantity cannot be greater than the for quantity.,,
Pending Quantity cannot be greater than {0},,
Pending Quantity cannot be less than 0,,
Pending quantity cannot be negative.,,
Pending Questionnaires,,
Pending SO Items For Purchase Request,,
Pending Work Order,,
pending_amount,,
pending_qty,,
Per Received,,
Per Transferred,,
Per-Company Accounts,,
Percent,,
Percent Deduction,,
Percent of CTC (%),,
Percentage (%),,
Percentage Allocation,,
Percentage Allocation should be equal to 100%,,
Perception Analysis,,
Performance,,
performing either one below:,,
Period,,
Period Based On,,
Period Closed,,
Period Closing Entry For Current Period,,
Period Closing Voucher,,
Period Closing Voucher {0} GL Entry Cancellation Failed,,
Period Closing Voucher {0} GL Entry Processing Failed,,
Period Details,,
Period End Date,,
Period End Date cannot be greater than Fiscal Year End Date,,
Period Name,,
Period Score,,
Period Settings,,
Period Start Date,,
Period Start Date cannot be greater than Period End Date,,
Period Start Date must be {0},,
Period To Date,,
Period_from_date,,
Periodic Accounting,,
Periodic Accounting Entry is not allowed for company {0} with perpetual inventory enabled,,
Periodic Entry Difference Account,,
Periodicity,,
Perm Level,,
Permanent Address,,
Permanent Address Is,,
Permanently cancel {0},,
Permanently submit {0},,
Permission,,
Permission Denied,,
Permission Error,,
Permission Inspector,,
Permission Level,,
Permission Levels,,
Permission Log,,
Permission Manager,,
Permission Rules,,
Permission Type,,
Permission Type '{0}' is reserved. Please choose another name.,,
Permissions,,
Permissions are automatically applied to Standard Reports and searches.,,
"Permissions are set on Roles and Document Types (called DocTypes) by setting rights like Read, Write, Create, Delete, Submit, Cancel, Amend, Report, Import, Export, Print, Email and Set User Permissions.",,
Permissions at higher levels are Field Level permissions. All Fields have a Permission Level set against them and the rules defined at that permissions apply to the field. This is useful in case you want to hide or make certain field read-only for certain Roles.,,
"Permissions at level 0 are Document Level permissions, i.e. they are primary for access to the document.",,
Permissions Error,,
Permissions get applied on Users based on what Roles they are assigned.,,
Permitted Documents For User,,
Permitted Roles,,
Perpetual inventory required for the company {0} to view this report.,,
Personal Data Deletion Request,,
Personal Data Deletion Step,,
Personal Data Download Request,,
Personal Details,,
Personal Email,,
Personalizing your setup,,
PF Account,,
PF Amount,,
PF Loan,,
Phantom BOM cannot be created for stock item {0}.,,
Phantom Item,,
Pharmaceutical,,
Phone,,
Phone Ext.,,
Phone No,,
Phone No.,,
Phone Number,,
Phone Number {0} set in field {1} is not valid.,,
pi_item_group,,
pi_item_name,,
Pick List,,
Pick List Incomplete,,
Pick List Item,,
Pick Manually,,
Pick Serial / Batch,,
Pick Serial / Batch Based On,,
Pick Serial / Batch No,,
Picked Qty,,
Picked Qty (in Stock UOM),,
picked_qty,,
Pickup Contact Person,,
Pickup Date,,
Pickup Date cannot be before this day,,
Pickup from,,
Pickup From,,
Pickup to,,
Pickup To time should be greater than Pickup From time,,
Pickup Type,,
PID,,
Piecework,,
PIN,,
Pincode,,
Pipeline By,,
Place of Issue,,
Placeholder,,
Plaid Access Token,,
Plaid Client ID,,
Plaid Environment,,
Plaid Link Failed,,
Plaid Link Refresh Required,,
Plaid Link Updated,,
Plaid Secret,,
Plaid Settings,,
Plaid transactions sync error,,
Plan,,
Plan Name,,
Planned,,
Planned End Date,,
Planned End Date cannot be before Planned Start Date,,
Planned End Time,,
Planned number of Positions,,
Planned Operating Cost,,
Planned Purchase Order,,
Planned Qty,,
"Planned Qty: Quantity, for which, Work Order has been raised, but is pending to be manufactured.",,
Planned Quantity,,
Planned Start Date,,
Planned Start Time,,
Planned Work Order,,
planned_qty,,
Planning,,
Plans,,
Plant Dashboard,,
Plant Floor,,
Plants and Machineries,,
Please add 'Supplier' role to user {0}.,,
Please add a subject to your email,,
Please add a Temporary Opening account in Chart of Accounts,,
Please add a valid Holiday List on Appointment Booking Settings.,,
Please add an account for the Bank Entry rule.,,
Please add atleast one user on Allowed Users to allow Data Synchronization from Frappe CRM site.,,
Please add Mode of payments and opening balance details.,,
Please add Operations first.,,
Please add Request for Quotation to the sidebar in Portal Settings.,,
Please add Root Account for - {0},,
Please add the account to root level Company - {0},,
Please add the account to root level Company - {},,
Please add the Bank Account column,,
Please add {1} role to user {0}.,,
Please adjust the qty or edit {0} to proceed.,,
Please ask your administrator to verify your sign-up,,
Please assign a Salary Structure for Employee {0} applicable from or before {1} first,,
Please attach an image file to set HTML for Footer.,,
Please attach an image file to set HTML for Letter Head.,,
Please attach CSV file,,
Please attach the package,,
Please Authorize OAuth for Email Account {0},,
Please Authorize OAuth for Email Account {},,
Please cancel and amend the Payment Entry,,
Please cancel payment entry manually first,,
Please cancel related transaction.,,
Please capitalize this asset before submitting.,,
Please check either with operations or FG Based Operating Cost.,,
Please check Multi Currency option to allow accounts with other currency,,
Please check Process Deferred Accounting {0} and submit manually after resolving errors.,,
Please check the 'Activate Serial and Batch No for Item' checkbox in the {0} to make Serial and Batch Bundle for the item.,,
Please check the error message and take necessary actions to fix the error and then restart the reposting again.,,
Please check the filter values set for Dashboard Chart: {},,
"Please check the value of ""Fetch From"" set for field {0}",,
Please check your email for verification,,
Please check your email login credentials.,,
Please check your email to confirm the appointment,,
Please check your email to confirm the appointment.,,
Please check your Plaid client ID and secret values,,
Please check your registered email address for instructions on how to proceed. Do not close this window as you will have to return to it.,,
Please click Edit on the Workspace for best results,,
"Please click on 'Export Errored Rows', fix the errors and import again.",,
Please click on 'Generate Schedule',,
Please click on 'Generate Schedule' to fetch Serial No added for Item {0},,
Please click on 'Generate Schedule' to get schedule,,
Please click on the following link and follow the instructions on the page. {0},,
Please complete the job first before entering Pending Quantity,,
Please configure accounts for the Bank Entry rule.,,
Please contact any of the following users to extend the credit limits for {0}: {1},,
Please contact any of the following users to {} this transaction.,,
Please contact your administrator to extend the credit limits for {0}.,,
Please contact your system manager to install correct version.,,
Please convert the parent account in corresponding child company to a group account.,,
Please create a new Accounting Dimension if required.,,
Please create a new {0} for the date {1} first.,,
Please create Card first,,
Please create chart first,,
Please create Customer from Lead {0}.,,
Please create Landed Cost Vouchers against Invoices that have 'Update Stock' enabled.,,
Please create purchase from internal sale or delivery document itself,,
Please create purchase receipt or purchase invoice for the item {0},,
"Please delete Product Bundle {0}, before merging {1} into {2}",,
Please delete the Employee {0} to cancel this document,,
Please delete the field from {0} or add the required doctype.,,
Please disable workflow temporarily for Journal Entry {0},,
Please do not book expense of multiple assets against one single Asset.,,
Please do not change the template headings.,,
Please do not create more than 500 items at a time,,
Please duplicate this to make changes,,
Please Duplicate this Website Theme to customize.,,
Please enable Applicable on Booking Actual Expenses,,
Please enable Applicable on Purchase Order and Applicable on Booking Actual Expenses,,
Please enable atleast one Social Login Key or LDAP or Login With Email Link before disabling username/password based login.,,
Please Enable Auto Attendance and complete the setup first.,,
Please enable default incoming account before creating Daily Work Summary Group,,
Please enable only if the understand the effects of enabling this.,,
Please enable pop-ups,,
Please enable Use Old Serial / Batch Fields to make_bundle,,
Please enable {0} in the {1}.,,
Please enable {} before continuing.,,
Please enable {} in {} to allow same item in multiple rows,,
Please ensure that the {0} account is a Balance Sheet account. You can change the parent account to a Balance Sheet account or select a different account.,,
Please ensure that the {0} account {1} is a Payable account. You can change the account type to Payable or select a different account.,,
Please ensure that your profile has an email address,,
Please ensure {} account is a Balance Sheet account.,,
Please ensure {} account {} is a Receivable account.,,
Please enter <b>Difference Account</b> or set default <b>Stock Adjustment Account</b> for company {0},,
Please enter a valid email address,,
Please enter a valid number of deliveries,,
Please enter a valid quantity,,
Please enter a valid Write Off Account,,
Please enter a valid Write Off Cost Center,,
Please enter Access Token URL,,
Please enter Account for Change Amount,,
Please enter Approving Role or Approving User,,
Please enter at least one delivery date and quantity,,
Please enter Authorize URL,,
Please enter Base URL,,
Please enter Batch No,,
Please enter Client ID before social login is enabled,,
Please enter Client Secret before social login is enabled,,
Please enter company name first,,
Please enter Cost Center,,
Please enter default currency in Company Master,,
Please enter Delivery Date,,
Please enter Employee Id of this sales person,,
Please enter Expense Account,,
Please enter Item Code to get Batch Number,,
Please enter Item first,,
Please enter Maintenance Details first,,
Please enter message before sending,,
Please enter mobile number first.,,
Please enter OpenID Configuration URL,,
Please enter parent cost center,,
Please enter Planned Qty for Item {0} at row {1},,
Please enter Production Item first,,
Please enter Purchase Receipt first,,
Please enter Receipt Document,,
Please enter Redirect URL,,
Please enter Reference date,,
Please enter relieving date.,,
Please enter Root Type for account- {0},,
Please enter Serial No,,
Please enter serial nos,,
Please enter Shipment Parcel information,,
Please enter the company name to confirm,,
Please enter the designation,,
Please enter the first delivery date,,
Please enter the phone number first,,
Please enter the {schedule_date}.,,
Please enter valid mobile nos,,
Please enter Warehouse and Date,,
Please enter Write Off Account,,
Please enter your email address,,
Please enter {0},,
Please fill all fields,,
"Please fill in Employee, Posting Date, and Company before fetching overtime details.",,
Please fill the Material Requests table,,
Please fill the Sales Orders table,,
Please fill up the Availability of Slots table to enable Appointment Scheduling.,,
Please find attached {0}: {1},,
"Please first set Full Name, Email and Phone for the user",,
Please fix overlapping time slots for {0},,
Please fix overlapping time slots for {0}.,,
Please generate the To Delete list before submitting,,
Please generate To Delete list before submitting,,
Please import accounts against parent company or enable {} in company master.,,
Please Install the ldap3 library via pip to use ldap functionality.,,
Please login to post a comment.,,
Please make sure the employees above report to another Active employee.,,
Please make sure the file you are using has 'Parent Account' column present in the header.,,
Please make sure the Reference Communication Docs are not circularly linked.,,
Please make sure you really want to delete all the transactions for {0}. Your master data will remain as it is. This action cannot be undone.,,
Please mention 'Weight UOM' along with Weight.,,
Please mention '{0}' in Company: {1},,
Please mention no of visits required,,
Please mention the Current and New BOM for replacement.,,
Please pull items from Delivery Note,,
Please rectify and try again.,,
Please reduce {0} to avoid shift time overlapping with itself,,
Please refresh or reset the Plaid linking of the Bank {}.,,
Please refresh to get the latest document.,,
Please remove the printer mapping in Printer Settings and try again.,,
"Please Restock Items and Update the Pick List to continue. To discontinue, cancel the Pick List.",,
Please save before proceeding.,,
Please save first,,
Please save the form before previewing the message,,
Please save the Sales Order before adding a delivery schedule.,,
Please save to edit the template.,,
Please see attachment,,
Please select <b>Template Type</b> to download template,,
Please select a BOM,,
Please Select a Company,,
Please select a Company,,
Please select a Company first.,,
Please select a company.,,
Please Select a Company.,,
Please select a country,,
Please select a country code for field {1}.,,
Please Select a Customer,,
Please select a Customer,,
Please select a customer for fetching payments.,,
Please select a date,,
Please select a date and time,,
Please select a date.,,
Please select a default mode of payment,,
Please select a Delivery Note,,
Please select a field to edit from numpad,,
Please select a file or url,,
Please select a frequency for delivery schedule,,
Please select a Holiday List to enable Appointment Scheduling.,,
Please select a row to create a Reposting Entry,,
Please select a Subcontracting Purchase Order.,,
Please Select a Supplier,,
Please select a Supplier,,
Please select a supplier for fetching payments.,,
Please select a valid csv file with data,,
Please select a valid date filter,,
Please select a valid Purchase Order that has Service Items.,,
Please select a valid Purchase Order that is configured for Subcontracting.,,
Please select a valid {0},,
Please select a value for {0} quotation_to {1},,
Please select a warehouse first.,,
Please select a Work Order first.,,
Please select an Applicant,,
Please select an item code before setting the warehouse.,,
Please select applicable Doctypes,,
Please select Apply Discount On,,
Please select at least one attribute value,,
Please select at least one employee to perform this action.,,
"Please select at least one filter: Item Code, Batch, or Serial No.",,
Please select at least one item to update delivered quantity.,,
Please select at least one row to fix,,
Please select at least one row with difference value,,
Please select at least one Shift Request to perform this action.,,
Please select atleast 1 column from {0} to sort/group,,
Please select atleast one item to continue,,
Please select atleast one operation to create Job Card,,
Please select Bank Account,,
Please select BOM against item {0},,
Please select BOM for Item in Row {0},,
Please select BOM in BOM field for Item {item_code}.,,
Please select Category first,,
Please select Charge Type first,,
Please select Company,,
Please select Company and Designation,,
Please select Company and Posting Date to getting entries,,
Please Select Company First,,
Please select Company first,,
Please select company.,,
Please select Completion Date for Completed Asset Maintenance Log,,
Please select correct account,,
Please select Customer first,,
Please select date,,
Please select DocType first,,
Please select Document Type first.,,
Please select either the Item or Warehouse or Warehouse Type filter to generate the report.,,
Please select Employee,,
Please select employee first,,
Please select Employee first.,,
Please select employees to create appraisals for,,
Please select Entity Type first,,
Please select Existing Company for creating Chart of Accounts,,
Please select Filter Based On,,
Please select Finished Good Item for Service Item {0},,
Please select From Date and Payroll Frequency first,,
Please select half day attendance status.,,
Please select item code,,
Please select Item Code first,,
Please select items to reserve.,,
Please select items to unreserve.,,
Please select Maintenance Status as Completed or remove Completion Date,,
Please select Minimum Password Score,,
Please select month and year.,,
Please select only one row to create a Reposting Entry,,
Please select Party Type first,,
Please select Periodic Accounting Entry Difference Account,,
Please select Posting Date before selecting Party,,
Please select Posting Date first,,
Please select prefix first,,
Please select Price List,,
Please select Qty against item {0},,
Please select rows to create Reposting Entries,,
Please select Sample Retention Warehouse in Stock Settings first,,
Please select Serial/Batch Nos to reserve or change Reservation Based On to Qty.,,
Please select Start Date and End Date for Item {0},,
Please select Stock Asset Account,,
Please select Subcontracting Order instead of Purchase Order {0},,
Please select the Appraisal Cycle first.,,
Please select the attendance status.,,
Please select the Company,,
Please select the customer.,,
Please select the document type first,,
Please select the document type first.,,
Please select the Document Type.,,
Please select the employees you want to mark attendance for.,,
Please select the Multiple Tier Program type for more than one collection rules.,,
Please select the required filters,,
Please select the salary slips to email,,
Please select the Warehouse first,,
Please select Unrealized Profit / Loss account or add default Unrealized Profit / Loss account account for company {0},,
Please select valid document type.,,
Please select weekly off day,,
Please select {0},,
Please select {0} first,,
"Please set ""Default Payroll Payable Account"" in Company Defaults",,
Please set 'Asset Depreciation Cost Center' in Company {0},,
Please set 'Gain/Loss Account on Asset Disposal' in Company {0},,
Please set '{0}' in Company: {1},,
Please set a Company,,
Please set a Cost Center for the Asset or set an Asset Depreciation Cost Center for the Company {},,
Please set a date range less than 90 days.,,
Please set a default Holiday List for Company {0},,
Please set a default Holiday List for Employee {0} or Company {1},,
Please set a primary email ID for the Contact {0},,
Please set a printer mapping for this print format in the Printer Settings,,
Please set Account,,
Please set Account for Change Amount,,
Please set account in Salary Component {0},,
Please set account in Warehouse {0},,
Please set Account in Warehouse {0} or Default Inventory Account in Company {1},,
Please set Accounting Dimension {} in {},,
Please set actual demand or sales forecast to generate Material Requirements Planning Report.,,
Please set an Address on the Company '%s',,
Please set an email id for the Lead {0},,
Please set an Expense Account in the Items table,,
Please set at least one row in the Taxes and Charges Table,,
Please set Basic and HRA component in Company {0},,
Please set both the Tax ID and Fiscal Code on Company {0},,
Please set Company,,
Please set cost to company(CTC) for employee {0} in the {1},,
Please set Customer Address to determine if the transaction is an export.,,
Please set default Cash or Bank account in Mode of Payment {0},,
Please set default Cash or Bank account in Mode of Payment {},,
Please set default Cash or Bank account in Mode of Payments {},,
Please set default cost of goods sold account in company {0} for booking rounding gain and loss during stock transfer,,
Please set default Exchange Gain/Loss Account in Company {},,
Please set default Expense Account in Company {0},,
"Please set default inventory account for item {0}, or their item group or brand.",,
Please set default template for Leave Approval Notification in HR Settings.,,
Please set default template for Leave Status Notification in HR Settings.,,
Please set default UOM in Stock Settings,,
Please set default {0} in Company {1},,
Please set Depreciation related Accounts in Asset Category {0} or Company {1},,
Please set Earning Component for Leave type: {0}.,,
Please set Email Address,,
Please set Email/Phone for the contact,,
Please set employee's total cost to company to see CTC breakup.,,
Please set filter based on Item or Warehouse,,
Please set filters,,
Please set filters value in Report Filter table.,,
Please set Fiscal Code for the customer '%s',,
Please set Fiscal Code for the public administration '%s',,
Please set Fixed Asset Account in Asset Category {0},,
Please set Fixed Asset Account in {} against {}.,,
Please set one of the following:,,
Please set opening number of booked depreciations,,
Please set Parent Row No for item {0},,
Please set Payroll based on in Payroll settings,,
Please Set Priority,,
Please set Relieving Date for employee: {0},,
Please set Root Type,,
Please Set Supplier Group in Buying Settings.,,
Please set Tax ID for the customer '%s',,
Please set the Advance Account {0} or in {1},,
Please set the Appraisal Template for all the {0} or select the template in the Employees table below.,,
Please set the Company,,
Please set the cost center field in {0} or setup a default Cost Center for the Company.,,
Please set the Customer Address,,
Please set the Date Of Joining for employee {0},,
Please set the date range.,,
Please set the Default Cost Center in {0} company.,,
Please set the document name,,
Please set the Holiday List.,,
Please set the Item Code first,,
Please set the relieving date for employee {0},,
Please set the series to be used.,,
Please set the Target Warehouse in the Job Card,,
Please set the WIP Warehouse in the Job Card,,
Please set Unrealized Exchange Gain/Loss Account in Company {0},,
Please set up the Campaign Schedule in the Campaign {0},,
"Please set Vat Accounts for Company: ""{0}"" in UAE VAT Settings",,
Please set VAT Accounts in {0},,
Please set {0},,
Please set {0} and {1} in {2}.,,
Please set {0} for address {1},,
"Please set {0} for Batched Item {1}, which is used to set {2} on Submit.",,
Please set {0} for Employee {1},,
Please set {0} for the Employee: {1},,
Please set {0} in BOM Creator {1},,
Please set {0} in Company {1} or in the Item Defaults of Item {2},,
Please set {0} in Company {1} to account for Exchange Gain / Loss,,
Please set {0} to get CTC report,,
"Please set {0} to {1}, the same account that was used in the original invoice {2}.",,
Please set {0}.,,
Please setup a message first,,
Please setup and enable a group account with the Account Type - {0} for the company {1},,
Please setup default outgoing Email Account from Settings > Email Account,,
Please setup default outgoing Email Account from Tools > Email Account,,
Please setup Employee Naming System in Human Resource > HR Settings,,
"Please setup SMS before setting it as an authentication method, via SMS Settings",,
Please share this email with your support team so that they can find and fix the issue.,,
Please specify a valid parent DocType for {0},,
Please specify a valid Row ID for row {0} in table {1},,
Please Specify Account,,
Please specify at least 10 minutes due to the trigger cadence of the scheduler,,
Please specify at least one attribute in the Attributes table,,
Please specify Company,,
Please specify Company to proceed,,
Please specify either Quantity or Valuation Rate or both,,
Please specify from/to range,,
Please specify the field from which to attach files,,
Please specify the job applicant to be updated.,,
Please specify the minutes offset,,
Please specify which date field must be checked,,
Please specify which datetime field must be checked,,
Please specify which value field must be checked,,
"Please specify {0} and {1} (if any), for the correct tax calculation in future salary slips.",,
Please submit the {0} before marking the cycle as Completed,,
Please try again in an hour.,,
Please uncheck 'Show in Bucket View' to create Orders,,
Please update Repair Status.,,
Please Update SMS Settings,,
Please update {} before continuing.,,
Please use a valid LDAP search filter,,
Please visit https://frappecloud.com/docs/sites/migrate-an-existing-site#encryption-key for more information.,,
PO Supplied Item,,
Point of Sale,,
Point-of-Sale Profile,,
Policy,,
Policy No,,
Policy number,,
Policy URI,,
POP3 OAuth authentication failed for Email Account {0},,
Popover Element,,
Popover or Modal Description,,
Port,,
Portal Menu,,
Portal Menu Item,,
Portal Settings,,
Portal User,,
Portal Users,,
portal_user,,
POS,,
POS Additional Fields,,
POS Closed,,
POS Closing Entry,,
POS Closing Entry Detail,,
POS Closing Entry Taxes,,
POS Closing Failed,,
POS Closing failed while running in a background process. You can resolve the {0} and retry the process again.,,
POS Configurations,,
POS Customer Group,,
POS Field,,
POS has been closed at {0}. Please refresh the page.,,
POS Invoice,,
POS Invoice is already consolidated,,
POS Invoice is not submitted,,
POS Invoice isn't created by user {},,
POS Invoice Item,,
POS Invoice Merge Log,,
POS Invoice Reference,,
POS Invoice should have the field {0} checked.,,
POS invoice {0} created successfully,,
POS Invoices,,
POS Invoices can't be added when Sales Invoice is enabled,,
POS Invoices will be consolidated in a background process,,
POS Invoices will be unconsolidated in a background process,,
POS Item Details,,
POS Item Group,,
POS Item Selector,,
POS Opening Entry,,
POS Opening Entry - {0} is outdated. Please close the POS and create a new POS Opening Entry.,,
POS Opening Entry Cancellation Error,,
POS Opening Entry Cancelled,,
POS Opening Entry cannot be cancelled as unconsolidated Invoices exists.,,
POS Opening Entry Detail,,
POS Opening Entry Exists,,
POS Opening Entry has been cancelled. Please refresh the page.,,
POS Opening Entry Missing,,
POS Payment Method,,
POS Profile,,
POS Profile - {0} has multiple open POS Opening Entries. Please close or cancel the existing entries before proceeding.,,
POS Profile - {0} is currently open. Please close the POS or cancel the existing POS Opening Entry before cancelling this POS Closing Entry.,,
POS Profile doesn't match {},,
POS Profile is mandatory to mark this invoice as POS Transaction.,,
POS Profile required to make POS Entry,,
POS Profile User,,
POS Profile {0} cannot be disabled as there are ongoing POS sessions.,,
POS Profile {} contains Mode of Payment {}. Please remove them to disable this mode.,,
POS Profile {} does not belong to company {},,
POS Profile {} does not exist.,,
POS Profile {} is disabled.,,
POS Register,,
POS Search Fields,,
POS Settings,,
POS Transactions,,
Position,,
Possible Supplier,,
Post Description Key,,
Post Route Key,,
Post Route Key List,,
Post Route String,,
Post Title Key,,
Postal Expenses,,
Posted On,,
Posting Date,,
Posting date,,
Posting date and posting time is mandatory,,
Posting Date cannot be future date,,
Posting Date inheritance for exchange gain / loss,,
Posting date is required,,
Posting Datetime,,
Posting Time,,
Posting Timestamp,,
Posting timestamp must be after {0},,
posting_date,,
posting_datetime,,
Pre Sales,,
Precision,,
Precision ({0}) for {1} cannot be greater than its length ({2}).,,
Precision should be between 1 and 6,,
Predictable substitutions like '@' instead of 'a' don't help very much.,,
Prefer not to say,,
Preference,,
Preferred Area for Lodging,,
Preferred Billing Address,,
Preferred Contact Email,,
Preferred Email,,
Preferred Language,,
Preferred Shipping Address,,
Prefix,,
Prepaid Expenses,,
Prepared Report,,
Prepared Report Analytics,,
Prepared report render failed,,
Present Records,,
"Presentation Currency cannot be {frappe.bold(filters[""presentation_currency""])} , When {frappe.bold(""Show Credit / Debit in Company Currency"")} is enabled.",,
Prevdoc DocType,,
Prevent Duplicate Applications,,
Prevent POs,,
Prevent Purchase Orders,,
Prevent RFQs,,
Prevent Sales Invoice when Customer is Overdue,,
Prevent self approval for expense claims even if user has permissions,,
Prevent self approval for leaves even if user has permissions,,
Preventive Action,,
Preview,,
Preview Email,,
Preview HTML,,
Preview Message,,
Preview of generated names,,
Preview Required Materials,,
Preview Salary Slip,,
Preview:,,
Previous Financial Year is not closed,,
Previous Qty,,
Previous Work Experience,,
"Previous Year is not closed, please close it first",,
Price,,
Price ({0}),,
Price Discount Scheme,,
Price Discount Slabs,,
Price is not set for the item.,,
Price List & Currency,,
Price List Country,,
Price List Currency,,
Price List Currency not selected,,
Price List Defaults,,
Price List Exchange Rate,,
Price List must be applicable for Buying or Selling,,
Price List Name,,
Price List Rate,,
Price List Rate (Company Currency),,
Price List {0} is disabled or does not exist,,
Price List {0} is not enabled for {1},,
Price not found for item {0} in price list {1},,
Price Not UOM Dependent,,
Price or Product Discount,,
Price or product discount slabs are required,,
Price per Unit (Stock UOM),,
Price Per Unit ({0}),,
price_list_name,,
Prices HTML,,
Pricing,,
Pricing Rule Brand,,
Pricing Rule Detail,,
Pricing Rule Help,,
"Pricing Rule is first selected based on 'Apply On' field, which can be Item, Item Group or Brand.",,
"Pricing Rule is made to overwrite Price List / define discount percentage, based on some criteria.",,
Pricing Rule Item Code,,
Pricing Rule Item Group,,
Pricing Rule {0} is updated,,
Pricing Rules,,
Pricing Rules are further filtered based on quantity.,,
Primary Action Label,,
Primary Action URL,,
Primary Address,,
Primary Address and Contact,,
Primary Address Preview,,
Primary Color,,
Primary Contact,,
Primary Contact Email,,
Primary key of doctype {0} can not be changed as there are existing values.,,
Primary Party,,
Primary Role,,
Primary Settings,,
Principal Amount,,
Print and Stationery,,
Print Format Builder,,
Print Format Builder Beta,,
Print Format Error,,
Print Format Field Template,,
Print Format For,,
Print Format Help,,
Print Format must be an enabled Report Print Format matching the selected Report.,,
Print Format Type,,
Print Format Type should be Jinja.,,
Print Format {0} is disabled,,
Print Heading,,
Print Hide,,
Print Hide If No Value,,
Print IRS 1099 Forms,,
Print Language,,
Print Preferences,,
Print Receipt,,
Print Receipt on Order Complete,,
Print Server,,
Print settings updated in respective print format,,
Print Style,,
Print Style Name,,
Print Style Preview,,
Print taxes with zero amount,,
Print UOM after Quantity,,
Print Width,,
Print with letterhead,,
Print Without Amount,,
Printed on {0},,
Printed On {0},,
Printer,,
Printer Mapping,,
Printer mapping not set.,,
Printer Name,,
Printer Settings,,
Printing,,
Printing Details,,
Printing failed,,
Printing Settings,,
Priorities,,
Priority,,
priority,,
Priority cannot be lesser than 1.,,
Priority has been changed to {0}.,,
Priority is mandatory,,
Priority {0} has been repeated.,,
Private,,
Private Files (MB),,
Probability,,
Probability (%),,
Probationary Period,,
Problem,,
Procedure,,
Proceed,,
Process Attendance After,,
Process Deferred Accounting,,
Process Description,,
Process in Single Transaction,,
Process Loss,,
Process Loss %,,
Process loss booked against the operations of this work order.,,
Process Loss Percentage cannot be greater than 100,,
Process Loss Qty,,
Process Loss Quantity,,
Process Loss Quantity cannot be greater than {0},,
Process loss quantity cannot be negative.,,
Process Loss Report,,
Process Loss Value,,
Process Owner,,
Process Owner Full Name,,
Process Payment Reconciliation,,
Process Payment Reconciliation Log,,
Process Payment Reconciliation Log Allocations,,
Process Payroll Accounting Entry based on Employee,,
Process Period Closing Voucher,,
Process Period Closing Voucher Detail,,
Process Requests,,
Process Subscription,,
Process {0} Shift Request(s) as <b>{1}</b>?,,
process_loss_qty,,
Processed BOMs,,
Processes,,
Processing Date,,
Processing import...,,
Processing of Shift Requests has been queued. It may take a few minutes.,,
Processing Requests,,
Processing Requests...,,
Processing XML Files,,
Processing...,,
processlist,,
Procurement,,
Procurement Tracker,,
Produce Qty,,
Produced / Received Qty,,
Produced Qty,,
Produced Quantity,,
produced_qty,,
Product Bundle,,
Product Bundle Balance,,
Product Bundle Component,,
Product Bundle Help,,
Product Bundle Item,,
Product Bundle Parent,,
Product Discount Scheme,,
Product Discount Slabs,,
Product Price ID,,
Production,,
Production Analytics,,
Production Capacity,,
Production Item,,
Production Item Info,,
Production Plan Already Submitted,,
Production Plan Item,,
Production Plan Item Reference,,
Production Plan Material Request,,
Production Plan Material Request Warehouse,,
Production Plan Qty,,
Production Plan Quantity Exceeded,,
Production Plan Sales Order,,
Production Plan Sub Assembly Item,,
Production Plan Summary,,
Production Planning Report,,
production_item,,
production_item_name,,
Products,,
Prof,,
Professional Tax Deductions,,
Proficiency,,
Profile,,
Profile Picture,,
Profit,,
Profit & Loss,,
Profit and Loss,,
Profit and Loss Statement,,
Profit and Loss Statement requires {0} to be synced to DuckDB,,
Profit and Loss Summary,,
Profit for the year,,
Profit This Year,,
Profitability,,
Profitability Analysis,,
Progress,,
Progress % for a task cannot be more than 100.,,
Progress (%),,
Project activity / task.,,
Project Collaboration Invitation,,
Project Id,,
Project master.,,
Project Name,,
Project Profitability,,
Project Start Date,,
Project Status,,
Project Summary,,
Project Summary for {0},,
Project Template,,
Project Template Task,,
Project Type,,
Project Update,,
Project Update.,,
Project User,,
Project Value,,
Project wise Stock Tracking,,
Project-wise data is not available for Quotation,,
project_name,,
Projected On Hand,,
Projected Qty,,
Projected Quantity,,
Projected Quantity Formula,,
projected_qty,,
Projects,,
Projects Settings,,
Promotion Date,,
Promotional Scheme,,
Promotional Scheme Id,,
Promotional Scheme Price Discount,,
Promotional Scheme Product Discount,,
Promotions (This Month),,
Prompt Qty,,
Property,,
Property already added,,
Property Depends On,,
Property Setter,,
Property Type,,
Proposal Writing,,
Proposal/Price Quote,,
Prorate,,
Prospect,,
Prospect Lead,,
Prospect Opportunity,,
Prospect Owner,,
Prospect {0} already exists,,
Prospecting,,
Prospects Engaged But Not Converted,,
Protect Attached Files,,
Protected DocType,,
Protected File,,
Provident Fund Deductions,,
Provider,,
Provider Name,,
Provisional Account,,
Provisional Expense Account,,
Provisional Profit / Loss (Credit),,
Psoa Cost Center,,
Psoa Project,,
Public,,
Public Files (MB),,
Public Holiday Multiplier,,
Public Policy URL must start with https://,,
Publish,,
Publish Applications Received,,
Publish Date,,
Publish on website,,
Publish Salary Range,,
Published,,
Published Date,,
Published Web Forms,,
Published Web Pages,,
Publisher,,
Publisher ID,,
Publishing Dates,,
Pull Emails,,
Pull from Google Calendar,,
Pull from Google Contacts,,
Pulled from Google Calendar,,
Pulled from Google Contacts,,
Pulling emails...,,
Purchase,,
Purchase Amount,,
Purchase Analytics,,
Purchase Date,,
Purchase Defaults,,
Purchase Details,,
Purchase Expense,,
Purchase Expense Account,,
Purchase Expense Contra Account,,
Purchase Expense for Item {0},,
Purchase Invoice Advance,,
Purchase Invoice can be held after submitting.,,
Purchase Invoice cannot be made against an existing asset {0},,
Purchase Invoice Item,,
Purchase Invoice Settings,,
Purchase Invoice Trends,,
Purchase Invoice without any outstanding amount cannot be held.,,
Purchase Invoices,,
Purchase Order already created for all Sales Order items,,
Purchase Order Amount,,
Purchase Order Amount(Company Currency),,
Purchase Order Analysis,,
Purchase Order Date,,
Purchase Order Item,,
Purchase Order Item reference is missing in Subcontracting Receipt {0},,
Purchase Order Item Supplied,,
Purchase Order number required for Item {0},,
Purchase Order Pricing Rule,,
Purchase Order Required,,
Purchase Order Required for item {},,
Purchase Order Trends,,
Purchase Order {0} created,,
Purchase Order {0} is not submitted,,
Purchase Orders,,
Purchase Orders are not allowed for {0} due to a scorecard standing of {1}.,,
Purchase Orders Count,,
Purchase orders help you plan and follow up on your purchases,,
Purchase Orders Items Overdue,,
Purchase Orders to Bill,,
Purchase Orders to Receive,,
Purchase Orders {0} are un-linked,,
Purchase Price List,,
Purchase Receipt Detail,,
Purchase Receipt doesn't have any Item for which Retain Sample is enabled.,,
Purchase Receipt Item,,
Purchase Receipt Item Supplied,,
Purchase Receipt No,,
Purchase Receipt Required,,
Purchase Receipt Required for item {},,
Purchase Receipt Trends,,
Purchase Receipt {0} created.,,
Purchase Receipt {0} is not submitted,,
Purchase Register,,
Purchase Return,,
Purchase Tax Template,,
Purchase Tax Withholding Category,,
Purchase Taxes and Charges,,
Purchase Taxes and Charges Template,,
Purchase Time,,
Purchase Value,,
Purchase Voucher No,,
Purchase Voucher Type,,
purchase_order,,
Purchases,,
Purchasing,,
Purpose,,
Purpose & Amount,,
Purpose must be one of {0},,
Purposes,,
Purposes Required,,
Push Notification,,
Push Notification permission denied,,
Push Notification Settings,,
Push Notifications,,
Push notifications disabled,,
Push notifications have been disabled on your site,,
Push to Google Calendar,,
Push to Google Contacts,,
Put on Hold,,
Putaway Rule,,
Putaway Rule already exists for Item {0} in Warehouse {1}.,,
Pwa Notification,,
Qty,,
qty,,
Qty (As per BOM),,
Qty (Company),,
Qty (in Stock UOM),,
Qty (Warehouse),,
Qty After Transaction,,
Qty and Rate,,
Qty as Per Stock UOM,,
Qty as per Stock UOM,,
Qty Change,,
Qty Consumed Per Unit,,
Qty for {0},,
Qty In Stock,,
Qty in Stock UOM,,
Qty left for a later cycle or for another job card.,,
Qty of Finished Goods Item,,
Qty of Finished Goods Item should be greater than 0.,,
Qty Per Unit,,
"Qty scrapped in this cycle, nobody will produce it.",,
Qty to Be Consumed,,
Qty to Bill,,
Qty to Build,,
Qty to Deliver,,
Qty to Disassemble,,
Qty To Manufacture,,
"Qty To Manufacture ({0}) cannot be a fraction for the UOM {2}. To allow this, disable '{1}' in the UOM {2}.",,
Qty To Manufacture in the job card cannot be greater than Qty To Manufacture in the work order for the operation {0}. <br><br><b>Solution: </b> Either you can reduce the Qty To Manufacture in the job card or set the 'Overproduction Percentage For Work Order' in the {1}.,,
Qty to Manufacture in this Cycle,,
Qty to Order,,
Qty To Produce,,
Qty to Produce,,
Qty to Receive,,
Qty Wise Chart,,
qty_after_transaction,,
qty_per_unit,,
qty_to_manufacture,,
qty_to_order,,
qty_to_receive,,
Qualification,,
Qualification Status,,
Qualified By,,
Qualified on,,
Quality,,
Quality Action,,
Quality Action Resolution,,
Quality Feedback,,
Quality Feedback Parameter,,
Quality Feedback Template,,
Quality Feedback Template Parameter,,
Quality Goal,,
Quality Goal Objective,,
Quality Inspection Analysis,,
Quality Inspection is required for the item {0} before completing the job card {1},,
Quality Inspection Parameter,,
Quality Inspection Parameter Group,,
Quality Inspection Reading,,
Quality Inspection Required,,
Quality Inspection Summary,,
Quality Inspection Template,,
Quality Inspection Template Name,,
Quality Inspection {0} is not submitted for the item: {1},,
Quality Inspection {0} is rejected for the item: {1},,
Quality Inspection(s),,
Quality Inspections,,
Quality Management,,
Quality Meeting,,
Quality Meeting Agenda,,
Quality Meeting Minutes,,
Quality Procedure,,
Quality Procedure Process,,
Quality Review,,
Quality Review Objective,,
Quantities updated successfully.,,
Quantity & Stock,,
Quantity (A - B),,
Quantity (Output Qty),,
Quantity and Amount,,
Quantity and Description,,
Quantity and Rate,,
Quantity and Warehouse,,
Quantity Available,,
Quantity cannot be greater than {0} for Item {1},,
Quantity Difference,,
Quantity for Item {0} must be greater than zero and cannot exceed {1},,
Quantity is mandatory for the selected items.,,
Quantity is required,,
Quantity must be greater than zero,,
Quantity must be less than or equal to {0},,
Quantity must not be more than {0},,
Quantity required for Item {0} in row {1},,
Quantity should be greater than 0,,
Quantity to Manufacture,,
Quantity to Manufacture can not be zero for the operation {0},,
Quantity to Manufacture must be greater than 0.,,
Quantity Tolerance,,
QUARTER,,
quarter,,
Quarter {0} {1},,
Quarterly,,
Queries,,
Query,,
Query / Script,,
Query analysis complete. Check suggested indexes.,,
Query Options,,
Query Parameters,,
Query Route String,,
questionnaire,,
Questionnaire Email Sent,,
Queue,,
Queue in Background (BETA),,
Queue Overloaded,,
Queue should be one of {0},,
Queue Size should be between 5 and 100,,
Queue Status,,
Queue Type(s),,
Queue(s),,
Queued,,
Queued At,,
Queued By,,
Queued for backup. You will receive an email with the download link,,
Queued for Submission. You can track the progress over {0}.,,
Queues,,
Queuing {0} for Submission,,
Quick Entry,,
Quick Filters,,
Quick Help for Setting Permissions,,
Quick Journal Entry,,
Quick Links,,
Quick List Filter,,
Quick Lists,,
Quick Ratio,,
Quick Stock Balance,,
Quot Count,,
Quot/Lead %,,
Quotation Amount,,
Quotation Item,,
Quotation Lost Reason,,
Quotation Lost Reason Detail,,
Quotation Number,,
Quotation To,,
Quotation Trends,,
Quotation {0} is cancelled,,
Quotation {0} not of type {1},,
quotation_item,,
Quotations,,
"Quotations are proposals, bids you have sent to your customers",,
Quote Status,,
Quoted Amount,,
Raise Material Request when stock reaches re-order level,,
Raised By,,
Raised By (Email),,
Range,,
rank,,
ranked,,
ranked_prices,,
Rate,,
rate,,
Rate & Amount,,
Rate (Company Currency),,
Rate and Amount,,
Rate Goals Manually,,
Rate limit for email link login,,
Rate Limiting,,
Rate of '{}' items cannot be changed,,
Rate of Depreciation,,
Rate of Depreciation (%),,
Rate of Interest (%) Yearly,,
Rate Of Materials Based On,,
Rate of Stock UOM,,
Rate Of TDS As Per Certificate,,
Rate or Discount,,
Rate or Discount is required for the price discount.,,
Rate Section,,
Rate With Margin,,
Rate With Margin (Company Currency),,
Rates,,
rating,,
Rating,,
Rating Criteria,,
Ratings,,
Ratios,,
Raw Commands,,
Raw Email,,
Raw HTML can be used only with Email Templates having 'Use HTML' checked.,,
RAW Information Log,,
Raw Material,,
Raw Material Code,,
Raw Material Cost,,
Raw Material Cost (Company Currency),,
Raw Material Cost Per Qty,,
Raw Material Item,,
Raw Material Item Code,,
Raw Material Name,,
Raw Material Value,,
Raw Material Voucher No,,
Raw Material Voucher Type,,
Raw Material Warehouse,,
Raw Materials,,
Raw Materials Actions,,
Raw Materials cannot be blank.,,
Raw Materials Consumed,,
Raw Materials Consumption,,
Raw Materials Missing,,
Raw Materials Required,,
Raw Materials Supplied,,
Raw Materials Supplied Cost,,
Raw Materials to Customer,,
Raw Method,,
Raw Printing,,
Raw Printing Setting,,
raw_material_name,,
Re-allocate Leaves,,
Re-open,,
Re-order Level,,
Re-order Qty,,
Re-Run in Console,,
Re:,,
Re: {0},,
Reached Root,,
Read,,
Read by Recipient,,
Read by Recipient On,,
Read mode,,
Read Only,,
Read Only Depends On,,
Read Only Depends On (JS),,
Read the docs,,
Read the documentation to know more,,
Read-Only queries are allowed,,
Reading 1,,
Reading 10,,
Reading 2,,
Reading 3,,
Reading 4,,
Reading 5,,
Reading 6,,
Reading 7,,
Reading 8,,
Reading 9,,
Reading Value,,
Readings,,
Readme,,
Realtime (SocketIO),,
Reason,,
Reason for Adjustment,,
Reason for Failure,,
Reason for Hold,,
Reason for hold:,,
Reason for Leaving,,
Reason For Putting On Hold,,
Reason for Requesting,,
Reason for skipping auto attendance:,,
Reason for Withholding Salary,,
Rebuild Tree,,
Rebuilding BTree for period ...,,
Rebuilding of tree is not supported for {},,
Recalculate Batch Qty,,
Recalculate Incoming/Outgoing Rate,,
Recalculate Valuation Rate,,
Recalculate Values,,
Receipt,,
Receipt Document,,
Receipt Document Type,,
Receipt Items,,
receipt_document,,
receipt_document_type,,
Receivable,,
Receivable / Payable Account,,
Receivable Account,,
Receivable/Payable Account,,
Receivable/Payable Account: {0} doesn't belong to company {1},,
Receivables,,
Receive,,
Receive from Customer,,
Received,,
Received Amount,,
Received Amount (Company Currency),,
Received Amount After Tax,,
Received Amount After Tax (Company Currency),,
Received Amount cannot be greater than Paid Amount,,
Received an invalid token type.,,
Received and Accepted,,
received from,,
Received Items To Be Billed,,
Received Qty,,
Received Qty Amount,,
Received Qty in Stock UOM,,
Received Quantity,,
Received Stock Entries,,
received_qty,,
received_qty_amount,,
Receiver By Document Field,,
Receiver By Role,,
Receiver List,,
Receiver List is empty. Please create Receiver List,,
Receiver Parameter,,
Recent Attendance Requests,,
Recent Expenses,,
Recent Leaves,,
Recent Orders,,
Recent Shift Requests,,
Recent Transactions,,
Recent years are easy to guess.,,
Recipient,,
Recipient & Status,,
Recipient Account Field,,
Recipient Message And Payment Details,,
Recipients,,
Reconcile,,
Reconcile All Serial Nos / Batches,,
Reconcile Effect On,,
Reconcile Entries,,
Reconcile on Advance Payment Date,,
Reconciled,,
Reconciled Entries,,
Reconciliation Error Log,,
Reconciliation Logs,,
Reconciliation Progress,,
Reconciliation queue size,,
Reconciliation Statement,,
Reconciliation Takes Effect On,,
Reconciliation Type,,
Recorder,,
Recorder Event,,
Recorder Query,,
Recorder Suggested Index,,
Recording HTML,,
Recording URL,,
Records for following doctypes will be filtered,,
Recoverable Standard Rated expenses should not be set when Reverse Charge Applicable is Y,,
Recreate Stock Ledgers,,
Recruitment,,
Recruitment Analytics,,
Recurse Every (As Per Transaction UOM),,
Recurse Over Qty cannot be less than 0,,
Recursive Discounts with Mixed condition is not supported by the system,,
Recursive Fetch From,,
Red,,
Redact Message After Send,,
Redeem Against,,
Redeem Loyalty Points,,
Redeemed Points,,
Redemption,,
Redemption Account,,
Redemption Cost Center,,
Redemption Date,,
Redirect HTTP Status,,
Redirect To Path,,
Redirect URI,,
Redirect URI Bound To Auth Code,,
Redirect URIs,,
Redirect URL,,
Redirects,,
Redis cache server not running. Please contact Administrator / Tech support,,
Reducing maximum leaves allowed after allocation may cause scheduler to allocate incorrect number of earned leaves. Proceed with caution.,,
Reduction is more than {0}'s available leave balance {1} for leave type {2},,
Ref Code,,
Ref Date,,
Ref DocType,,
ref_date,,
ref_no,,
Referance Doctype and Dashboard Name both can't be used at the same time.,,
Reference,,
Reference #{0} dated {1},,
Reference Date,,
Reference Datetime,,
Reference Detail No,,
Reference Doc,,
Reference DocName,,
Reference Docname,,
Reference Doctype,,
Reference DocType,,
Reference DocType and Reference Name are required,,
Reference Doctype must be one of {0},,
Reference Document,,
Reference Document Name,,
Reference Document Type,,
Reference Due Date,,
Reference Exchange Rate,,
Reference for Reservation,,
Reference Name,,
Reference name,,
Reference No,,
Reference No & Reference Date is required for {0},,
Reference No and Reference Date is mandatory for Bank transaction,,
Reference No is mandatory if you entered Reference Date,,
Reference No.,,
Reference Number,,
Reference Owner,,
Reference Purchase Receipt,,
Reference Report,,
Reference Row,,
Reference Row #,,
Reference Type,,
Reference: {0},,
"Reference: {0}, Item Code: {1} and Customer: {2}",,
reference_date,,
reference_doctype,,
reference_name,,
reference_no,,
reference_row,,
reference_type,,
References,,
References to Sales Invoices are Incomplete,,
References to Sales Orders are Incomplete,,
References {0} of type {1} had no outstanding amount left before submitting the Payment Entry. Now they have a negative outstanding amount.,,
Referral Bonus Payment Status,,
Referral Code,,
Referral Details,,
Referral Sales Partner,,
Referrer,,
Referrer Details,,
Referrer Name,,
Reflections,,
Refresh,,
Refresh All,,
Refresh Google Sheet,,
Refresh Plaid Link,,
Refresh Print Preview,,
Refresh Token,,
Refreshing...,,
Refuelling Details,,
"Regards,",,
Regenerate Stock Closing Entry,,
Regional,,
Registered but disabled,,
Registers,,
Registration Details,,
Reject,,
Reject Employee Referral,,
Rejected Claims (This Month),,
Rejected Job Applicants,,
Rejected malformed encoded address header with synthesized '@': {0},,
Rejected Qty,,
Rejected Quantity,,
Rejected Serial and Batch Bundle,,
Rejected Serial No,,
Rejected Warehouse,,
Rejection,,
Related,,
Related Item,,
Relation,,
Relay Server URL missing,,
Relay Settings,,
Release Date,,
Release date must be in the future,,
Release Notes,,
Release Withheld Salaries,,
Relieving Date Missing,,
relieving_date,,
Relink,,
Relink Communication,,
Reload,,
Remaining Amount,,
Remaining Balance,,
Remaining Benefits (Yearly),,
Remark,,
Remember Last Selected Value,,
Remind At,,
Remind Before,,
Reminded,,
Reminder,,
Reminder cannot be created in past.,,
Reminders,,
Remove all customizations?,,
Remove Failed Jobs,,
Remove Field,,
Remove if Zero Valued,,
Remove item if charges is not applicable to that item,,
Remove Parent Row No in Items Table,,
Remove Section,,
Remove Zero Counts,,
Removed Icons,,
Removed items with no change in quantity or value.,,
removed {0} row(s) from {1},,
Removed {0} rows with zero document count. Please save to persist changes.,,
Removing rows without exchange gain or loss,,
Rename,,
Rename Fieldname,,
Rename jobs for doctype {0} have been enqueued.,,
Rename jobs for doctype {0} have not been enqueued.,,
Rename Log,,
Rename Not Allowed,,
Rename Tool,,
"Renamed files and replaced code in controllers, please check!",,
renamed from {0} to {1},,
"Renaming it is only allowed via parent company {0}, to avoid mismatch.",,
Rent,,
Reopen,,
Reorder Level,,
Reorder level based on Warehouse,,
Reorder Qty,,
Repack,,
Repair Cost,,
Repair Purchase Invoices,,
Repair Status,,
Repay From Salary,,
Repay From Salary can be selected only for term loans,,
Repay Unclaimed Amount from Salary,,
Repeat Customer Revenue,,
Repeat Customers,,
Repeat Header and Footer,,
Repeat On,,
Repeat on Day,,
Repeat on Days,,
Repeat On Days,,
Repeat on Last Day of the Month,,
Repeat this Event,,
Repeat Till,,
"Repeats like ""aaa"" are easy to guess",,
"Repeats like ""abcabcabc"" are only slightly harder to guess than ""abc""",,
Replace,,
Replace BOM,,
Replicate,,
Replicate Role,,
Replicating Role...,,
Replied,,
Replies,,
Reply,,
Reply All,,
Reply To email is required,,
Reply-To Addresses,,
Report an Issue,,
Report cannot be set for Single types,,
Report Column,,
Report Date,,
Report Description,,
Report Document Error,,
Report Error,,
Report Filter,,
Report Filters,,
"Report has no data, please modify the filters or change the Report Name",,
"Report has no numeric fields, please change the Report Name",,
Report Hide,,
Report Information,,
Report limit reached,,
Report Line Items,,
Report Name,,
"Report Name, Report Field and Fucntion are required to create a number card",,
Report Ref DocType,,
Report Reference Doctype,,
Report Template,,
Report timed out.,,
Report Type,,
Report Type is mandatory,,
Report updated successfully,,
Report View,,
Report {0} deleted,,
Report {0} is disabled,,
Report {0} saved,,
Reporting Currency,,
Reporting Currency Exchange Not Found,,
Reporting Currency Exchange Rate,,
Reports,,
Reports & Masters,,
reports_to,,
Repost,,
Repost Accounting Ledger,,
Repost Accounting Ledger Items,,
Repost Accounting Ledger Settings,,
Repost Allowed Types,,
Repost Error Log,,
Repost has started in the background,,
Repost in background,,
Repost Item Valuation,,
Repost Item Valuation restarted for selected failed records.,,
Repost Only Accounting Ledgers,,
Repost Payment Ledger,,
Repost Payment Ledger Items,,
Repost started in the background,,
Repost Status,,
Reposting can be started only for submitted document.,,
Reposting cannot be started when status is {0}.,,
Reposting Data File,,
Reposting entries created: {0},,
Reposting for Item-Wh Completed {0}%,,
Reposting for Vouchers Completed {0}%,,
Reposting has been started in the background.,,
Reposting in the background.,,
Reposting is still in progress in background.,,
Reposting Item and Warehouse,,
Reposting Progress,,
Reposting Reference,,
Reposting Status,,
Reposting Vouchers,,
Reposting Vouchers Progress,,
Reposting {0} {1},,
Represents Company,,
Reqd By Date,,
Reqd Qty (BOM),,
Reqired Qty,,
Request a Leave,,
Request a Shift,,
Request an Advance,,
Request Attendance,,
Request Body,,
Request Data,,
Request Description,,
Request for,,
Request for Quotation,,
Request For Quotation,,
Request for Quotation Item,,
Request for Quotation Supplier,,
Request for Raw Materials,,
Request Headers,,
Request ID,,
Request Leave,,
Request Limit,,
Request Method,,
Request Parameters,,
Request Structure,,
Request Timeout,,
Request to your server failed.,,
Request Type,,
Request URL,,
Requested By,,
Requested By (Name),,
Requested Items To Be Transferred,,
Requested Items to Order and Receive,,
Requested Numbers,,
Requested Qty,,
"Requested Qty: Quantity requested for purchase, but not ordered.",,
Requesting payment against {0} {1} for amount {2},,
Requesting Site,,
Requestor,,
Require Trusted Certificate,,
Required By,,
Required Date,,
Required for Employee Creation,,
Required Items,,
Required On,,
Required Qty,,
Required Quantity,,
Required Skills,,
required_date,,
required_qty_per_unit,,
Requirement,,
Requires Fulfilment,,
Res: {0},,
Reschedule Interview,,
Research,,
Research & Development,,
Resend,,
Resend Payment Email,,
Reservation,,
Reservation Based On,,
Reserve,,
Reserve for Raw Materials,,
Reserve for Sub-assembly,,
Reserve Stock,,
Reserve Warehouse,,
Reserved,,
Reserved Batch Conflict,,
Reserved for POS Transactions,,
Reserved for Production,,
Reserved for Production Plan,,
Reserved for Sub Contracting,,
Reserved Inventory,,
Reserved Qty,,
"Reserved Qty ({0}) cannot be a fraction. To allow this, disable '{1}' in UOM {3}.",,
Reserved Qty for Production,,
Reserved Qty for Production Plan,,
Reserved Qty for Production: Raw materials quantity to make manufacturing items.,,
Reserved Qty for Subcontract,,
Reserved Qty for Subcontract: Raw materials quantity to make subcontracted items.,,
Reserved Qty should be greater than Delivered Qty.,,
"Reserved Qty: Quantity ordered for sale, but not delivered.",,
Reserved Quantity,,
Reserved Quantity for Production,,
Reserved Serial No.,,
Reserved Stock,,
Reserved Stock for Batch,,
Reserved Stock for Raw Materials,,
Reserved Stock for Sub-assembly,,
Reserved Warehouse is mandatory for the Item {item_code} in Raw Materials supplied.,,
reserved_qty,,
reserved_qty_for_production,,
reserved_qty_for_production_plan,,
reserved_qty_for_sub_contract,,
reserved_stock,,
Reserving Stock...,,
Reset,,
Reset All Customizations,,
Reset Company Default Values,,
Reset Layout,,
Reset LDAP Password,,
Reset OTP Secret,,
Reset Password,,
Reset Password Key,,
Reset Password Link Expiry Duration,,
Reset Password Template,,
Reset Permissions for {0}?,,
Reset Plaid Link,,
Reset Raw Materials Table,,
Reset Service Level Agreement,,
Reset to defaults,,
Resetting Service Level Agreement.,,
Resignation Letter Date,,
Resolution,,
Resolution By,,
Resolution Date,,
Resolution Details,,
Resolution Time,,
Resolutions,,
Resolve,,
Resolved,,
Resolved By,,
Resource,,
Resource Documentation,,
Resource Name,,
Resource Policy URI,,
Resource TOS URI,,
response,,
Response,,
Response and Resolution,,
Response By,,
Response Details,,
Response Headers,,
Response Key List,,
Response Options,,
Response Result Key Path,,
Response Time for {0} priority in row {1} can't be greater than Resolution Time.,,
Response Type,,
Responsibilities,,
Responsible,,
Rest Of The World,,
Restart,,
Restart Failed Entries,,
Restart Subscription,,
Restore,,
Restore Asset,,
Restore Original Permissions,,
Restore to default settings?,,
Restored,,
restored {0} as {1},,
Restoring Deleted Document,,
Restrict Backdated Leave Application,,
Restrict Image inside Container,,
Restrict IP,,
Restrict Items Based On,,
Restrict Removal,,
Restrict to Countries,,
Restrict to Domain,,
Restrict To Domain,,
Result,,
Result Key,,
Result Preview Field,,
Result Route Field,,
Result Title Field,,
Resume,,
Resume Attachment,,
Resume Job,,
Resume link,,
Resume Link,,
Resume Sending,,
Resume Timer,,
Retain Sample,,
Retained,,
Retained Earnings,,
Retention Bonus,,
Retirement Age (In Years),,
Retried,,
Retry,,
Retry Failed,,
Retry Failed Allocations,,
Retry Failed Transactions,,
Retry Sending,,
Retry Successful,,
Retrying allocations,,
Return,,
Return / Credit Note,,
Return / Debit Note,,
Return Against,,
Return Against Delivery Note,,
Return Against Purchase Invoice,,
Return Against Purchase Receipt,,
Return Against Subcontracting Receipt,,
Return amount cannot be greater than unclaimed amount,,
Return Components,,
Return invoice of asset cancelled,,
Return Issued,,
Return of Components,,
Return on Asset Ratio,,
Return on Equity Ratio,,
Return Purchase Invoice cannot be held.,,
Return Qty,,
Return Qty from Rejected Warehouse,,
Return Raw Material to Customer,,
return_amount,,
returned,,
Returned,,
Returned Against,,
Returned Amount,,
Returned exchange rate is neither integer not float.,,
Returned Qty,,
Returned Qty in Stock UOM,,
Returned Quantity,,
returned_amount,,
Returns,,
Revaluation Journals,,
Revaluation Surplus,,
Revenue,,
Reversal Journal Entries,,
Reversal Of,,
Reversal Of Exchange Rate Revaluation,,
Reverse Journal Entry,,
Reverse Sign,,
Reverse {0} already available in draft status: {1},,
Reversing Journals...,,
Reverting length to {0} for '{1}' in '{2}'. Setting the length as {3} will cause truncation of data.,,
Review,,
Review and Action,,
Review Date,,
Review various other settings related to Employee Leaves and Expense Claim,,
Reviewer,,
Reviewer Name,,
reviewer_designation,,
reviewer_name,,
Reviews,,
Revise Budget,,
Revised CTC,,
Revision cancelled,,
Revision Of,,
Revocation URI,,
RFQ and Purchase Order Settings,,
RFQs are not allowed for {0} due to a scorecard standing of {1},,
rgt,,
Rgt,,
Rich Text,,
Right,,
Right Child,,
Right Index,,
rm_item_code,,
rn,,
Robots.txt,,
Role 'All' will be given to all system + website users.,,
Role 'Desk User' will be given to all system users.,,
Role allowed to bypass credit limit,,
Role Allowed to Bypass Over Billing Restriction,,
Role Allowed to Create Backdated Leave Application,,
Role allowed to create/edit back-dated transactions,,
Role allowed to edit frozen stock,,
Role Allowed to over bill,,
Role Allowed to Over Deliver/Receive,,
Role allowed to override stop action,,
Role and Level,,
Role has been set as per the user type {0},,
Role Name,,
Role Permission for Page and Report,,
Role Permissions,,
Role Permissions Manager,,
Role Profile,,
Role Profiles,,
Role to Notify on Depreciation Failure,,
Roles,,
Roles & Permissions,,
Roles Allowed to Set and Edit Frozen Account Entries,,
Roles Assigned,,
Roles can be set for users from their User page.,,
Roles HTML,,
Roles Html,,
Root,,
Root cannot be edited.,,
Root cannot have a parent cost center,,
Root Company,,
Root Type,,
"Root Type for {0} must be one of the Asset, Liability, Income, Expense and Equity",,
Root Type is mandatory,,
Root {0} cannot be deleted,,
Roster,,
Roster Color,,
ROUND,,
Round Free Qty,,
Round Off,,
Round Off Account,,
Round Off Cost Center,,
Round Off for Opening,,
Round Off Tax Amount,,
Round tax amount row-wise,,
Round to the Nearest Integer,,
Rounded Total,,
Rounded Total (Company Currency),,
Rounding,,
Rounding Adjustment,,
Rounding Adjustment (Company Currency,,
Rounding Adjustment (Company Currency),,
Rounding gain/loss Entry for Stock Transfer,,
Rounding Loss Allowance,,
Rounding Loss Allowance should be between 0 and 1,,
Rounding Method,,
Route,,
Route History,,
Route Options,,
Route Redirects,,
Routing,,
Routing Name,,
Row,,
Row #,,
Row # {0}: Cannot return more than {1} for Item {2},,
Row # {0}: Non administrator user can not set the role {1} to the custom doctype,,
Row # {0}: Please add Serial and Batch Bundle for Item {1},,
Row # {0}: Please enter quantity for Item {1} as it is not zero.,,
Row # {0}: Rate cannot be greater than the rate used in {1} {2},,
Row # {0}: Returned Item {1} does not exist in {2} {3},,
Row #1: Sequence ID must be 1 for Operation {0}.,,
Row #{0} (Payment Table): Amount must be negative,,
Row #{0} (Payment Table): Amount must be positive,,
Row #{0}:,,
Row #{0}: % of FG Cost needs a BOM secondary item. Choose Valuation Rate or Manual for {1}.,,
Row #{0}: '{1}' cannot be used to search items.,,
Row #{0}: '{1}' does not match {2}.,,
Row #{0}: '{1}' is not a valid field of {2}.,,
Row #{0}: A reorder entry already exists for warehouse {1} with reorder type {2}.,,
Row #{0}: Acceptance Criteria Formula is incorrect.,,
Row #{0}: Acceptance Criteria Formula is required.,,
Row #{0}: Accepted Warehouse and Rejected Warehouse cannot be same,,
Row #{0}: Accepted Warehouse is mandatory for the accepted Item {1},,
Row #{0}: Account {1} does not belong to company {2},,
Row #{0}: Allocated Amount cannot be greater than Outstanding Amount of Payment Request {1},,
Row #{0}: Allocated Amount cannot be greater than outstanding amount.,,
Row #{0}: Allocated amount:{1} is greater than outstanding amount:{2} for Payment Term {3},,
Row #{0}: Amount must be a positive number,,
"Row #{0}: Asset {1} cannot be sold, it is already {2}",,
Row #{0}: Asset {1} is already sold,,
Row #{0}: Batch No {1} is already selected.,,
Row #{0}: Batch No(s) {1} is not a part of the linked Subcontracting Inward Order. Please select valid Batch No(s).,,
Row #{0}: BOM is not specified for subcontracting item {0},,
Row #{0}: BOM not found for FG Item {1},,
Row #{0}: Cannot allocate more than {1} against payment term {2},,
Row #{0}: Cannot cancel this Manufacturing Stock Entry as billed quantity of Item {1} cannot be greater than consumed quantity.,,
Row #{0}: Cannot cancel this Manufacturing Stock Entry as quantity of Secondary Item {1} produced cannot be less than quantity delivered.,,
Row #{0}: Cannot cancel this Stock Entry as returned quantity cannot be greater than delivered quantity for Item {1} in the linked Subcontracting Inward Order,,
Row #{0}: Cannot create entry with different taxable AND withholding document links.,,
Row #{0}: Cannot delete item {1} which has already been billed.,,
Row #{0}: Cannot delete item {1} which has already been delivered,,
Row #{0}: Cannot delete item {1} which has already been received,,
Row #{0}: Cannot delete item {1} which has work order assigned to it.,,
Row #{0}: Cannot delete item {1} which is already ordered against this Sales Order.,,
Row #{0}: Cannot set amount or formula for Salary Component {1} with Variable Based On Taxable Salary,,
Row #{0}: Cannot set Rate if the billed amount is greater than the amount for Item {1}.,,
Row #{0}: Cannot transfer more than Required Qty {1} for Item {2} against Job Card {3},,
Row #{0}: Cannot transfer {1} {2} of Item {3}.,,
Row #{0}: Child Item should not be a Product Bundle. Please remove Item {1} and Save,,
Row #{0}: Consumed Asset {1} cannot be cancelled,,
Row #{0}: Consumed Asset {1} cannot be Draft,,
Row #{0}: Consumed Asset {1} cannot be the same as the Target Asset,,
Row #{0}: Consumed Asset {1} cannot be {2},,
Row #{0}: Consumed Asset {1} does not belong to company {2},,
Row #{0}: Cost Center {1} does not belong to company {2},,
Row #{0}: Could not find enough {1} entries to match. Remaining amount: {2},,
Row #{0}: Cumulative threshold cannot be less than Single Transaction threshold,,
Row #{0}: Customer Provided Item {1} against Subcontracting Inward Order Item {2} ({3}) cannot be added multiple times.,,
Row #{0}: Customer Provided Item {1} cannot be added multiple times in the Subcontracting Inward process.,,
Row #{0}: Customer Provided Item {1} cannot be added multiple times.,,
Row #{0}: Customer Provided Item {1} does not exist in the Required Items table linked to the Subcontracting Inward Order.,,
Row #{0}: Customer Provided Item {1} exceeds quantity available through Subcontracting Inward Order,,
Row #{0}: Customer Provided Item {1} has insufficient quantity in the Subcontracting Inward Order. Available quantity is {2}.,,
Row #{0}: Customer Provided Item {1} is not a part of Subcontracting Inward Order {2},,
Row #{0}: Customer Provided Item {1} is not a part of Work Order {2},,
Row #{0}: Dates overlapping with other row in group {1},,
Row #{0}: Default BOM not found for FG Item {1},,
Row #{0}: Depreciation Start Date is required,,
Row #{0}: Duplicate entry in References {1} {2},,
Row #{0}: Expected Delivery Date cannot be before Purchase Order Date,,
Row #{0}: Expense Account not set for the Item {1}. {2},,
Row #{0}: Expense account {1} is not valid for Purchase Invoice {2}.,,
Row #{0}: FG / Semi FG Item is required for the operation {1} as 'Track Semi Finished Goods' is enabled.,,
Row #{0}: Finished Good Item is not specified for service item {1},,
Row #{0}: Finished Good Item Qty can not be zero,,
Row #{0}: Finished Good Item {1} cannot be added in the Secondary Items table.,,
Row #{0}: Finished Good Item {1} must be a sub-contracted item,,
Row #{0}: Finished Good must be {1},,
Row #{0}: Finished Good reference is mandatory for Secondary Item {1}.,,
"Row #{0}: For Customer Provided Item {1}, Source Warehouse must be {2}",,
"Row #{0}: For {1}, you can select reference document only if account gets credited",,
"Row #{0}: For {1}, you can select reference document only if account gets debited",,
Row #{0}: Frequency of Depreciation must be greater than zero,,
Row #{0}: From Date cannot be before To Date,,
Row #{0}: From Time and To Time fields are required,,
Row #{0}: Item {1} cannot be transferred more than {2} against {3} {4},,
Row #{0}: Item {1} does not exist,,
"Row #{0}: Item {1} has been picked, please reserve stock from the Pick List.",,
Row #{0}: Item {1} has no stock in warehouse {2}.,,
Row #{0}: Item {1} has zero rate but '{2}' is not enabled.,,
"Row #{0}: Item {1} in warehouse {2}: Available {3}, Needed {4}.",,
Row #{0}: Item {1} is already added with the same Type in the Secondary Items table.,,
Row #{0}: Item {1} is not a Customer Provided Item.,,
Row #{0}: Item {1} is not a part of Subcontracting Inward Order {2},,
Row #{0}: Item {1} is not a Serialized/Batched Item. It cannot have a Serial No/Batch No against it.,,
Row #{0}: Item {1} is not a service item,,
Row #{0}: Item {1} is not a stock item,,
Row #{0}: Item {1} is not part of the source manufacture entry and cannot be,,
"Row #{0}: Item {1} mismatch. Changing of item code is not permitted, add another row instead.",,
Row #{0}: Item {1} mismatch. Changing of item code is not permitted.,,
Row #{0}: Item {1} quantity ({2} in stock UOM) does not match the quantity,,
Row #{0}: Journal Entry {1} does not have account {2} or already matched against another voucher,,
Row #{0}: Next Depreciation Date cannot be before Available-for-use Date,,
Row #{0}: Next Depreciation Date cannot be before Purchase Date,,
Row #{0}: Not allowed to change Supplier as Purchase Order already exists,,
Row #{0}: Only {1} available to reserve for the Item {2},,
Row #{0}: Opening Accumulated Depreciation must be less than or equal to {1},,
Row #{0}: Operation {1} is not completed for {2} qty of finished goods in Work Order {3}. Please update operation status via Job Card {4}.,,
Row #{0}: Overconsumption of Customer Provided Item {1} against Work Order {2} is not allowed in the Subcontracting Inward process.,,
Row #{0}: Please select Item Code in Assembly Items,,
Row #{0}: Please select the BOM No in Assembly Items,,
Row #{0}: Please select the Finished Good Item against which this Customer Provided Item will be used.,,
Row #{0}: Please select the Sub Assembly Warehouse,,
Row #{0}: Please set reorder quantity,,
Row #{0}: Please update deferred revenue/expense account in item row or default account in company master,,
Row #{0}: Process Loss Percentage should be less than 100% for {1} Item {2},,
Row #{0}: Qty must be a positive number,,
Row #{0}: Qty should be less than or equal to Available Qty to Reserve (Actual Qty - Reserved Qty) {1} for Iem {2} against Batch {3} in Warehouse {4}.,,
Row #{0}: Quality Inspection is required for Item {1},,
Row #{0}: Quality Inspection {1} is not submitted for the item: {2},,
Row #{0}: Quality Inspection {1} was rejected for item {2},,
Row #{0}: Quantity cannot be a non-positive number. Please increase the quantity or remove the Item {1},,
Row #{0}: Quantity for Item {1} cannot be zero.,,
Row #{0}: Quantity must be greater than 0 for Item {1},,
Row #{0}: Quantity of Item {1} cannot be more than {2} {3} against Subcontracting Inward Order {4},,
Row #{0}: Quantity to reserve for the Item {1} should be greater than 0.,,
Row #{0}: Rate must be same as {1}: {2} ({3} / {4}),,
Row #{0}: Reading {1} {2} is not a valid number in the {3} number format. Use {4} as the decimal separator.,,
"Row #{0}: Reference Document Type must be one of Purchase Order, Purchase Invoice or Journal Entry",,
"Row #{0}: Reference Document Type must be one of Sales Order, Sales Invoice, Journal Entry or Dunning",,
Row #{0}: Rejected Qty cannot be set for Secondary Item {1}.,,
Row #{0}: Rejected Warehouse is mandatory for the rejected Item {1},,
Row #{0}: Repair cost {1} exceeds available amount {2} for Purchase Invoice {3} and Account {4},,
Row #{0}: Return Against is required for returning asset,,
Row #{0}: Returned quantity cannot be greater than available quantity for Item {1},,
Row #{0}: Returned quantity cannot be greater than available quantity to return for Item {1},,
Row #{0}: Secondary Item Qty cannot be zero,,
Row #{0}: Sequence ID must be {1} or {2} for Operation {3}.,,
Row #{0}: Serial No {1} does not belong to Batch {2},,
Row #{0}: Serial No {1} for Item {2} is not available in {3} {4} or might be reserved in another {5}.,,
Row #{0}: Serial No {1} is already selected.,,
Row #{0}: Serial No(s) {1} are not a part of the linked Subcontracting Inward Order. Please select valid Serial No(s).,,
Row #{0}: Service End Date cannot be before Invoice Posting Date,,
Row #{0}: Service Start and End Date is required for deferred accounting,,
Row #{0}: Service Start Date cannot be greater than Service End Date,,
Row #{0}: Set Supplier for item {1},,
"Row #{0}: Since 'Track Semi Finished Goods' is enabled, the BOM {1} cannot be used for Sub Assembly Items",,
Row #{0}: Source and Target Warehouse cannot be the same for Material Transfer,,
Row #{0}: Source Warehouse must be same as Customer Warehouse {1} from the linked Subcontracting Inward Order,,
Row #{0}: Source Warehouse {1} for item {2} cannot be a customer warehouse.,,
Row #{0}: Source Warehouse {1} for item {2} must be same as Source Warehouse {3} in the Work Order.,,
"Row #{0}: Source, Target Warehouse and Inventory Dimensions cannot be the exact same for Material Transfer",,
Row #{0}: Start Time must be before End Time,,
Row #{0}: Status is mandatory,,
Row #{0}: Status must be {1} for Invoice Discounting {2},,
Row #{0}: Stock cannot be reserved for a non-stock Item {1},,
Row #{0}: Stock cannot be reserved for Item {1} against a disabled Batch {2}.,,
Row #{0}: Stock cannot be reserved in group warehouse {1}.,,
Row #{0}: Stock is already reserved for the Item {1}.,,
Row #{0}: Stock is reserved for item {1} in warehouse {2}.,,
Row #{0}: Stock not available to reserve for Item {1} against Batch {2} in Warehouse {3}.,,
Row #{0}: Stock not available to reserve for the Item {1} in Warehouse {2}.,,
Row #{0}: Stock quantity {1} ({2}) for item {3} cannot exceed {4},,
Row #{0}: Target Warehouse must be same as Customer Warehouse {1} from the linked Subcontracting Inward Order,,
Row #{0}: The batch {1} has already expired.,,
"Row #{0}: The operation {1} has 'Is Final Finished Good' checked, so its FG / Semi FG Item must be {2}.",,
Row #{0}: The warehouse {1} is not a child warehouse of a group warehouse {2},,
Row #{0}: The {1} Component has the options {2} and {3} enabled.,,
Row #{0}: Timesheet amount will overwrite the Earning component amount for the Salary Component {1},,
Row #{0}: Timings conflicts with row {1},,
Row #{0}: Total Number of Depreciations cannot be less than or equal to Opening Number of Booked Depreciations,,
Row #{0}: Total Number of Depreciations must be greater than zero,,
Row #{0}: Warehouse {1} does not match with the warehouse {2} in Serial and Batch Bundle {3}.,,
Row #{0}: Withholding Amount {1} does not match calculated amount {2}.,,
Row #{0}: Work Order exists against full or partial quantity of Item {1},,
Row #{0}: You cannot use the inventory dimension '{1}' in Stock Reconciliation to modify the quantity or valuation rate. Stock reconciliation with inventory dimensions is intended solely for performing opening entries.,,
Row #{0}: You must select an Asset for Item {1}.,,
Row #{0}: {1} account is not of type {2},,
Row #{0}: {1} is mandatory for the Inventory Dimension {2}.,,
Row #{0}: {1} is not a valid reading field. Please refer to the field description.,,
Row #{0}: {1} is required to create the Opening {2} Invoices,,
Row #{0}: {1} of {2} should be {3}. Please update the {1} or select a different account.,,
Row #{0}:Quantity for Item {1} cannot be zero.,,
Row #{1}: Warehouse is mandatory for stock Item {0},,
Row #{idx}: Cannot select Supplier Warehouse while suppling raw materials to subcontractor.,,
Row #{idx}: Item rate has been updated as per valuation rate since its an internal stock transfer.,,
Row #{idx}: Please enter a location for the asset item {item_code}.,,
Row #{idx}: Received Qty must be equal to Accepted + Rejected Qty for Item {item_code}.,,
Row #{idx}: {field_label} can not be negative for item {item_code}.,,
Row #{idx}: {field_label} is mandatory.,,
Row #{idx}: {from_warehouse_field} and {to_warehouse_field} cannot be same.,,
Row #{idx}: {schedule_date} cannot be before {transaction_date}.,,
Row #{}: Currency of {} - {} doesn't matches company currency.,,
Row #{}: Either Party ID or Party Name is required,,
Row #{}: Fieldname is required,,
Row #{}: Finance Book should not be empty since you're using multiple.,,
Row #{}: item {} has been picked already.,,
Row #{}: Party ID is required,,
Row #{}: Please assign task to a member.,,
Row #{}: Please use a different Finance Book.,,
Row #{}: POS Invoice {} has been {},,
Row #{}: POS Invoice {} is not against customer {},,
Row #{}: POS Invoice {} is not submitted yet,,
Row #{}: Serial No {} cannot be returned since it was not transacted in original invoice {},,
Row #{}: The original Invoice {} of return invoice {} is not consolidated.,,
Row #{}: You cannot add positive quantities in a return invoice. Please remove item {} to complete the return.,,
Row #{}: {},,
Row #{}: {} {} does not exist.,,
Row #{}: {} {} doesn't belong to Company {}. Please select valid {}.,,
Row Format,,
Row Indexes,,
Row Name,,
Row No {0}: Amount cannot be greater than the Outstanding Amount against Expense Claim {1}. Outstanding Amount is {2},,
Row No {0}: Warehouse is required. Please set a Default Warehouse for Item {1} and Company {2},,
Row Number,,
Row Values Changed,,
Row {0},,
Row {0} : Operation is required against the raw material item {1},,
Row {0} in {1} {2}: Work Order quantity after process loss {3} exceeds the remaining allowed quantity {4}.,,
"Row {0} picked quantity is less than the required quantity, additional {1} {2} required.",,
Row {0}# Allocated amount {1} cannot be greater than unclaimed amount {2},,
Row {0}# Item {1} not found in 'Raw Materials Supplied' table in {2} {3},,
Row {0}# Paid Amount cannot be greater than Encashment amount,,
Row {0}# Paid Amount cannot be greater than requested advance amount,,
Row {0}# Paid Amount cannot be greater than Total amount,,
Row {0}: Accepted Qty and Rejected Qty can't be zero at the same time.,,
Row {0}: Account {1} and Party Type {2} have different account types,,
Row {0}: Accounting Dimension {1} is mandatory for account {2}.,,
Row {0}: Activity Type is mandatory.,,
Row {0}: Advance against Customer must be credit,,
Row {0}: Advance against Supplier must be debit,,
Row {0}: Allocated amount {1} must be less than or equal to invoice outstanding amount {2},,
Row {0}: Allocated amount {1} must be less than or equal to remaining payment amount {2},,
"Row {0}: As {1} is enabled, raw materials cannot be added to {2} entry. Use {3} entry to consume raw materials.",,
Row {0}: Bill of Materials not found for the Item {1},,
Row {0}: Both Debit and Credit values cannot be zero,,
Row {0}: Cannot sell item {1} from Sample Retention Warehouse {2},,
Row {0}: Conversion Factor is mandatory,,
Row {0}: Cost center is required for an item {1},,
Row {0}: Cost Center {1} does not belong to Company {2},,
Row {0}: Credit entry can not be linked with a {1},,
Row {0}: Currency of the BOM #{1} should be equal to the selected currency {2},,
Row {0}: Debit entry can not be linked with a {1},,
Row {0}: Delivery Warehouse ({1}) and Customer Warehouse ({2}) can not be same,,
Row {0}: Delivery Warehouse cannot be same as Customer Warehouse for Item {1}.,,
Row {0}: Due Date in the Payment Terms table cannot be before Posting Date,,
Row {0}: Either Delivery Note Item or Packed Item reference is mandatory.,,
Row {0}: Exchange Rate is mandatory,,
Row {0}: Expected Value After Useful Life cannot be negative,,
Row {0}: Expected Value After Useful Life must be less than Net Purchase Amount,,
Row {0}: Expense Account {1} is linked to company {2}. Please select an account belonging to company {3}.,,
Row {0}: Expense Head changed to {1} as no Purchase Receipt is created against Item {2}.,,
Row {0}: Expense Head changed to {1} because account {2} is not linked to warehouse {3} or it is not the default inventory account,,
Row {0}: Expense Head changed to {1} because expense is booked against this account in Purchase Receipt {2},,
"Row {0}: For Supplier {1}, Email Address is Required to send an email",,
Row {0}: From (Year) can not be greater than To (Year),,
Row {0}: From Time and To Time is mandatory.,,
Row {0}: From Time and To Time of {1} is overlapping with {2},,
Row {0}: From time must be less than to time,,
Row {0}: From Warehouse is mandatory for internal transfers,,
Row {0}: Goal Score cannot be greater than {1},,
Row {0}: Hours value must be greater than zero.,,
Row {0}: Invalid reference {1},,
Row {0}: Item rate has been updated as per valuation rate since its an internal stock transfer,,
Row {0}: Item Tax template updated as per validity and rate applied,,
Row {0}: Item {1} must be a stock item.,,
Row {0}: Item {1} must be a subcontracted item.,,
Row {0}: Item {1} must be linked to a {2}.,,
Row {0}: Item {1}'s quantity cannot be higher than the available quantity.,,
Row {0}: Not allowed to disable Mandatory for standard fields,,
Row {0}: Not allowed to enable Allow on Submit for standard fields,,
Row {0}: Operation time should be greater than 0 for operation {1},,
Row {0}: Packed Qty must be equal to {1} Qty.,,
Row {0}: Packing Slip is already created for Item {1}.,,
Row {0}: Party / Account does not match with {1} / {2} in {3} {4},,
Row {0}: Party Type and Party is required for Receivable / Payable account {1},,
Row {0}: Payment against Sales/Purchase Order should always be marked as advance,,
Row {0}: Payment Term is mandatory,,
Row {0}: Please check 'Is Advance' against Account {1} if this is an advance entry.,,
Row {0}: Please provide a valid Delivery Note Item or Packed Item reference.,,
Row {0}: Please select a BOM for Item {1}.,,
Row {0}: Please select an active BOM for Item {1}.,,
Row {0}: Please select an valid BOM for Item {1}.,,
Row {0}: Please set at Tax Exemption Reason in Sales Taxes and Charges,,
Row {0}: Please set the correct code on Mode of Payment {1},,
Row {0}: Please set the Mode of Payment in Payment Schedule,,
Row {0}: Project must be same as the one set in the Timesheet: {1}.,,
Row {0}: Purchase Invoice {1} has no stock impact.,,
Row {0}: Qty cannot be greater than {1} for the Item {2}.,,
Row {0}: Qty in Stock UOM can not be zero.,,
Row {0}: Qty must be greater than 0.,,
Row {0}: Quantity cannot be negative.,,
Row {0}: Quantity not available for {4} in warehouse {1} at posting time of the entry ({2} {3}),,
Row {0}: Sales Invoice {1} is already created for {2},,
Row {0}: Serial/Batch has been reset to values linked with Work Order {1},,
Row {0}: Shift cannot be changed since the depreciation has already been processed,,
Row {0}: Subcontracted Item is mandatory for the raw material {1},,
Row {0}: Target Warehouse is mandatory for internal transfers,,
Row {0}: Task {1} does not belong to Project {2},,
Row {0}: The entire expense amount for account {1} in {2} has already been allocated.,,
"Row {0}: The item {1}, quantity must be positive number",,
Row {0}: The {3} Account {1} does not belong to the company {2},,
"Row {0}: To set {1} periodicity, difference between from and to date must be greater than or equal to {2}",,
Row {0}: Transferred quantity cannot be greater than the requested quantity.,,
Row {0}: UOM Conversion Factor is mandatory,,
Row {0}: Update Stock must be checked for item {1} because it is against Pick List {2}.,,
Row {0}: user has not applied the rule {1} on the item {2},,
Row {0}: Warehouse is required,,
Row {0}: Warehouse {1} is linked to company {2}. Please select a warehouse belonging to company {3}.,,
Row {0}: Workstation or Workstation Type is mandatory for an operation {1},,
Row {0}: {1},,
Row {0}: {1} account already applied for Accounting Dimension {2},,
Row {0}: {1} is required in the expenses table to book an expense claim.,,
Row {0}: {1} must be greater than 0,,
Row {0}: {1} {2} cannot be same as {3} (Party Account) {4},,
Row {0}: {1} {2} does not match with {3},,
Row {0}: {1} {2} is linked to company {3}. Please select a document belonging to company {4}.,,
Row {0}: {2} Item {1} does not exist in {2} {3},,
"Row {1}: Quantity ({0}) cannot be a fraction. To allow this, disable '{2}' in UOM {3}.",,
Row {idx}: Asset Naming Series is mandatory for the auto creation of assets for item {item_code}.,,
Row({0}): Outstanding Amount cannot be greater than actual Outstanding Amount {1} in {2},,
Row({0}): {1} is already discounted in {2},,
row_name,,
row_no,,
Rows Added,,
Rows Added in {0},,
Rows Removed,,
Rows Removed in {0},,
Rows Threshold for Grid Search,,
Rows with duplicate due dates in other rows were found: {0},,
Rows: {0} have 'Payment Entry' as reference_type. This should not be set manually.,,
Rows: {0} in {1} section are Invalid. Reference Name should point to a valid Payment Entry or Journal Entry.,,
RQ Job,,
Rq Job,,
RQ Worker,,
Rq Worker,,
Rule,,
Rule Applied,,
Rule Conditions,,
Rule Description,,
"Rule for this doctype, role, permlevel and if-owner combination already exists.",,
Rule Name,,
Rules,,
Run Jobs only Daily if Inactive For (Days),,
runtime,,
Runtime in Minutes,,
Runtime in Seconds,,
S.O. No.,,
s_warehouse,,
sabb_batch_no,,
sabb_delivered_qty,,
sabb_qty,,
sabb_stock_value_difference,,
Safety Stock,,
safety_stock,,
Salary,,
"Salary already processed for period between {0} and {1}, Leave application period cannot be between this date range.",,
Salary Component Account,,
Salary Component Type,,
Salary Component {0} cannot be selected more than once in Employee Benefits,,
Salary Component {0} is currently not used in any Salary Structure.,,
Salary Component {0} must be of type 'Earning' to be used in Employee Benefit Ledger,,
"Salary components of type Provident Fund, Additional Provident Fund or Provident Fund Loan are not set up.",,
Salary Currency,,
Salary Detail,,
Salary Details,,
Salary Expectation,,
Salary Information,,
Salary Mode,,
Salary Paid Per,,
Salary Payments Based On Payment Mode,,
Salary Payments via ECS,,
Salary Register,,
Salary Slip already exists for {0} for the given dates,,
Salary Slip Based on Timesheet,,
Salary Slip creation is queued. It may take a few minutes,,
Salary slip emails have been enqueued for sending. Check {0} for status.,,
Salary Slip ID,,
Salary Slip Leave,,
Salary Slip Loan,,
Salary Slip not found.,,
Salary Slip of employee {0} already created for this period,,
Salary Slip of employee {0} already created for time sheet {1},,
Salary Slip Reference,,
Salary Slip submission is queued. It may take a few minutes,,
Salary Slip Timesheet,,
Salary Slip {0} failed for Payroll Entry {1},,
Salary Slip {0} failed. You can resolve the {1} and retry {0}.,,
Salary Slips,,
"Salary Slips already exist for employees {}, and will not be processed by this payroll.",,
Salary Slips Created,,
Salary Slips Submitted,,
Salary Slips submitted for period from {0} to {1},,
Salary Structure Assignment,,
Salary Structure Assignment for Employee already exists,,
Salary Structure Assignment not found for employee {0} on date {1},,
Salary Structure Missing,,
Salary Structure must be submitted before submission of {0},,
Salary Structure not assigned for employee {0} for date {1},,
Salary Structure {0} does not belong to company {1},,
Salary Structures updated successfully,,
Salary Withholding,,
Salary Withholding Cycle,,
Salary Withholding {0} already exists for employee {1} for the selected period,,
salary_withholding,,
salary_withholding_cycle,,
Sales,,
Sales & Purchase,,
Sales Account,,
Sales Analytics,,
Sales and Returns,,
Sales Contributions and Incentives,,
Sales Defaults,,
Sales Expenses,,
Sales Forecast,,
Sales Forecast Item,,
Sales Funnel,,
Sales Incoming Rate,,
Sales Invoice Advance,,
Sales Invoice does not have Payments,,
Sales Invoice is already consolidated,,
Sales Invoice is not created using POS,,
Sales Invoice is not submitted,,
Sales Invoice isn't created by user {},,
Sales Invoice Item,,
Sales Invoice mode is activated in POS. Please create Sales Invoice instead.,,
Sales Invoice No,,
Sales Invoice Payment,,
Sales Invoice Reference,,
Sales Invoice Timesheet,,
Sales Invoice Transactions,,
Sales Invoice Trends,,
Sales Invoice {0} has already been submitted,,
Sales Invoice {0} must be deleted before cancelling this Sales Order,,
Sales Monthly History,,
Sales Opportunities by Campaign,,
Sales Opportunities by Medium,,
Sales Opportunities by Source,,
Sales Order Analysis,,
Sales Order Date,,
Sales Order Item,,
Sales Order Packed Item,,
Sales Order Reference,,
Sales Order required for Item {0},,
Sales Order Schedule,,
Sales Order Status,,
Sales Order Trends,,
"Sales Order {0} already exists against Customer's Purchase Order {1}. To allow multiple Sales Orders, Enable {2} in {3}",,
Sales Order {0} is not available for production,,
Sales Order {0} is not submitted,,
Sales Order {0} is not valid,,
Sales Orders,,
Sales orders are not available for production,,
Sales Orders Count,,
Sales Orders Required,,
Sales Orders to Bill,,
Sales Orders to Deliver,,
Sales Partner,,
Sales Partner Commission Summary,,
Sales Partner Item,,
Sales Partner Name,,
Sales Partner Target,,
Sales Partner Target Variance based on Item Group,,
Sales Partner Target Variance Based On Item Group,,
Sales Partner Transaction Summary,,
Sales Partner Type,,
Sales Partners Commission,,
Sales Payment Summary,,
Sales Person,,
Sales Person <b>{0}</b> is disabled.,,
Sales Person Commission Summary,,
Sales Person Name,,
Sales Person Target Variance Based On Item Group,,
Sales Person Targets,,
Sales Person-wise Transaction Summary,,
Sales Pipeline,,
Sales Pipeline Analytics,,
Sales Pipeline by Stage,,
Sales Price List,,
Sales Register,,
Sales Return,,
Sales Stage,,
Sales Tax Template,,
Sales Tax Withholding Category,,
Sales Taxes,,
Sales Taxes and Charges,,
Sales Taxes and Charges Template,,
Sales Team,,
Sales Value,,
sales_forecast,,
sales_invoice,,
sales_order,,
Salutation,,
Salvage Value,,
Salvage Value Percentage,,
Same Company is entered more than once,,
Same Field is entered more than once,,
Same Item,,
Same item and warehouse combination already entered.,,
Same item cannot be entered multiple times.,,
Same supplier has been entered multiple times,,
Sample,,
Sample Quantity,,
Sample quantity {0} cannot be more than received quantity {1},,
Sample Retention Stock Entry,,
Sample Retention Warehouse,,
Sample Size,,
Sanctioned,,
Sanctioned Amount,,
Sanctioned Amount (Company Currency),,
Sanctioned Amount cannot be greater than Claim Amount in Row {0}.,,
Saturday,,
Save Anyway,,
Save on Completion,,
Saved,,
Saving Customization...,,
Saving this will export this document as well as the steps linked here as json.,,
sbe_name,,
Scan Barcode,,
Scan Job Card Qrcode,,
Scan Mode,,
"Scan mode enabled, existing quantity will not be fetched.",,
Scanned Cheque,,
Schedule,,
Schedule Date,,
Schedule Interview,,
Scheduled Against,,
Scheduled Date,,
Scheduled execution for script {0} has updated,,
Scheduled Job,,
Scheduled Job Log,,
Scheduled Job Type,,
Scheduled Jobs,,
Scheduled On,,
Scheduled Time,,
Scheduled Time Logs,,
Scheduled to send,,
Scheduler,,
Scheduler can not be re-enabled when maintenance mode is active.,,
Scheduler Event,,
Scheduler Inactive,,
Scheduler is Inactive. Can't trigger job now.,,
Scheduler is Inactive. Can't trigger jobs now.,,
Scheduler is inactive. Cannot enqueue job.,,
Scheduler is inactive. Cannot import data.,,
Scheduler is inactive. Cannot merge accounts.,,
Scheduler is inactive. Reposting will only run once background jobs are processed.,,
Scheduler Status,,
Scheduler: Active,,
Scheduler: Inactive,,
Schedules,,
Scheduling,,
Scheduling...,,
School/University,,
SCIO Detail,,
SCO Supplied Item,,
Scope,,
Scopes,,
Scopes Supported,,
Score,,
Score Earned,,
Score must be less than or equal to 5,,
Scorecard Actions,,
Scorecards,,
Scores,,
Scoring Criteria,,
Scoring Setup,,
Scoring Standings,,
Scrap Asset,,
Scrap date cannot be before purchase date,,
Scrap Warehouse,,
Scrapped,,
Script,,
Script Type,,
Scripting,,
Scripting / Style,,
Scripts,,
Search,,
Search APIs,,
Search Bar,,
"Search by customer name, phone, email.",,
Search by invoice id or customer name,,
"Search by item code, serial number or barcode",,
Search field {0} is not valid,,
Search Fields,,
Search fields updated.,,
Search Priorities,,
Search Sub Assemblies,,
Search Term Param Name,,
Search the docs (Press / to focus),,
Search values...,,
Second Email,,
Secondary Action Label,,
Secondary Action URL,,
Secondary Item Code,,
Secondary Item Name,,
Secondary Items,,
Secondary Items (as per BOM),,
Secondary Items (as per Manufacture Entries),,
Secondary Items Cost,,
Secondary Items Cost (Company Currency),,
Secondary Items Cost Per Qty,,
Secondary Items Generated,,
Secondary Party,,
Secondary Role,,
secondary_item_type,,
Section,,
Section Heading,,
Section ID,,
Secured Loans,,
Securities and Deposits,,
Security Alert: Your account is being impersonated,,
Security Alert: Your password has been changed.,,
Security Error: The Path provided is not safe.,,
Security Settings,,
Security Settings Contact,,
Security Settings Language,,
Security.txt,,
Security.txt will be served only under HTTPS.,,
See CTC Break-up,,
See on Website,,
See the document at {0},,
Seen,,
Seen By,,
Seen By Table,,
Select,,
Select a Brand Image first.,,
Select a company,,
Select a Company this Employee belongs to.,,
Select a Customer,,
Select a Default Priority.,,
Select a DocType to make a new format,,
Select a Payment Method.,,
Select a Supplier,,
Select a Supplier for Item {0},,
Select a valid Sender Field for creating documents from Email,,
Select a valid Subject field for creating documents from Email,,
Select Accounting Dimension.,,
Select Alternative Items for Sales Order,,
Select an account to print in account currency,,
Select an employee to get the employee advance.,,
Select an existing format to edit or start a new format.,,
Select an invoice to load summary data,,
Select an item from each set to be used in the Sales Order.,,
Select an Item Group.,,
Select Applicable Components for Overtime Type,,
Select at least one attribute value.,,
Select at least one Item,,
Select atleast 2 actions,,
Select Attribute Values,,
Select Batch No,,
Select Billing Address,,
Select BOM,,
Select BOM and Qty for Production,,
Select Child Table,,
Select Columns,,
Select Columns and Filters,,
Select Company,,
Select Corrective Operation,,
Select Country,,
Select Currency,,
Select Customers By,,
Select Dashboard,,
Select Date of Birth. This will validate Employees age and prevent hiring of under-age staff.,,
"Select Date of joining. It will have impact on the first salary calculation, Leave allocation on pro-rata bases.",,
Select Default Supplier,,
Select Difference Account,,
Select Dimension,,
Select Dispatch Address,,
Select DocType,,
Select Doctype,,
Select Document Type,,
Select Document Type or Role to start.,,
Select Document Types to set which User Permissions are used to limit access.,,
Select Employees,,
Select finance book for the item {0} at row {1},,
Select Finished Good,,
Select Google Calendar to which event should be synced.,,
Select Google Contacts to which contact should be synced.,,
Select Interview first,,
Select Interview Type First,,
Select item group,,
Select Items,,
Select Items based on Delivery Date,,
Select Items to Manufacture,,
Select Items to Receive,,
Select Items up to Delivery Date,,
Select Job Worker Address,,
Select Language,,
Select List View,,
Select Loyalty Program,,
Select Module,,
Select Month for LWP Reversal,,
Select Network Printer,,
Select Page,,
Select Payroll Frequency.,,
Select Payroll Period,,
Select Possible Supplier,,
Select Print Format,,
Select Print Format to Edit,,
Select Property,,
Select Quantity,,
Select Report,,
Select Serial and Batch,,
Select Serial No,,
Select Shift Requests,,
Select Shipping Address,,
Select Supplier Address,,
Select Supplier for Items,,
Select Table Columns for {0},,
Select Target Warehouse,,
Select template item,,
Select Terms and Conditions,,
Select the customer or supplier.,,
Select the date,,
Select the date after which this Leave Allocation will expire.,,
Select the date from which this Leave Allocation will be valid.,,
Select the Default Workstation where the Operation will be performed. This will be fetched in BOMs and Work Orders.,,
Select the Employee for which you want to allocate leaves.,,
Select the Employee.,,
Select the end date for your Leave Application.,,
Select the Item to be manufactured.,,
"Select the Item to be manufactured. The Item name, UoM, Company, and Currency will be fetched automatically.",,
"Select the Leave Type like Sick leave, Privilege Leave, Casual Leave, etc.",,
Select the raw materials (Items) required to manufacture the Item,,
Select the start date for your Leave Application.,,
Select the Warehouse,,
Select Time,,
Select Time Zone,,
Select Transaction,,
"Select type of leave the employee wants to apply for, like Sick Leave, Privilege Leave, Casual Leave, etc.",,
Select Users,,
Select variant item code for the template item {0},,
Select View,,
Select Warehouses to get Stock for Materials Planning,,
Select whether to get items from a Sales Order or a Material Request. For now select <b>Sales Order</b>.\n A Production Plan can also be created manually where you can select the Items to manufacture.,,
Select Workflow,,
Select Workspace,,
Select your Leave Approver i.e. the person who approves or rejects your leaves.,,
Select your weekly off day,,
Select {0},,
Selected employee advance is not of employee {0},,
Selected employee advance is not of employee {},,
Selected POS Opening Entry should be open.,,
Selected Price List should have buying and selling fields checked.,,
Selected Print Format does not exist.,,
Selected Serial and Batch Bundle entries have been fixed.,,
Selected Vouchers,,
Selected {doctype} does not contain the Item Code {item_code},,
Self Appraisal,,
Self Appraisal Pending: {0},,
Self Appraisal Score,,
Self approval is not allowed,,
Self Score,,
Self-approval for Expense Claims is not allowed,,
Self-approval for leaves is not allowed,,
Sell,,
Sell Asset,,
Sell Qty,,
Sell quantity cannot exceed the asset quantity,,
Sell quantity cannot exceed the asset quantity. Asset {0} has only {1} item(s).,,
Sell quantity must be greater than zero,,
Selling,,
Selling Amount,,
"Selling must be checked, if Applicable For is selected as {0}",,
Selling Price List,,
Selling Rate,,
Selling Settings,,
Semi Finished Good / Finished Good,,
Semi Finished Goods / Finished Goods,,
Send,,
Send Acknowledgement Email,,
Send After,,
Send After (days),,
Send Alert On,,
Send an email reminder in the morning,,
Send As Raw HTML,,
Send Attached Files,,
Send Document Print,,
Send Email,,
Send Email Alert,,
Send Email On State,,
Send Email To Creator,,
Send Emails,,
Send Emails At,,
Send Emails to Suppliers,,
Send Exit Questionnaire,,
Send Exit Questionnaires,,
Send Interview Feedback Reminder,,
Send Interview Reminder,,
Send Leave Notification,,
Send Me A Copy of Outgoing Emails,,
Send Notification to,,
Send Notifications For Documents Followed By Me,,
Send Notifications For Email Threads,,
Send Now,,
Send only if there is any data,,
Send Print as PDF,,
Send Reset Link,,
Send SMS,,
Send System Notification,,
Send To,,
Send To All Assignees,,
Send To Primary Contact,,
Send to Subcontractor,,
Send unsubscribe message in email,,
Send Welcome Email,,
Send with Attachment,,
Sender,,
Sender Copy,,
Sender Email,,
Sender Email Field,,
Sender Field should have Email in options,,
Sender Name,,
Sender Name Field,,
Sending Email,,
Sending Failed due to missing email information for employee(s): {1},,
Sent,,
Sent Folder Name,,
Sent On,,
Sent or Received,,
Sent Read Receipt,,
Sent Successfully: {0},,
Sent To,,
Sep,,
Separation Activities,,
Separation Begins On,,
Separations (This Month),,
Sequence,,
Sequence ID,,
Sequence Id,,
Serial & Batch Item,,
Serial / Batch,,
Serial / Batch Bundle,,
Serial / Batch Bundle Missing,,
Serial / Batch No,,
Serial and Batch,,
Serial and Batch Bundle,,
Serial and Batch Bundle created,,
Serial and Batch Bundle Exists,,
Serial and Batch Bundle updated,,
Serial and Batch Bundle {0} is already used in {1} {2}.,,
Serial and Batch Bundle {0} is not submitted,,
Serial and Batch Bundle {0} is submitted and its entries cannot be modified.,,
Serial and Batch Details,,
Serial and Batch Entry,,
Serial and Batch No,,
Serial and Batch No for Item Disabled,,
Serial and Batch Nos,,
Serial and Batch Reservation,,
Serial and Batch Summary,,
Serial Item settings,,
Serial No (In/Out),,
Serial No / Batch,,
Serial No Already Assigned,,
Serial No and Batch,,
Serial No and Batch Selector cannot be use when Use Serial / Batch Fields is enabled.,,
Serial No and Batch Traceability,,
Serial No Count,,
Serial No is mandatory,,
Serial No is mandatory for Item {0},,
Serial No Ledger,,
Serial No Reserved,,
Serial No Series Overlap,,
Serial No Service Contract Expiry,,
Serial No Status,,
Serial No status sync has been queued. Reload the report after a few minutes.,,
Serial No Warranty Expiry,,
Serial No {0} does not belong to Delivery Note {1},,
Serial No {0} does not belong to Item {1},,
Serial No {0} does not exist,,
Serial No {0} does not exists,,
Serial No {0} is already assigned to customer {1}. Can only be returned against the customer {1},,
Serial No {0} is already Delivered. You cannot use them again in Manufacture / Repack entry.,,
Serial No {0} is not available in the selected inventory dimensions: {1},,
"Serial No {0} is not present in the {1} {2}, hence you can't return it against the {1} {2}",,
Serial No {0} is under maintenance contract upto {1},,
Serial No {0} is under warranty upto {1},,
Serial No {0} not found,,
Serial No: {0} has already been transacted into another POS Invoice.,,
Serial Nos,,
Serial Nos / Batches,,
Serial Nos are created successfully,,
"Serial Nos are reserved in Stock Reservation Entries, you need to unreserve them before proceeding.",,
Serial Nos {0} are already Delivered. You cannot use them again in Manufacture / Repack entry.,,
Serial Number Series,,
Serial number {0} entered more than once,,
Serial numbers unavailable for Item {0} under warehouse {1}. Please try changing warehouse.,,
serial_no,,
Series counter for {} updated to {} successfully,,
Series for Asset Depreciation Entry (Journal Entry),,
Series is mandatory,,
Series List for this Transaction,,
Series Updated for {},,
Series {0} already used in {1},,
Server Error,,
Server IP,,
Server is busy. Please try again in a few seconds.,,
Server Script,,
Server Scripts are disabled. Please enable server scripts from bench configuration.,,
Server Scripts feature is not available on this site.,,
Service,,
Service Address,,
Service Cost Per Qty,,
Service Day,,
Service Details,,
Service End Date,,
Service Expense,,
Service Expense Account,,
Service Expense Total Amount,,
Service Expenses,,
Service Item,,
Service Item Qty,,
Service Item UOM,,
Service Item {0} is disabled.,,
Service Item {0} must be a non-stock item.,,
Service Items,,
Service Level Agreement,,
Service Level Agreement Creation,,
Service Level Agreement Details,,
Service Level Agreement for {0} {1} already exists.,,
Service Level Agreement has been changed to {0}.,,
Service Level Agreement Status,,
Service Level Agreement was reset.,,
Service Level Agreements,,
Service Level Name,,
Service Level Priority,,
Service Provider,,
Service Start Date,,
Service Stop Date,,
Service Stop Date cannot be after Service End Date,,
Service Stop Date cannot be before Service Start Date,,
Services,,
Session Created,,
Session Default,,
Session Default Settings,,
Session Defaults,,
Session Expired,,
Session Expiry (idle timeout),,
Session Expiry must be in format {0},,
Sessions,,
Set,,
Set Accepted Warehouse,,
Set Advances and Allocate (FIFO),,
Set as Closed,,
Set as Completed,,
Set as Default,,
Set as Default Theme,,
Set as Lost,,
Set as Open,,
Set Assignment Details,,
Set Banner from Image,,
Set Basic Rate Manually,,
Set by Item Tax Template,,
Set default inventory account for perpetual inventory,,
Set Default Supplier,,
Set default {0} account for non stock items,,
Set Delivery Warehouse,,
Set Dropship Items Delivered Quantity,,
Set Dynamic Filters,,
Set Filters,,
Set From Warehouse,,
Set Grand Total to Default Payment Method,,
Set incoming rate as zero for expired Batch,,
Set Landed Cost Based on Purchase Invoice Rate,,
Set Leave Details,,
Set Loyalty Program,,
Set New Password,,
Set New Release Date,,
Set Number of Backups,,
Set only once,,
Set Operating Cost / Secondary Items From Sub-assemblies,,
Set Operating Cost Based On BOM Quantity,,
Set Parent Row No in Items Table,,
Set Password,,
Set Permissions,,
Set Posting Date,,
Set Process Loss Item Quantity,,
Set Project and all Tasks to status {0}?,,
Set Project Status,,
Set Properties,,
Set Property After Alert,,
Set Quantity,,
Set quantity of process loss item:,,
Set rate of sub-assembly item based on BOM,,
Set Relieving Date for Employee: {0},,
Set Reserve Warehouse,,
Set Response Time for Priority {0} in row {1}.,,
Set Role For,,
Set Serial and Batch Bundle Naming Based on Naming Series,,
Set Source Warehouse,,
Set Supplier,,
Set Supplier for All Items,,
Set Target Warehouse,,
Set the default account for the {0} {1},,
Set the frequency for holiday reminders,,
Set the Planned Start Date (an Estimated Date at which you want the Production to begin),,
Set the status to {0} if required.,,
Set this if the customer is a Public Administration company.,,
Set User Permissions,,
Set Valuation Rate Based on Source Warehouse,,
Set valuation rate for rejected Materials,,
Set Value,,
Set Warehouse,,
Set {0} for selected employees,,
Set {0} in asset category {1} for company {2},,
Set {0} in asset category {1} or company {2},,
Set {0} in company {1},,
set {0} to,,
set {0} to {1} in row #{2},,
Setting defaults,,
"Setting Events to {0}, since the Employee attached to the below Sales Persons does not have a User ID{1}",,
Setting Item Locations...,,
Setting this Address Template as default as there is no other default,,
Setting up company,,
Setting up Global Search documents.,,
Setting up your system,,
Setting {0} is required,,
Settings,,
Settings Dropdown,,
Settings Missing,,
Settle against Advances,,
Settle all Payables and Receivables before submission,,
Settled,,
Setup,,
Setup > Customize Form,,
Setup > User,,
Setup > User Permissions,,
Setup Complete,,
Setup failed,,
Setup Series for transactions,,
Share,,
Share Balance,,
Share Ledger,,
Share Management,,
Share Transfer,,
Share Type,,
Shared document with the user {0} with 'Submit' permission,,
Shared with the following Users with Read access:{0},,
Shareholder,,
Shelf Life in Days,,
Shelf Life In Days,,
Shift,,
Shift & Attendance,,
Shift Actual End,,
Shift Actual End Time,,
Shift Actual Start,,
Shift Actual Start Time,,
Shift and Attendance,,
Shift Assignment Details,,
Shift Assignment History,,
Shift Assignment Tool,,
Shift Assignment: {0} created for Employee: {1},,
Shift Assignments created for the schedule between {0} and {1} via background job,,
Shift assignments for {0} after {1} are already created. Please change {2} date to a date later than {3} {4},,
Shift Attendance,,
Shift Details,,
Shift End,,
Shift Factor,,
Shift has been successfully updated to {0}.,,
Shift Location,,
Shift Name,,
Shift Request Approver,,
Shift Request Filters,,
Shift Request History,,
Shift Schedule,,
Shift Schedule Assignment,,
Shift Settings,,
Shift Start,,
Shift Status,,
Shift Time (In Hours),,
Shift Timings,,
Shifts,,
Shipment,,
Shipment Amount,,
Shipment Delivery Note,,
Shipment details,,
Shipment ID,,
Shipment Information,,
Shipment Parcel,,
Shipment Parcel Template,,
Shipment Type,,
Shipments,,
Shipping Account,,
Shipping Address,,
Shipping Address Details,,
Shipping Address does not belong to the {0},,
"Shipping Address does not have country, which is required for this Shipping Rule",,
Shipping Address Name,,
Shipping Address Template,,
Shipping Amount,,
Shipping City,,
Shipping Country,,
Shipping County,,
Shipping Rule,,
Shipping Rule Condition,,
Shipping Rule Conditions,,
Shipping Rule Country,,
Shipping Rule Label,,
Shipping rule not applicable for country {0} in Shipping Address,,
Shipping rule only applicable for Buying,,
Shipping rule only applicable for Selling,,
Shipping Rule Type,,
Shipping State,,
Shipping Zipcode,,
Shopping Cart,,
Short keyboard patterns are easy to guess,,
Short Name,,
Short Term Loan Account,,
Short-term Investments,,
Short-term Provisions,,
Shortage Qty,,
Shortcuts,,
Shortlist,,
Show Absolute Datetime in Timeline,,
Show Absolute Values,,
Show account deletion link in My Account page,,
Show Aggregate Value from Subsidiary Companies,,
Show all Versions,,
Show Alternate UOM Balance,,
Show Arrow,,
Show as cc,,
Show attachments,,
Show Auth Server Metadata,,
Show availability of exploded items,,
Show balances in Chart of Accounts,,
Show barcode field in stock transactions,,
Show Board,,
Show Calendar,,
Show Cancelled Entries,,
Show Completed,,
Show Confetti,,
Show Credit / Debit in Company Currency,,
Show Cumulative Amount,,
Show Currency Symbol on Right Side,,
Show Dashboard,,
Show Description on Click,,
Show Dimension Wise Stock,,
Show Disabled Items,,
Show Disabled Warehouses,,
Show Document,,
Show Employee,,
Show External Link Warning,,
Show Failed Logs,,
Show First Document Tour,,
Show footer on login,,
Show Form Tour,,
Show Full Error and Allow Reporting of Issues to the Developer,,
Show Full Form?,,
Show Full Number,,
Show Future Payments,,
Show GL Balance,,
Show Group Accounts,,
Show in Bucket View,,
Show in filter,,
Show in Module Section,,
Show in Resource Metadata,,
Show In Website,,
Show in Website,,
Show inclusive tax in print,,
Show Item Name,,
Show Items,,
Show Labels,,
Show Language Picker,,
Show Latest Forum Posts,,
Show Leave Balances in Salary Slip,,
Show Leaves Of All Department Members In Calendar,,
Show Ledger View,,
Show Line Breaks after Sections,,
Show link to document,,
Show Linked Delivery Notes,,
Show list,,
Show net values in opening and closing columns,,
Show Net Values in Party Account,,
Show on Timeline,,
Show Only Failed Logs,,
Show only POS,,
Show only the Immediate Upcoming Term,,
Show Open,,
Show Opening and Closing Balance,,
Show Opening Entries,,
Show Operations,,
Show pay button in Purchase Order portal,,
Show Payment Details,,
Show Payment Schedule in print,,
Show pending entries,,
Show Percentage Stats,,
Show Permissions,,
Show Preview,,
Show Preview Popup,,
Show Processlist,,
Show Protected Resource Metadata,,
Show Remarks,,
Show Report,,
Show Return Entries,,
Show Salary Slip,,
Show Sales Person,,
Show Section Headings,,
Show sidebar,,
Show Sidebar,,
Show Similar Errors,,
Show Social Login Key as Authorization Server,,
Show Stock Ageing Data,,
Show Tags,,
Show taxes as table in print,,
Show Title,,
Show Title in Link Fields,,
Show Tour,,
Show Traceback,,
Show unclosed fiscal year's P&L balances,,
Show Users,,
Show Values over Chart,,
Show Variant Attributes,,
Show Variants,,
Show Warehouse-wise Stock,,
Show with upcoming revenue/expense,,
Show zero values,,
Show {0},,
si,,
si_item,,
si_item_group,,
si_item_name,,
si_qty,,
Sidebar,,
Sidebar and Comments,,
Sidebar Item Group,,
Sidebar Item Group Link,,
Sidebar Items,,
Sidebar Settings,,
Sign Out,,
Sign Up and Confirmation,,
Sign Up is disabled,,
Sign ups,,
Signatory Position,,
Signature,,
Signed,,
Signed By (Company),,
Signed On,,
Signee,,
Signee (Company),,
Signee Details,,
Simultaneous Sessions,,
"Since there is a process loss of {0} units for the finished good {1}, you should reduce the quantity by {0} units for the finished good {1} in the Items Table.",,
"Since you have enabled 'Track Semi Finished Goods', at least one operation must have 'Is Final Finished Good' checked. For that set the FG / Semi FG Item as {0} against an operation.",,
"Since {0} are Serial No/Batch No items, you cannot enable 'Recreate Stock Ledgers' in Repost Item Valuation.",,
"Since {0} has 'Update Stock' disabled, you cannot create repost item valuation against it",,
Single Assignment,,
Single DocTypes cannot be customized.,,
Single Thread,,
Single Types have only one record no tables associated. Values are stored in tabSingles,,
Single Variant,,
"Site is running in read only mode for maintenance or site update, this action can not be performed right now. Please try again later.",,
Size,,
Size (MB),,
Skill,,
Skill Assessment,,
Skill Name,,
Skills,,
Skip Authorization,,
Skip Auto Attendance,,
Skip Delivery Note,,
Skip Material Transfer,,
Skip Material Transfer to WIP,,
Skip Material Transfer to WIP Warehouse,,
Skip Next Execution,,
Skipped,,
Skipped {0} DocType(s):<br>{1},,
Skipping column {0},,
Skipping Duplicate Column {0},,
Skipping fixture syncing for doctype {0} from file {1},,
"Skipping Salary Structure Assignment for the following employees, as Salary Structure Assignment records already exists against them. {0}",,
Skipping Untitled Column,,
"Skipping {0} of {1}, {2}",,
Skype,,
Skype ID,,
SLA Fulfilled On,,
SLA Paused On,,
SLA will be applied if {1} is set as {2}{3},,
SLA will be applied on every {0},,
Slack Channel,,
Slack Webhook Error,,
Slack Webhook Url,,
Slack Webhook URL,,
Slideshow,,
Slideshow Items,,
Slideshow Name,,
Slug,,
Small,,
Smallest Currency Fraction Value,,
Smoothing Constant,,
Sms Center,,
SMS Center,,
SMS Gateway URL,,
SMS Log,,
Sms Log,,
Sms Parameter,,
SMS sent successfully,,
Sms Settings,,
SMS Settings,,
SMS Settings.allowed_roles not found. Update the Frappe Framework app to a,,
SMTP Server is required,,
sn,,
Snapshot Report,,
Snapshot Reports,,
Snippet and more variables:  {0},,
SO Qty,,
SO Total Qty,,
so_item_code,,
Social Link Settings,,
Social Link Type,,
Social Login Key,,
Social Login Provider,,
Social Logins,,
SocketIO Ping Check,,
SocketIO Transport Mode,,
Software,,
Software ID,,
Software Version,,
sold,,
Sold,,
Sold by,,
Solvency Ratios,,
Some columns might get cut off when printing to PDF. Try to keep number of columns under 10.,,
Some required Company details are missing. You don't have permission to update them. Please contact your System Manager.,,
Something went wrong during the token generation. Click on {0} to generate a new one.,,
Something went wrong please try again,,
"Sorry, this coupon code is no longer valid",,
"Sorry, this coupon code's validity has expired",,
"Sorry, this coupon code's validity has not started",,
Sort Field,,
Sort field {0} must be a valid fieldname,,
Sort Options,,
Sort Order,,
Source,,
Source and Target Location cannot be same,,
Source and target shifts cannot be the same,,
Source and target warehouse cannot be same for row {0},,
Source and target warehouse must be different,,
Source DocType,,
Source Document,,
Source Document Name,,
Source Document No,,
Source Document Type,,
Source Exchange Rate,,
Source Fieldname,,
Source Location,,
Source Manufacture Entry,,
Source Name,,
Source of Funds (Liabilities),,
Source Stock Entry (Manufacture),,
"Source Stock Entry {0} belongs to Work Order {1}, not {2}. Please use a manufacture entry from the same Work Order.",,
Source Stock Entry {0} has no finished goods quantity,,
Source Text,,
Source Type,,
Source Warehouse,,
Source Warehouse Address,,
Source Warehouse Address Link,,
Source warehouse is mandatory for row {0},,
Source Warehouse is mandatory for the Item {0}.,,
Source warehouse required for stock item {0},,
Source Warehouse {0} must be same as Customer Warehouse {1} in the Subcontracting Inward Order.,,
source_warehouse,,
Sourced by Supplier,,
South Africa Vat Account,,
South Africa Vat Settings,,
Spacer,,
Special Characters are not allowed,,
"Special Characters except '-', '#', '.', '/', '{{' and '}}' not allowed in naming series {0}",,
Spending for Account {0} ({1}) between {2} and {3},,
Splash Image,,
Split,,
Split Asset,,
Split Batch,,
Split Columns,,
Split From,,
Split Issue,,
Split Qty,,
Split Quantity must be less than Asset Quantity,,
Splitting {0} {1} into {2} rows as per Payment Terms,,
Sponsored Amount,,
SQL Explain,,
SQL functions are not allowed as strings in SELECT: {0}. Use dict syntax like {{'COUNT': '*'}} instead.,,
SQL Output,,
SQL Queries,,
Sr,,
sre_name,,
SSL/TLS Mode,,
Stack Trace,,
Staffing Details,,
Staffing Plan,,
Staffing Plan Detail,,
Staffing Plan {0} already exist for designation {1},,
Stage,,
Stage Name,,
Stale Days,,
Stale Days should start from 1.,,
Standard,,
Standard Buying,,
Standard Description,,
Standard DocType can not be deleted.,,
"Standard DocType cannot have default print format, use Customize Form",,
Standard Multiplier,,
Standard Not Set,,
Standard Permissions,,
Standard Print Format cannot be updated,,
Standard Print Style cannot be changed. Please duplicate to edit.,,
Standard Rated Expenses,,
Standard rated supplies in {0},,
Standard reports can only be created in developer mode.,,
Standard Reports cannot be deleted,,
Standard Reports cannot be edited,,
Standard rich text editor with controls,,
Standard roles cannot be disabled,,
Standard roles cannot be renamed,,
Standard Selling,,
Standard Selling Rate,,
Standard Sidebar Menu,,
Standard Tax Exemption Amount,,
Standard user type {0} can not be deleted.,,
"Standard Web Forms can not be modified, duplicate the Web Form instead.",,
Standard Working Hours,,
Standing Name,,
Start,,
Start / Resume,,
"Start and end dates not in a valid Payroll Period, cannot calculate {0}.",,
Start Date,,
Start Date cannot be after End Date,,
Start Date cannot be before the current date,,
Start date cannot be greater than end date,,
Start date cannot be greater than end date.,,
Start Date Field,,
Start date should be less than end date for Item {0},,
Start date should be less than end date for task {0},,
Start Date should be lower than End Date,,
Start date: {0},,
Start entering data below this line,,
Start Import,,
Start Job,,
Start Merge,,
Start new Format,,
Start Recording,,
Start Reposting,,
Start Time,,
Start time and end time cannot be same.,,
Start Time can't be greater than or equal to End Time for {0}.,,
Start Timer,,
Start Year,,
Start Year and End Year are mandatory,,
start_date,,
start_time,,
Started,,
Started a background job to create {1} {0}. {2},,
Started At,,
Starting Frappe ...,,
Starting location from left edge,,
Starting position from top edge,,
starting the setup...,,
Starts on,,
State,,
State/Province,,
Statement Format,,
Statement Of Accounts,,
Statement PDF Password,,
Statement Period,,
States,,
Static Parameters,,
Statistical Component,,
Statistics,,
Stats,,
Stats Time Interval,,
Status and Reference,,
Status Details,,
Status for Other Half,,
Status Illustration,,
Status must be Cancelled or Completed,,
Status must be one of {0},,
Status set to rejected as there are one or more rejected readings.,,
Status Updated. The email will be picked up in the next scheduled run.,,
Step,,
Steps,,
Sticky,,
Stock,,
Stock Adjustment,,
Stock Adjustment Account,,
Stock Ageing,,
Stock Analytics,,
Stock and Account Value Comparison,,
Stock and accounting values could not be reconciled by reposting for {0}.,,
Stock and Manufacturing,,
Stock Asset Account,,
Stock Assets,,
Stock Available,,
Stock Balance,,
Stock Balance Report,,
Stock cannot be reserved in group warehouse {0}.,,
Stock cannot be reserved in the group warehouse {0}.,,
Stock cannot be updated against the following Delivery Notes: {0},,
Stock cannot be updated because the invoice contains a drop shipping item. Please disable 'Update Stock' or remove the drop shipping item.,,
Stock cannot be updated for Purchase Invoice {0} because a Purchase Receipt {1} has already been created for this transaction. Please disable the 'Update Stock' checkbox in the Purchase Invoice and save the invoice.,,
Stock Capacity,,
Stock Closing,,
Stock Closing Balance,,
Stock Closing Entry,,
Stock Closing Entry In Progress,,
Stock Closing Entry Outdated,,
Stock Closing Entry Required,,
Stock Closing Entry {0} already exists for the selected date range,,
Stock Closing Entry {0} belongs to a closed accounting period. Cancel the Period Closing Voucher {1} first.,,
"Stock Closing Entry {0} has been queued for processing, system will take sometime to complete it.",,
Stock Closing Log,,
Stock Details,,
Stock Entries already created for Work Order {0}: {1},,
"Stock entries exist with the old account. Changing the account may lead to a mismatch between the warehouse closing balance and the account closing balance. The overall closing balance will still match, but not for the specific account.",,
Stock Entry (Outward GIT),,
Stock Entry Child,,
Stock Entry Detail,,
Stock Entry Item,,
Stock Entry Type,,
Stock Entry {0} created,,
Stock Entry {0} has created,,
Stock Entry {0} is not submitted,,
Stock Expense,,
Stock Expense Accounting,,
Stock Expenses,,
Stock Frozen,,
Stock frozen up to,,
Stock has been unreserved for work order {0}.,,
Stock In Hand,,
Stock Items,,
Stock Ledger,,
Stock Ledger Entries and GL Entries are reposted for the selected Purchase Receipts,,
Stock Ledger Entry,,
Stock Ledger ID,,
Stock Ledger Invariant Check,,
Stock Ledger Variance,,
Stock Levels,,
Stock Levels HTML,,
Stock Liabilities,,
Stock Movement,,
Stock not available for Item {0} in Warehouse {1}.,,
Stock not available to reserve for the Item {0} in Warehouse {1}.,,
Stock Options,,
Stock Planning,,
Stock Projected Qty,,
Stock Qty,,
Stock Qty vs Batch Qty,,
Stock Qty vs Serial No Count,,
Stock quantity not enough for Item Code: {0} under warehouse {1}. Available quantity {2} {3}.,,
Stock Received But Not Billed,,
Stock Reconciliation Item,,
Stock Reconciliations,,
Stock Reports,,
Stock Reposting Settings,,
Stock Reservation,,
Stock Reservation can only be created against {0}.,,
Stock Reservation Entries Cancelled,,
Stock Reservation Entries Created,,
Stock Reservation Entries created,,
Stock Reservation Entry,,
Stock Reservation Entry cannot be updated as it has been delivered.,,
"Stock Reservation Entry created against a Pick List cannot be updated. If you need to make changes, we recommend canceling the existing entry and creating a new one.",,
Stock Reservation Warehouse Mismatch,,
Stock Reserved Qty,,
Stock Reserved Qty (in Stock UOM),,
Stock Settings,,
Stock Summary,,
Stock Transactions,,
Stock transactions before {0} are frozen,,
"Stock transactions dated on or before {0} are frozen because the period is closed and the Stock Closing Entry {1} has been generated. To make changes, cancel the Period Closing Voucher first.",,
Stock transactions were created or modified after the Stock Closing Entry {0} was generated. Regenerate it before submitting the Period Closing Voucher.,,
Stock Unreservation,,
Stock UOM,,
Stock Uom,,
Stock Update Not Allowed,,
Stock Validations,,
Stock Value,,
Stock Value by Item Group,,
Stock Value Mismatch,,
Stock/Accounts can not be frozen as processing of backdated entries is going on. Please try again later.,,
stock_balance,,
stock_qty,,
stock_reservation_entry,,
stock_uom,,
stock_value,,
stock_value_difference,,
Stop,,
Stop Reason,,
Stopped,,
"Stopped Work Order cannot be cancelled, Unstop it first to cancel",,
Storage Usage (MB),,
Storage Usage By Table,,
Store Attached PDF Document,,
Store the API secret securely. It won't be displayed again.,,
Stores,,
Straight rows of keys are easy to guess,,
STRING_AGG,,
Strip EXIF tags from uploaded images,,
STRPOS,,
Structures have been assigned successfully,,
Style,,
Style Settings,,
Stylesheet,,
Sub Assemblies,,
Sub Assemblies & Raw Materials,,
Sub Assembly Item Code,,
Sub Assembly Item Reference,,
Sub assembly item references are missing. Please fetch the sub assemblies and raw materials again.,,
Sub Assembly Items,,
Sub Assembly Warehouse,,
Sub Operation,,
Sub Operations,,
Sub Procedure,,
Sub-assembly BOM Count,,
Sub-contracting,,
Subcontract,,
Subcontract BOM,,
Subcontract Order,,
Subcontract Order Summary,,
Subcontract Return,,
Subcontracted Item,,
Subcontracted Item To Be Received,,
Subcontracted Purchase Order,,
Subcontracted Quantity,,
Subcontracted Raw Materials To Be Transferred,,
Subcontracting,,
Subcontracting BOM,,
Subcontracting Conversion Factor,,
Subcontracting Delivery,,
Subcontracting Finished Good,,
Subcontracting Inward,,
Subcontracting Inward Order,,
Subcontracting Inward Order Count,,
Subcontracting Inward Order Item,,
Subcontracting Inward Order Received Item,,
Subcontracting Inward Order Secondary Item,,
Subcontracting Inward Order Service Item,,
Subcontracting Order Item,,
Subcontracting Order Service Item,,
Subcontracting Order Supplied Item,,
Subcontracting Order {0} created.,,
Subcontracting Outward Order,,
Subcontracting Outward Order Count,,
Subcontracting Purchase Order,,
Subcontracting Receipt Item,,
Subcontracting Receipt Supplied Item,,
Subcontracting Return,,
Subcontracting Sales Order,,
Subcontracting Service Item,,
Subcontracting Settings,,
Subdivision,,
Subdomain,,
Subject,,
Subject Field,,
"Subject Field type should be Data, Text, Long Text, Small Text, Text Editor",,
submission,,
Submission Date,,
Submission Failed,,
Submission of {0} before {1} is not allowed,,
Submission Queue,,
Submit Action Failed,,
Submit After Import,,
Submit an Issue,,
Submit button label,,
Submit ERR Journals?,,
Submit Feedback,,
Submit Generated Invoices,,
Submit Journal entries,,
Submit on Creation,,
Submit Overtime Slips,,
Submit Proof,,
Submit Salary Slip,,
Submit this Leave Application to confirm.,,
Submit this to create the Employee record,,
Submit this Work Order for further processing.,,
Submit your Quotation,,
Submitted,,
submitted,,
Submitted Document cannot be converted back to draft. Transition row {0},,
Submitted Job Card cannot be processed.,,
submitted this document,,
Submitted via Payroll Entry,,
Submitting Salary Slips and creating Journal Entry...,,
Submitting Salary Slips...,,
Submitting {0},,
Subscription,,
Subscription End Date,,
Subscription End Date is mandatory to follow calendar months,,
Subscription End Date must be after {0} as per the subscription plan,,
Subscription for Future dates cannot be processed.,,
Subscription Invoice,,
subscription is already cancelled.,,
Subscription Management,,
Subscription Period,,
Subscription Plan,,
Subscription Plan Detail,,
Subscription Plans,,
Subscription Price Based On,,
Subscription Settings,,
Subscription Start Date,,
Subscriptions,,
Subsidiary companies have already planned for {1} vacancies at a budget of {2}. Staffing Plan for {0} should allocate more vacancies and budget for {3} than planned for its subsidiary companies,,
Subtitle,,
Succeeded,,
Succeeded Entries,,
Success,,
Success Action,,
Success message,,
Success Redirect URL,,
Success title,,
Success URI,,
Success URL,,
Successful Job Count,,
Successful Transactions,,
Successful: {0} to {1},,
"Successfully changed Stock UOM, please redefine conversion factors for new UOM.",,
Successfully created {0} for employees:,,
Successfully imported {0},,
Successfully imported {0} out of {1} records.,,
"Successfully imported {0} record out of {1}. Click on Export Errored Rows, fix the errors and import again.",,
Successfully imported {0} record.,,
"Successfully imported {0} records out of {1}. Click on Export Errored Rows, fix the errors and import again.",,
Successfully imported {0} records.,,
Successfully linked to Customer,,
Successfully linked to Supplier,,
Successfully merged {0} out of {1}.,,
Successfully Reconciled,,
Successfully reset onboarding status for all users.,,
Successfully Set Supplier,,
Successfully signed out,,
Successfully Updated,,
Successfully updated {0},,
Successfully updated {0} out of {1} records.,,
"Successfully updated {0} record out of {1}. Click on Export Errored Rows, fix the errors and import again.",,
Successfully updated {0} record.,,
"Successfully updated {0} records out of {1}. Click on Export Errored Rows, fix the errors and import again.",,
Successfully updated {0} records.,,
Suggest Optimizations,,
Suggested Indexes,,
Suggested Username: {0},,
sum,,
Sum of benefit amounts {0} exceeds maximum limit of {1},,
Summarized View,,
Summary,,
Summary for this month and pending activities,,
Summary for this week and pending activities,,
Sunday,,
Supplied Item,,
Supplied Items,,
Supplied Qty,,
Supplier > Supplier Type,,
Supplier Address,,
Supplier Address Details,,
Supplier Addresses And Contacts,,
Supplier Contact,,
Supplier Defaults,,
Supplier delivers to Customer,,
Supplier Delivery Note,,
Supplier Details,,
Supplier Group,,
Supplier Group Item,,
Supplier Group Name,,
Supplier Info,,
Supplier Invoice,,
Supplier Invoice Date,,
Supplier Invoice No,,
Supplier Invoice No exists in Purchase Invoice {0},,
Supplier is required for all selected Items,,
Supplier Item,,
Supplier Lead Time (days),,
Supplier Ledger,,
Supplier Ledger Summary,,
Supplier Name,,
Supplier Naming By,,
Supplier Number,,
Supplier Number At Customer,,
Supplier Numbers,,
Supplier Part No,,
Supplier Part Number,,
Supplier Portal Users,,
Supplier Quotation,,
Supplier Quotation Comparison,,
Supplier Quotation Item,,
Supplier Quotation {0} already exists against Request for Quotation {1},,
Supplier Quotation {0} Created,,
Supplier Required,,
Supplier Score,,
Supplier Scorecard,,
Supplier Scorecard Criteria,,
Supplier Scorecard Period,,
Supplier Scorecard Scoring Criteria,,
Supplier Scorecard Scoring Standing,,
Supplier Scorecard Scoring Variable,,
Supplier Scorecard Setup,,
Supplier Scorecard Standing,,
Supplier Scorecard Variable,,
Supplier Type,,
Supplier Warehouse,,
Supplier {0} not found in {1},,
Supplier(s),,
supplier_invoice_date,,
supplier_invoice_no,,
supplier_name,,
Suppliers,,
Supplies subject to the reverse charge provision,,
Supply,,
Support,,
Support Hour Distribution,,
Support Portal,,
Support Search Source,,
Support Settings,,
Support Tickets,,
Suspected Discount Amount,,
Suspend Sending,,
Suspended,,
SWIFT number,,
SWIFT Number,,
Switch Between Payment Modes,,
Symbol,,
symbol,,
Sync,,
Sync Calendar,,
Sync Contacts,,
Sync Data,,
Sync events from Google as public,,
Sync In Batches,,
Sync Now,,
Sync on Migrate,,
Sync Serial No Status,,
Sync Started,,
Sync Timeout (Seconds),,
"Sync token was invalid and has been reset, Retry syncing.",,
Sync with Google Calendar,,
Sync with Google Contacts,,
Sync {0},,
Sync {0} Fields,,
Synced,,
Synced Fields,,
Synchronize all accounts every hour,,
Syncing,,
Syncing {0} of {1},,
Syntax Error,,
Syntax error,,
Syntax error in condition: {0} in Income Tax Slab,,
System,,
System Console,,
System Generated Fields can not be renamed,,
System Health Report,,
System Health Report Errors,,
System Health Report Failing Jobs,,
System Health Report Queue,,
System Health Report Tables,,
System Health Report Workers,,
System In Use,,
System Manager privileges required.,,
System Page,,
System Users,,
System will not check over billing since amount for Item {0} in {1} is zero,,
t1,,
t2,,
tab,,
Tab,,
Tab 1 Content,,
Tab 1 Title,,
Tab 2 Content,,
Tab 2 Title,,
Tab 3 Content,,
Tab 3 Title,,
Tab 4 Content,,
Tab 4 Title,,
Tab 5 Content,,
Tab 5 Title,,
Tab 6 Content,,
Tab 6 Title,,
Table,,
Table Field,,
Table Fieldname,,
Table Fieldname Missing,,
Table HTML,,
"Table MultiSelect requires a table with at least one Link field, but none was found in {0}",,
Table Trimmed,,
Table {0} cannot be empty,,
Tag,,
Tag Link,,
Tap,,
Target,,
Target  Amount,,
Target ({}),,
Target Asset,,
Target Asset {0} cannot be cancelled,,
Target Asset {0} cannot be submitted,,
Target Asset {0} cannot be {1},,
Target Asset {0} does not belong to company {1},,
Target Asset {0} needs to be composite asset,,
Target Detail,,
Target Details,,
Target Distribution,,
Target Exchange Rate,,
Target Fieldname (Stock Ledger Entry),,
Target Fixed Asset Account,,
Target Incoming Rate,,
Target Item Code,,
Target Item {0} must be a Fixed Asset item,,
Target Location,,
Target Location is required for transferring Asset {0},,
Target Location is required while receiving Asset {0},,
Target On,,
Target Qty,,
Target Warehouse,,
Target Warehouse Address,,
Target Warehouse Address Link,,
Target Warehouse for Finished Good must be same as Finished Good Warehouse {1} in Work Order {2} linked to the Subcontracting Inward Order.,,
Target warehouse is mandatory for row {0},,
Target Warehouse is required before Submit,,
Target Warehouse is set for some items but the customer is not an internal customer.,,
Target Warehouse Reservation Error,,
Target Warehouse {0} must be same as Delivery Warehouse {1} in the Subcontracting Inward Order Item.,,
Targets,,
Tariff Number,,
Task Assignee Email,,
Task Depends on,,
Task Description,,
Task id is required.,,
Task Name,,
Task Type,,
Task Weight,,
Task {0} depends on Task {1}. Please add Task {1} to the Tasks list.,,
Tasks,,
Tasks Completed,,
Tasks Overdue,,
Tax,,
Tax & Benefits,,
Tax Account,,
Tax Amount,,
Tax Amount After Discount Amount,,
Tax Amount After Discount Amount (Company Currency),,
Tax Assets,,
Tax Breakup,,
Tax Category,,
"Tax Category has been changed to ""Total"" because all the Items are non-stock items",,
Tax Deducted Till Date,,
Tax Exemption Category,,
Tax Exemption Declaration,,
Tax Exemption Proofs,,
Tax Expense,,
Tax ID,,
Tax Id,,
Tax Identification,,
Tax Masters,,
Tax on additional salary,,
Tax on flexible benefit,,
Tax Rate,,
Tax Rate %,,
Tax Rates,,
Tax Refunds provided to Tourists under the Tax Refunds for Tourists Scheme,,
Tax Row,,
Tax Rule Conflicts with {0},,
Tax Settings,,
Tax Setup,,
Tax Template,,
Tax Template is mandatory.,,
Tax Total,,
Tax Type,,
Tax Withholding,,
Tax Withholding Account,,
Tax Withholding Category,,
Tax Withholding Details,,
Tax Withholding Entries,,
Tax Withholding Entry,,
Tax Withholding Group,,
Tax Withholding Rate,,
Tax Withholding Rates,,
tax_amount,,
tax_id,,
Taxable Amount,,
Taxable Date,,
Taxable Document Name,,
Taxable Document Type,,
Taxable Earnings Till Date,,
Taxable Income Relief Threshold Limit,,
Taxable Salary Slab,,
Taxable Salary Slabs,,
taxable_amount,,
Taxes,,
Taxes & Charges,,
Taxes and Charges,,
Taxes and Charges Added,,
Taxes and Charges Added (Company Currency),,
Taxes and Charges Calculation,,
Taxes and Charges Deducted,,
Taxes and Charges Deducted (Company Currency),,
Taxes and Charges on Income Tax,,
Taxes row #{0}: {1} cannot be smaller than {2},,
TDS Computation Summary,,
TDS Deducted,,
TDS Payable,,
Team,,
Team Advances,,
Team Claims,,
Team Leaves,,
Team Member,,
Team Members,,
Team Members Heading,,
Team Members Subtitle,,
Team Requests,,
Team Updates,,
Telemetry,,
Telephone Expenses,,
Telephony Call Type,,
Template,,
Template Error,,
Template File,,
Template Item,,
Template Item Selected,,
Template Name,,
Template Options,,
Template Task,,
Template Title,,
Template Warnings,,
Temporarily Disabled,,
Temporarily on Hold,,
Temporary,,
Temporary Accounts,,
temporary name,,
Temporary Opening,,
Temporary Opening Account,,
Tenure,,
Term Details,,
Terms,,
Terms & Conditions,,
Terms and Conditions Content,,
Terms and Conditions Details,,
Terms and Conditions Help,,
Terms and Conditions Template,,
Terms Template,,
Territory,,
territory,,
Territory Item,,
Territory Manager,,
Territory Name,,
Territory Target Variance Based On Item Group,,
Territory Targets,,
Territory-wise Sales,,
Test Data,,
Test Job ID,,
Test Spanish,,
Test_Folder,,
test_translate_test_gitignore,,
Testimonials,,
Text Align,,
Text Color,,
Text Content,,
Thank you,,
Thank you for reaching out to us. We will get back to you at the earliest.,,
Thank you for your business!,,
The 'From Package No.' field must neither be empty nor it's value less than 1.,,
"The Access to Request for Quotation From Portal is Disabled. To Allow Access, Enable it in Portal Settings.",,
The account type of {0} cannot be changed from {1} because stock ledger entries exist against it.,,
The allocated amount is greater than the outstanding amount of Payment Request {0},,
The amount exceeds the available balance for Employee Advance {0}. Available amount for return: {1}.,,
The amount of {0} set in this payment request is different from the calculated amount of all payment plans: {1}. Make sure this is correct before submitting the document.,,
The bank account is disabled. Please enable it,,
The bank account is not a company account. Please select a company account,,
"The Batch {0} has negative batch quantity {1}. To fix this, go to the batch and click on Recalculate Batch Qty. If the issue still persists, create an inward entry.",,
"The batch {0} is reserved for {1} in the warehouse {2} and the remaining quantity is not enough to cover the reservations. So, cannot proceed with the {3} {4}.",,
The Bulk Update could not happen due to <b>{0}</b>,,
The Campaign '{0}' already exists for the {1} '{2}',,
The changes have been reverted.,,
The closing balance {0} of the Stock Asset accounts does not match the closing value {1} of the Stock Balance report as on {2}. Resolve the difference using the Stock Ledger Variance report before closing the period.,,
The column {0} has {1} different date formats. Automatically setting {2} as the default format as it is the most common. Please change other values in this column to this format.,,
The comment cannot be empty,,
The company {0} is not in South Africa. VAT Audit Report is only available for companies in South Africa.,,
The company {0} is not in United Arab Emirates. UAE VAT 201 report is only available for companies in United Arab Emirates.,,
The Company {0} of Sales Forecast {1} does not match with the Company {2} of Master Production Schedule {3}.,,
The completed quantity {0} of an operation {1} cannot be greater than the completed quantity {2} of a previous operation {3}.,,
The completed quantity {0} of an operation {1} cannot be greater than the manufactured quantity {2} of a previous operation {3}. Submit the manufacturing entry for the operation {3} first.,,
The Condition '{0}' is invalid,,
The configured SMTP server does not support DSN (Delivery Status Notification).,,
The cost of the secondary items cannot exceed the raw material cost of {0}.,,
The currency of invoice {} ({}) is different from the currency of this dunning ({}).,,
The currency of {0} should be same as the company's default currency. Please select another account.,,
The current POS opening entry is outdated. Please close it and create a new one.,,
The day(s) on which you are applying for leave are holidays. You need not apply for leave.,,
The days between {0} to {1} are not valid holidays.,,
The default BOM for that item will be fetched by the system. You can also change the BOM.,,
The default value for the Check field {0} must be either '0' or '1',,
The difference between from time and To Time must be a multiple of Appointment,,
The Document Type {0} must have a Status field to configure Service Level Agreement,,
The email button is enabled for the user in the document.,,
The Excluded Fee is bigger than the Deposit it is deducted from.,,
The field Asset Account cannot be blank,,
The field Equity/Liability Account cannot be blank,,
The field From Shareholder cannot be blank,,
The field To Shareholder cannot be blank,,
The field {0} in row {1} is not set,,
The field {0} in {1} does not allow ignoring user permissions,,
The field {0} in {1} links to {2} and not {3},,
The fieldname you've specified in Attached To Field is invalid,,
The fields From Shareholder and To Shareholder cannot be blank,,
The File URL you've entered is incorrect,,
The first Approver in the list will be set as the default Approver.,,
The folio numbers are not matching,,
The following assets have failed to automatically post depreciation entries: {0},,
The following Assignment Days have been repeated: {0},,
"The following batches are expired, please restock them: <br> {0}",,
The following cancelled repost entries exist for <b>{0}</b>:<br><br>{1}<br><br>,,
The following configured IMAP folder(s) were not found or,,
The following deleted attributes exist in Variants but not in the Template. You can either delete the Variants or keep the attribute(s) in template.,,
The following employees are currently still reporting to {0}:,,
The following Header Script will add the current date to an element in 'Header HTML' with class 'header-content',,
The following invalid Pricing Rules are deleted:,,
"The following Items, having Putaway Rules, could not be accomodated:",,
The following payment schedule(s) already exist:\n{0},,
The following Purchase Invoices are not submitted:,,
The following rows are duplicates:,,
The following rows are not valid fields of {0} and have to be removed: {1},,
The following values are invalid: {0}. Values must be one of {1},,
The following values do not exist for {0}: {1},,
The following vouchers are not submitted: {0},,
The following {0} were created: {1},,
The fraction of Daily Salary per Leave should be between 0 and 1,,
"The GL Entries and closing balances will be processed in the background, it can take a few minutes.",,
"The GL Entries will be cancelled in the background, it can take a few minutes.",,
The holiday on {0} is not between From Date and To Date,,
The item {item} is not marked as {type_of} item. You can enable it as {type_of} item from its Item master.,,
The items {0} and {1} are present in the following {2} :,,
The items {items} are not marked as {type_of} item. You can enable them as {type_of} item from their Item masters.,,
"The Job Card {0} has only {1} left to produce, but this entry books {2} ({3} finished goods and {4} process loss). Cancel or update its other manufacture entries first.",,
The job card {0} is in {1} state and you cannot complete.,,
The job card {0} is in {1} state and you cannot start it again.,,
The last account row must not have any debit or credit amounts set.,,
The link you trying to login is invalid or expired.,,
The lowest tier must have a minimum spent amount of 0. Customers need to be part of a tier as soon as they are enrolled in the program.,,
The Loyalty Program isn't valid for the selected company,,
"The meta description is an HTML attribute that provides a brief summary of a web page. Search engines such as Google often display the meta description in search results, which can influence click-through rates.",,
"The meta image is unique image representing the content of the page. Images for this Card should be at least 280px in width, and at least 150px in height.",,
The metrics for this report are calculated based on the {0}. Please set {0} in {1}.,,
The metrics for this report are calculated based on {0}. Please set {0} in {1}.,,
The Next Scheduled Date cannot be later than the End Date.,,
The number of shares and the share numbers are inconsistent,,
The operation {0} can not add multiple times,,
The operation {0} can not be the sub operation,,
The original invoice should be consolidated before or along with the return invoice.,,
The outstanding amount {0} in {1} is lesser than {2}. Updating the outstanding to this invoice.,,
The parent account {0} does not exists in the uploaded template,,
The payment gateway account in plan {0} is different from the payment gateway account in this payment request,,
"The Payment Request {0} is already paid, cannot process payment twice",,
The Payment Term at row {0} is possibly a duplicate.,,
"The Pick List having Stock Reservation Entries cannot be updated. If you need to make changes, we recommend canceling the existing Stock Reservation Entries before updating the Pick List.",,
The print button is enabled for the user in the document.,,
The process for deletion of {0} data associated with {1} has been initiated.,,
The Process Loss Qty has reset as per job cards Process Loss Qty,,
The Push Relay Server URL key (`push_relay_server_url`) is missing in your site config,,
The report you requested has been generated.<br><br>,,
The reserved stock will be released. Are you certain you wish to proceed?,,
The reset password link has been expired,,
The reset password link has either been used before or is invalid,,
The resource you are looking for is not available,,
The root account {0} must be a group,,
The Sales Person is linked with {0},,
The selected BOMs are not for the same item,,
The selected change account {} doesn't belongs to Company {}.,,
The selected document {0} is not a {1}.,,
The selected item cannot have Batch,,
The sell quantity is less than the total asset quantity. The remaining quantity will be split into a new asset. This action cannot be undone. <br><br><b>Do you want to continue?</b>,,
The seller and the buyer cannot be the same,,
The Serial and Batch Bundle {0} is not valid for this transaction. The 'Type of Transaction' should be 'Outward' instead of 'Inward' in Serial and Batch Bundle {0},,
The serial and batch bundle {0} not linked to {1} {2},,
The Serial No at Row #{0}: {1} is not available in warehouse {2}.,,
The serial no {0} does not belong to item {1},,
The Serial No {0} is reserved against the {1} {2} and cannot be used for any other transaction.,,
The shareholder does not belong to this company,,
The shares already exist,,
The shares don't exist with the {0},,
The Stock Closing Entry for {0} is not completed yet. Wait for it to complete before submitting the Period Closing Voucher.,,
"The Stock Entry of type 'Manufacture' is known as backflush. Raw materials being consumed to manufacture finished goods is known as backflushing. <br><br> When creating Manufacture Entry, raw-material items are backflushed based on BOM of production item. If you want raw-material items to be backflushed based on Material Transfer entry made against that Work Order instead, then you can set it under this field.",,
"The stock for the item {0} in the {1} warehouse was negative on the {2}. You should create a positive entry {3} before the date {4} and time {5} to post the correct valuation rate. For more details, please read the <a href='https://docs.erpnext.com/docs/user/manual/en/stock-adjustment-cogs-with-negative-stock'>documentation<a>.",,
"The stock has been reserved for the following Items and Warehouses, un-reserve the same to {0} the Stock Reconciliation: <br /><br /> {1}",,
"The sync has started in the background, please check the {0} list for new records.",,
The system is being updated. Please refresh again after a few moments.,,
The system provides many pre-defined roles. You can add new roles to set finer permissions.,,
"The task has been enqueued as a background job. In case there is any issue on processing in background, the system will add a comment about the error on this Stock Reconciliation and revert to the Draft stage",,
"The task has been enqueued as a background job. In case there is any issue on processing in background, the system will add a comment about the error on this Stock Reconciliation and revert to the Submitted stage",,
The total Issue / Transfer quantity {0} in Material Request {1}  cannot be greater than allowed requested quantity {2} for Item {3},,
The total Issue / Transfer quantity {0} in Material Request {1} cannot be greater than requested quantity {2} for Item {3},,
The uploaded file could not be parsed as a genericode XML document.,,
The uploaded file does not appear to be in valid MT940 format.,,
The uploaded file does not match the selected Code List.,,
The user can create a new Item but cannot edit existing items.,,
The user can delete Draft / Cancelled documents.,,
The user can export report data.,,
The user can import new records or update existing data for the document.,,
The user can select a Customer in Sales Order but cannot open the Customer master.,,
The user can share document access with another user.,,
The user can update a customer or any other fields in an existing Sales Order but cannot create a new Sales Order.,,
The user can view Sales Invoices but cannot modify any field values in them.,,
The user cannot submit the Serial and Batch Bundle manually,,
The User record for this request has been auto-deleted due to inactivity by system admins.,,
"The value of the field {0} is too long in the {1} document. To resolve this issue, please reduce the value length or change the {0} field Type to Long Text using customize form, and then try again.",,
The value of {0} differs between Items {1} and {2},,
The value {0} is already assigned to an existing Item {1}.,,
The warehouse account(s) below are not of type 'Stock'. Please set a correct Stock asset account on the warehouse (Account Type must be 'Stock'):,,
The warehouse where you store finished Items before they are shipped.,,
"The warehouse where you store your raw materials. Each required item can have a separate source warehouse. Group warehouse also can be selected as source warehouse. On submission of the Work Order, the raw materials will be reserved in these warehouses for production usage.",,
The warehouse where your Items will be transferred when you begin production. Group Warehouse can also be selected as a Work in Progress warehouse.,,
The {0} is already on auto repeat {1},,
"The {0} prefix '{1}' already exists. Please change the Serial No Series, otherwise you will get a Duplicate Entry error.",,
The {0} {1} created successfully,,
The {0} {1} does not match with the {0} {2} in the {3} {4},,
The {0} {1} is used to calculate the valuation cost for the finished good {2}.,,
Theme,,
Theme Configuration,,
Theme URL,,
"Then Pricing Rules are filtered out based on Customer, Customer Group, Territory, Supplier, Supplier Type, Campaign, Sales Partner etc.",,
There are active maintenance or repairs against the asset. You must complete all of them before cancelling the asset.,,
There are documents which have workflow states that do not exist in this Workflow. It is recommended that you add these states to the Workflow and change their states before removing these states.,,
"There are inconsistencies between the rate, no of shares and the amount calculated",,
There are ledger entries against this account. Changing {0} to non-{1} in live system will cause incorrect output in 'Accounts {2}' report,,
There are more holidays than working days this month.,,
There are multiple shifts assigned to the employee for the same period. Please mention the shift,,
There are no active Fiscal Years for which Demo Data can be generated.,,
There are no arrear differences between existing and new salary structure components.,,
There are no Failed transactions,,
There are no slots available on this date,,
There are no vacancies under staffing plan {0},,
"There are two options to maintain valuation of stock. FIFO (first in - first out) and Moving Average. To understand this topic in detail please visit <a href='https://docs.frappe.io/erpnext/user/manual/en/calculation-of-valuation-rate-in-fifo-and-moving-average' target='_blank'>Item Valuation, FIFO and Moving Average.</a>",,
There aren't any item variants for the selected item,,
There can be multiple tiered collection factor based on the total spent. But the conversion factor for redemption will always be same for all the tier.,,
There can be only 9 Page Break fields in a Web Form,,
There can be only one Fold in a form,,
There can only be 1 Account per Company in {0} {1},,
"There can only be one Shipping Rule Condition with 0 or blank value for ""To Value""",,
There is already a valid Lower Deduction Certificate {0} for Supplier {1} against category {2} for this time period.,,
There is already an active Subcontracting BOM {0} for the Finished Good {1}.,,
There is an error in your Address Template {0},,
There is no batch found against the {0}: {1},,
There is no data to be exported,,
There is no Salary Structure assigned to {0}. First assign a Salary Structure.,,
"There is no task called ""{}""",,
There is some problem with the file url: {0},,
There must be atleast 1 Finished Good in this Stock Entry,,
There must be atleast one permission rule.,,
There was an error building this page,,
There was an error creating Bank Account while linking with Plaid.,,
There was an error syncing transactions.,,
There was an error updating Bank Account {} while linking with Plaid.,,
There was an issue connecting to Plaid's authentication server. Check browser console for more information,,
There were errors while sending email. Please try again.,,
There were issues unlinking payment entry {0}.,,
"There were some errors setting the name, please contact the administrator",,
There's no Employee with Salary Structure: {0}. Assign {1} to an Employee to preview Salary Slip,,
Third Party Authentication,,
This action is irreversible. Do you wish to continue?,,
This action is only allowed for {},,
This action will prevent making changes to the linked appraisal feedback/goals.,,
This action will stop future billing. Are you sure you want to cancel this subscription?,,
This action will unlink this account from any external service integrating ERPNext with your bank accounts. It cannot be undone. Are you certain ?,,
This asset category is marked as non-depreciable. Please disable depreciation calculation or choose a different category.,,
This card is visible only to Administrator and System Managers by default. Set a DocType to share with users who have read access.,,
"This check-in is outside assigned shift hours and will not be considered for attendance. If a shift is assigned, adjust its time window and Fetch Shift again.",,
This compensatory leave will be applicable from {0}.,,
This covers all scorecards tied to this Setup,,
This Currency is disabled. Enable to use in transactions,,
This doctype has no orphan fields to trim,,
"This doctype has pending migrations, run 'bench migrate' before modifying the doctype to avoid losing changes.",,
This document can not be deleted right now as it's being modified by another user. Please try again after some time.,,
This document has already been queued for submission. You can track the progress over {0}.,,
This document is currently locked and queued for execution. Please try again after some time.,,
This document is over limit by {0} {1} for item {4}. Are you making another {3} against the same {2}?,,
This employee already has a log with the same timestamp.{0},,
This error can be due to invalid formula or condition.,,
This error can be due to invalid syntax.,,
This error can be due to missing or deleted field.,,
This field allows you to set the maximum number of consecutive leaves an Employee can apply for.,,
This field allows you to set the maximum number of leaves that can be allocated annually for this Leave Type while creating the Leave Policy,,
This field is used to set the 'Customer'.,,
This file is attached to a protected document and cannot be deleted.,,
This file is public. It can be accessed without authentication.,,
This geolocation provider is not supported yet.,,
This invoice has already been paid.,,
This is a preview of the email to be sent. A PDF of the document will automatically be attached with the email.,,
This is a root account and cannot be edited.,,
This is a root customer group and cannot be edited.,,
This is a root department and cannot be edited.,,
This is a root item group and cannot be edited.,,
This is a root sales person and cannot be edited.,,
This is a root supplier group and cannot be edited.,,
This is a root territory and cannot be edited.,,
This is a Template BOM and will be used to make the work order for {0} of the item {1},,
This is a top-10 common password.,,
This is a top-100 common password.,,
This is a very common password.,,
This is a virtual doctype and data is cleared periodically.,,
This is based on stock movement. See {0} for details,,
This is based on the attendance of this Employee,,
This is based on the Time Sheets created against this project,,
This is based on transactions against this Sales Person. See timeline below for details,,
This is considered dangerous from accounting point of view.,,
This is done to handle accounting for cases when Purchase Receipt is created after Purchase Invoice,,
"This is enabled by default. If you want to plan materials for sub-assemblies of the Item you're manufacturing leave this enabled. If you plan and manufacture the sub-assemblies separately, you can disable this checkbox.",,
"This is for raw material Items that'll be used to create finished goods. If the Item is an additional service like 'washing' that'll be used in the BOM, keep this unchecked.",,
This is similar to a commonly used password.,,
This item filter has already been applied for the {0},,
This Item is a Template and cannot be used in transactions.<br>All fields present in the 'Copy Fields to Variant' table in Item Variant Settings will be copied to its variant items.,,
This Item is a Variant of {0} (Template).,,
This link has already been activated for verification.,,
This link is invalid or expired. Please make sure you have pasted correctly.,,
This may get printed on multiple pages,,
This method is only meant for developer mode,,
This month,,
This Month's Summary,,
This option can be checked to edit the 'Posting Date' and 'Posting Time' fields.,,
This Payment Entry is reconciled with {0}. Cancelling will automatically unreconcile it. Do you want to proceed?,,
This PDF cannot be uploaded as it contains unsafe content.,,
This PDF is password protected. Please set the correct statement password on the,,
This Purchase Order has been fully subcontracted.,,
This request has not yet been approved by the user.,,
This Sales Order has been fully subcontracted.,,
This schedule was created when Asset {0} was adjusted through Asset Value Adjustment {1}.,,
This schedule was created when Asset {0} was consumed through Asset Capitalization {1}.,,
This schedule was created when Asset {0} was repaired through Asset Repair {1}.,,
This schedule was created when Asset {0} was restored due to Sales Invoice {1} cancellation.,,
This schedule was created when Asset {0} was restored on Asset Capitalization {1}'s cancellation.,,
This schedule was created when Asset {0} was restored.,,
This schedule was created when Asset {0} was returned through Sales Invoice {1}.,,
This schedule was created when Asset {0} was scrapped.,,
This schedule was created when Asset {0} was {1} into new Asset {2}.,,
This schedule was created when Asset {0} was {1} through Sales Invoice {2}.,,
This schedule was created when Asset {0}'s Asset Value Adjustment {1} was cancelled.,,
This schedule was created when Asset {0}'s shifts were adjusted through Asset Shift Allocation {1}.,,
This site is running in developer mode. Any change made here will be updated in code.,,
This statement has already been imported.,,
"This table is used to set details about the 'Item', 'Qty', 'Basic Rate', etc.",,
This title will be used as the title of the webpage as well as in meta tags,,
This verification link is invalid. Please book the appointment again.,,
This Web Form Request has already been used,,
This Web Form Request has expired,,
This Week's Summary,,
"This will be automatically generated when you publish the page, you can also enter a route yourself if you wish",,
This will overwrite the tax component {0} in the salary slip and tax won't be calculated based on the Income Tax Slabs,,
This will reset this tour and show it to all users. Are you sure?,,
This will submit Salary Slips and create accrual Journal Entry. Do you want to proceed?,,
"This will terminate the job immediately and might be dangerous, are you sure?",,
This will update the warehouse and status of Serial Nos counted in {0} to match the stock ledger. Continue?,,
This {} will be treated as material transfer.,,
Threshold for Suggestion,,
Threshold for Suggestion (In Percentage),,
Throttled,,
Thumbnail,,
Thumbnail URL,,
Thursday,,
Tier Name,,
Time,,
time,,
Time (In Mins),,
Time Between Operations (Mins),,
Time format,,
Time Format,,
Time In Mins,,
Time in Queries,,
Time Interval,,
Time Logs,,
Time logs are required for {0} {1},,
Time Required (In Mins),,
Time Series,,
Time Series Based On,,
Time series based on is required to create a dashboard chart,,
Time Sheet,,
Time Sheet List,,
Time Sheets,,
Time slot is not available,,
Time Taken,,
Time Taken to Deliver,,
Time to Fill,,
Time Tracking,,
Time Window (Seconds),,
Time Zones,,
time_sheet,,
Timeline,,
Timeline DocType,,
Timeline Field,,
Timeline field must be a Link or Dynamic Link,,
Timeline field must be a valid fieldname,,
Timeline Links,,
Timeline Name,,
Timelines,,
Timeout,,
Timeout (In Seconds),,
Timer,,
Timeseries,,
Timesheet Billing Summary,,
Timesheet Detail,,
Timesheet Details,,
Timesheet for tasks.,,
Timesheet Working Hours,,
Timesheet {0} cannot be invoiced in its current state,,
Timesheets,,
"Timesheets help keep track of time, cost and billing for activities done by your team",,
Timeslots,,
Timespan,,
TIMESTAMP,,
Timestamp,,
timestamp,,
Tip,,
Tip: Select report lines to view their accounts,,
Tip: Try the new dropdown console using,,
Title,,
title,,
Title Field,,
Title field must be a valid fieldname,,
Title of the page,,
Title Prefix,,
to,,
To,,
To add Operations tick the 'With Operations' checkbox.,,
To add subcontracted Item's raw materials if include exploded items is disabled.,,
To allow more reports update limit in System Settings.,,
"To allow over billing, update ""Over Billing Allowance"" in Accounts Settings or the Item.",,
"To allow over ordering, update ""Over Order Allowance"" in Buying Settings.",,
"To allow over receipt / delivery, update ""Over Receipt/Delivery Allowance"" in Stock Settings or the Item.",,
"To allow this, enable {0} under {1}.",,
To Amount,,
To and CC,,
To apply for a Half Day check 'Half Day' and select the Half Day Date,,
To be Delivered to Customer,,
To Bill,,
To cancel a {} you need to cancel the POS Closing Entry {}.,,
To cancel this Sales Invoice you need to cancel the POS Closing Entry {}.,,
"To configure Auto Repeat, enable ""Allow Auto Repeat"" from {0}.",,
To create a Payment Request reference document is required,,
To Currency,,
To date can not be equal or less than from date,,
To date can not be greater than employee's relieving date.,,
To date can not be less than from date,,
To date can not greater than employee's relieving date,,
To date cannot be before from date,,
To Date cannot be before From Date,,
To Date cannot be before From Date.,,
To Date cannot be less than From Date,,
To Date Field,,
To Date is mandatory,,
To Date must be greater than From Date,,
To Date should be within the Fiscal Year. Assuming To Date = {0},,
To Datetime,,
To Delete list generated with {0} DocTypes,,
To Deliver,,
To Deliver and Bill,,
To Delivery Date,,
To Do,,
To Doctype,,
To Due Date,,
To Employee,,
"To enable server scripts, read the {0}.",,
"To export this step as JSON, link it in a Onboarding document and save the document.",,
To Fiscal Year,,
To Folio No,,
To generate password click {0},,
To include non-stock items in the material request planning. i.e. Items for which 'Maintain Stock' checkbox is unticked.,,
"To include tax in row {0} in Item rate, taxes in rows {1} must also be included",,
To Invoice Date,,
To know more click {0},,
"To merge, following properties must be same for both items",,
To No,,
"To not apply Pricing Rule in a particular transaction, all applicable Pricing Rules should be disabled.",,
"To overrule this, enable '{0}' in company {1}",,
"To overwrite the salary component amount for a tax component, please enable {0}",,
To Package No.,,
To Pay,,
To Payment Date,,
To Posting Date,,
To Range,,
To Receive,,
To Receive and Bill,,
To Reference Date,,
To Rename,,
"To set the role {0} in the user {1}, kindly set the {2} field as {3} in one of the {4} record.",,
To Shareholder,,
"To still proceed with editing this Attribute Value, enable {0} in Item Variant Settings.",,
To submit the invoice without purchase order please set {0} as {1} in {2},,
To submit the invoice without purchase receipt please set {0} as {1} in {2},,
To Time,,
To Time cannot be before from date,,
to unallocate the amount of this Return Invoice before cancelling it.,,
"To use a different finance book, please uncheck 'Include Default FB Assets'",,
"To use a different finance book, please uncheck 'Include Default FB Entries'",,
"To use Google Calendar, enable {0}.",,
"To use Google Contacts, enable {0}.",,
"To use Serial / Batch feature, enable {0} in {1}.",,
To User,,
To Value,,
To Warehouse,,
To Warehouse (Optional),,
To(Year),,
To(Year) year can not be less than From(year),,
to_date,,
to_time,,
TO_TSVECTOR,,
Today is {0}'s birthday 🎉,,
Today {0} at our Company! 🎉,,
Today {0} completed {1} {2} at our Company! 🎉,,
Todo,,
ToDo,,
Toggle Awesomebar,,
Token Cache,,
Token Endpoint Auth Method,,
Token Type,,
Token URI,,
Too many changes to database in single action.,,
Too many columns. Export the report and print it using a spreadsheet application.,,
Too Many Documents,,
Too many queued background jobs ({0}). Please retry after some time.,,
Too Many Requests,,
"Too many users signed up recently, so the registration is disabled. Please try back in an hour",,
Tools,,
Top 10,,
Top Bar Item,,
Top Bar Items,,
Top Errors,,
Topic,,
TOS URI,,
Total,,
total,,
Total (Company Currency),,
Total (Credit),,
Total Absent,,
Total Absent (This Month),,
Total Accrued,,
Total Achieved,,
Total Active Items,,
Total Actual,,
Total Actual Amount,,
Total Additional Costs,,
Total Advance,,
Total Advance Amount,,
Total Advance Amount (Company Currency),,
Total advance amount cannot be greater than total sanctioned amount,,
Total Allocated Amount,,
Total Allocated Amount (Company Currency),,
Total Allocated Leave(s),,
Total Allocated Leaves,,
Total allocated leaves are more than maximum allocation allowed for {0} leave type for employee {1} in the period,,
Total allocated leaves {0} cannot be less than already approved leaves {1} for the period,,
Total allocated percentage for sales team should be 100,,
Total Allocations,,
Total Amount,,
Total Amount cannot be zero,,
Total Amount Currency,,
Total Amount Due,,
Total Amount in Words,,
Total Amount Reimbursed,,
Total Applicable Charges in Purchase Receipt Items table must be same as Total Taxes and Charges,,
Total Applicants (This Month),,
Total Asset,,
Total Asset Cost,,
Total Asset Recovery Cost,,
Total Assets,,
Total Background Workers,,
Total Billable Amount,,
Total Billable Amount (via Timesheet),,
Total Billable Hours,,
Total Billed Amount,,
Total Billed Amount (via Sales Invoice),,
Total Billed Hours,,
Total Billing Amount,,
Total Billing Hours,,
Total Budget,,
Total Characters,,
Total Claimed Amount,,
Total Claimed Amount (Company Currency),,
Total Commission,,
Total Completed Qty,,
"Total Completed Qty ({0}), Process Loss Qty ({1}) and Pending Qty ({2}) must add up to the Qty to Manufacture ({3}).",,
"Total Completed Qty is required for Job Card {0}, please start and complete the job card before submission",,
Total Consumed Material Cost (via Stock Entry),,
Total Contribution Amount Against Invoices: {0},,
Total Contribution Amount Against Orders: {0},,
Total contribution percentage should be equal to 100,,
Total Cost,,
Total Cost (Company Currency),,
Total Cost To Company (CTC),,
Total Costing Amount,,
Total Costing Amount (via Timesheet),,
Total Credit,,
Total Credit Transactions,,
Total Credit/ Debit Amount should be same as linked Journal Entry,,
Total Credits,,
Total Days Without Pay,,
Total Debit,,
Total Debit must be equal to Total Credit. The difference is {0},,
Total Debit Transactions,,
Total Debits,,
Total Declaration Submitted,,
Total Declared Amount,,
Total Deduction,,
Total Deduction (Company Currency),,
Total Delivered Amount,,
Total Demand (Past Data),,
Total distributed amount {0} must be equal to Budget Amount {1},,
Total distribution percent must equal 100 (currently {0}),,
Total Early Exits,,
Total Earning,,
Total Earnings,,
Total Equity,,
Total Errors (last 1 day),,
Total Estimated Budget,,
Total Estimated Cost,,
Total Estimated Distance,,
Total Exchange Gain/Loss,,
Total Exemption Amount,,
Total Expense,,
Total Expense Claim (via Expense Claim),,
Total Expense Claim (via Expense Claims),,
Total Expense This Year,,
Total Expenses booked through,,
Total Experience,,
Total Forecast (Future Data),,
Total Forecast (Past Data),,
Total Gain/Loss,,
Total Goal Score,,
Total Gross Pay,,
Total Hold Time,,
Total Holidays,,
Total Hours (T),,
Total hours: {0},,
Total in words,,
Total in words (Company Currency),,
Total Incentive Given(Last month),,
Total Income,,
Total Income Tax,,
Total Income This Year,,
Total Incoming Bills,,
Total Incoming Payment,,
Total Incoming Value (Receipt),,
Total Interest,,
Total Interest Amount,,
Total Invoiced Amount,,
Total Issues,,
Total Items,,
Total Landed Cost,,
Total Landed Cost (Company Currency),,
Total Late Entries,,
Total Leave Days,,
Total Leaves,,
Total Leaves ({0}),,
Total leaves allocated cannot exceed annual allocation of {0}.,,
Total leaves allocated is mandatory for Leave Type {0},,
Total Leaves Encashed,,
Total Ledgers,,
Total Liability,,
Total Loan Repayment,,
Total Message(s),,
Total Monthly Sales,,
Total Net Pay,,
Total Net Weight,,
Total Non-Billed Hours,,
Total Number of Booked Depreciations,,
Total Number of Depreciations,,
Total of all employee benefits cannot be greater that Max Benefits Amount {0},,
Total Only,,
Total Operating Cost,,
Total Operation Time,,
Total Order Considered,,
Total Order Value,,
Total Other Charges,,
Total Outgoing,,
Total Outgoing Bills,,
Total Outgoing Emails,,
Total Outgoing Payment,,
Total Outgoing Salary(Last month),,
Total Outgoing Value (Consumption),,
Total Outstanding,,
Total Outstanding Amount,,
Total Overtime Duration,,
Total Paid Amount,,
Total Payable Amount,,
Total Payment,,
Total Payment Amount in Payment Schedule must be equal to Grand / Rounded Total,,
Total Payment Request amount cannot be greater than {0} amount,,
Total Payments,,
Total payments amount can't be greater than {},,
Total Payout,,
Total percentage against cost centers should be 100,,
Total Picked Quantity {0} is more than ordered qty {1}. You can set the Over Picking Allowance in Stock Settings.,,
Total Planned Qty,,
Total Present,,
Total Present (This Month),,
Total Principal Amount,,
Total Produced Qty,,
Total Projected Qty,,
Total Purchase Amount,,
Total Purchase Cost (via Purchase Invoice),,
Total Qty,,
Total Quantity,,
Total quantity in delivery schedule cannot be greater than the item quantity,,
Total Receivable Amount,,
Total Received Amount,,
Total Repair Cost,,
Total Resignations,,
Total Revenue,,
Total Salary Structure,,
Total Sales Amount,,
Total Sales Amount (via Sales Order),,
Total Sanctioned Amount,,
Total Sanctioned Amount (Company Currency),,
Total Score,,
Total Self Score,,
Total Stock Summary,,
Total Stock Value,,
Total Subscribers,,
Total Supplied Qty,,
Total System Users,,
Total Target,,
Total Tasks,,
Total Tax,,
Total Taxable Amount,,
Total Taxes and Charges,,
Total Taxes and Charges (Company Currency),,
Total Time (in Mins),,
Total Time in Mins,,
Total Users,,
Total Value,,
Total Value Difference (Incoming - Outgoing),,
Total Variance,,
Total Vendor Invoices Cost (Company Currency),,
Total Views,,
Total Warehouses,,
Total Website Users,,
Total Weight,,
Total Weight (kg),,
"Total weightage for all {0} must add up to 100. Currently, it is {1}%",,
Total working Days Per Year,,
Total Working Hours,,
Total working hours should not be greater than max working hours {0},,
Total Working Time,,
Total Workstation Time (In Hours),,
Total {0} ({1}),,
"Total {0} for all items is zero, may be you should change 'Distribute Charges Based On'",,
Total(Amt),,
Total(Qty),,
total_absent,,
total_allocated_leaves,,
total_amount,,
total_approved_amount,,
total_billing_amount,,
total_claimed_in_approved,,
total_costing_amount,,
total_credit,,
total_days,,
total_debit,,
total_early_exits,,
total_estimated_cost,,
total_fg_value,,
total_half_day_absent,,
total_half_day_leave,,
total_half_day_present,,
total_half_day_worked,,
total_incoming_value,,
total_late_entries,,
total_leaves,,
total_order_considered,,
total_order_value,,
total_pending_amount,,
total_present,,
total_qty,,
total_rejected_amount,,
total_return_discount,,
total_return_scheduled,,
total_rm_value,,
total_score,,
total_spent,,
total_stock_value,,
total_tcs,,
Totals,,
Totals (Company Currency),,
Trace ID,,
Traceability,,
Traceback,,
Tracebility Direction,,
Track Changes,,
Track Email Status,,
Track Field,,
Track Seen,,
Track Semi Finished Goods,,
Track Service Level Agreement,,
Track Steps,,
Track Views,,
Tracking Status,,
Tracking Status Info,,
Tracking URL,,
Trainer Email,,
Trainer Name,,
Training,,
Training Date,,
Training Event Employee,,
Training Events,,
Training Feedback,,
Training Result,,
Training Result Employee,,
Trainings,,
Trainings (This Month),,
Trainings (This Week),,
Transaction,,
Transaction Currency,,
Transaction currency must be same as Payment Gateway currency,,
Transaction currency: {0} cannot be different from Bank Account({1}) currency: {2},,
Transaction Date,,
Transaction date can't be earlier than previous movement date,,
Transaction Deletion Document {0} has been triggered for company {1},,
Transaction Deletion Record,,
Transaction Deletion Record Details,,
Transaction Deletion Record Item,,
Transaction Deletion Record {0} is already running. {1},,
Transaction Deletion Record {0} is currently deleting {1}. Cannot save documents until deletion completes.,,
Transaction Details,,
Transaction Exchange Rate,,
Transaction ID,,
Transaction Information,,
Transaction Name,,
Transaction not allowed against stopped Work Order {0},,
Transaction Qty,,
Transaction reference no {0} dated {1},,
Transaction Settings,,
Transaction Threshold,,
Transaction Type,,
transaction_date,,
transaction_type,,
Transactions,,
Transactions against the Company already exist! Chart of Accounts can only be imported for a Company with no transactions.,,
Transactions Annual History,,
Transactions cannot be created for an Inactive Employee {0}.,,
Transactions using Sales Invoice in POS are disabled.,,
Transfer,,
Transfer Asset,,
Transfer Date,,
Transfer Extra Raw Materials to WIP (%),,
Transfer From Warehouses,,
Transfer Material Against,,
Transfer Materials,,
Transfer Materials For Warehouse {0},,
Transfer Status,,
Transfer Type,,
transfer_qty,,
Transferred,,
Transferred Qty,,
Transferred Qty (in Stock UOM),,
Transferred Quantity,,
Transferred Raw Materials,,
transferred_qty,,
Transfers (This Month),,
Transgender,,
Transit,,
Transit Entry,,
Transition Rules,,
Transition Tasks,,
Transitions,,
Translatable,,
Translate Link Fields,,
Translated Text,,
Translation,,
"Translations can be viewed by guests, avoid storing private details in translations.",,
Transport Receipt Date,,
Transport Receipt No,,
Transporter,,
Transporter Details,,
Transporter Info,,
Transporter Name,,
Travel,,
Travel Advance Required,,
Travel Expenses,,
Travel From,,
Travel Funding,,
Travel Itinerary,,
Travel Request,,
Travel Request Costing,,
Travel To,,
Travel Type,,
Tree Details,,
Tree of Procedures,,
Tree Type,,
Trial Balance,,
Trial Balance (Simple),,
Trial Balance for Party,,
Trial Balance requires {0} to be synced to DuckDB,,
Trial Period End Date,,
Trial Period End Date Cannot be before Trial Period Start Date,,
Trial Period Start Date,,
Trial Period Start date cannot be after Subscription Start Date,,
Trialing,,
Trigger Method,,
Trim Table,,
TRUNCATE,,
Try a Naming Series,,
Try the {0} for a better experience.,,
Try to avoid repeated words and characters,,
Try to use a longer keyboard pattern with more turns,,
Tuesday,,
Turnover Ratios,,
Two Factor Authentication,,
Two Factor Authentication method,,
Two-way,,
Type,,
type,,
Type Name,,
Type Of Call,,
Type of Material,,
Type of Payment,,
Type of Proof,,
Type of Transaction,,
Type your reply here...,,
Type:,,
Types of activities for Time Logs,,
UAE VAT 201,,
Uae Vat Account,,
UAE VAT Accounts,,
Uae Vat Settings,,
UI Tour,,
UID,,
UIDNEXT,,
UIDVALIDITY,,
Un-following document {0},,
Unable to fetch DocType details. Please contact system administrator.,,
Unable to find DocType {0},,
Unable to find exchange rate for {0} to {1} for key date {2}. Please create a Currency Exchange record manually,,
Unable to find exchange rate for {0} to {1} for key date {2}. Please create a Currency Exchange record manually.,,
Unable to find score starting at {0}. You need to have standing scores covering 0 to 100,,
Unable to find the time slot in the next {0} days for the operation {1}. Please increase the 'Capacity Planning For (Days)' in the {2}.,,
Unable to find variable:,,
Unable to open attached file. Did you export it as CSV?,,
Unable to read file format for {0},,
Unable to Repost Accounting Ledger,,
Unable to retrieve your location,,
Unable to send mail because of a missing email account. Please setup default Email Account from Settings > Email Account,,
Unable to write file format for {0},,
Unallocated Amount,,
Unarchive,,
Unassign Condition,,
Unassigned Qty,,
Unbilled Orders,,
Unblock Invoice,,
Uncaught Exception,,
Unclaimed Amount,,
Unclaimed Amount (Company Currency),,
unclaimed_amount,,
Unclosed Fiscal Years Profit / Loss (Credit),,
Under Withheld Reason,,
"Under Working Hours table, you can add start and end times for a Workstation. For example, a Workstation may be active from 9 am to 1 pm, then 2 pm to 5 pm. You can also specify the working hours based on shifts. While scheduling a Work Order, the system will check for the availability of the Workstation based on the working hours specified.",,
Unexpected Naming Series Pattern,,
Unhandled Email,,
Unhandled Emails,,
Unique,,
unique_count,,
Unit Of Measure,,
Unit of Measure,,
Unit of Measure (UOM),,
Unit of Measure {0} has been entered more than once in Conversion Factor Table,,
Unit Price,,
Unknown,,
Unknown file encoding. Tried to use: {0},,
Unknown Rounding Method: {},,
Unknown User,,
Unlink Advance Payment on cancellation of order,,
Unlink external integrations,,
Unlink Payment on Cancellation of Employee Advance,,
Unlink Payment on cancellation of invoice,,
Unlinked,,
Unlinked Attendance record from Employee Checkins: {},,
Unlinked logs,,
Unlock Reference Document,,
Unmarked Attendance for days,,
Unmarked Check-in Logs Found,,
Unmarked Days,,
Unmarked days,,
Unmarked Employee Header,,
Unmarked Employees HTML,,
Unpaid Accrual,,
Unpaid Expense Claim,,
Unpublish,,
Unread Notification Sent,,
Unrealized Exchange Gain/Loss Account,,
Unrealized Profit / Loss Account,,
Unreconcile Payment,,
Unreconcile Payment Entries,,
Unreconcile Transaction,,
Unreconciled,,
Unreconciled Amount,,
Unreconciled Entries,,
Unreserve,,
Unreserve for Raw Materials,,
Unreserve for Sub-assembly,,
Unreserve Stock,,
Unreserving Stock...,,
Unresolved,,
Unsafe SQL query,,
Unsecured Loans,,
Unset Matched Payment Request,,
Unsettled Transactions,,
Unsubmitted Appraisals,,
Unsubscribe,,
Unsubscribe from this Email Digest,,
Unsubscribe Method,,
Unsubscribe Params,,
Unsubscribed,,
Unsupported Feature,,
Unsupported file format: {0},,
Unsupported function or operator: {0},,
Unsupported {0}: {1},,
Untracked Hours,,
Untracked Hours (U),,
Unused leaves,,
Unverified Webhook Data,,
Unzip,,
UOM Category,,
UOM Conversion Detail,,
UOM Conversion Details,,
UOM Conversion Factor,,
UOM Conversion factor ({0} -> {1}) not found for item: {2},,
UOM Conversion factor is required in row {0},,
UOM conversion factor required for UOM: {0} in Item: {1},,
UOM Defaults,,
UOM Name,,
UOM {0} not found in Item {1},,
Up,,
Upcoming Calendar Events,,
Upcoming Events for Today,,
Upcoming Holidays,,
Upcoming Holidays Reminder,,
Upcoming Shifts,,
Update,,
Update Account Name / Number,,
Update Account Number / Name,,
Update Additional Information,,
Update Amendment Naming,,
Update Auto Repeat Reference,,
Update Batch Qty,,
Update Billed Amount in Delivery Note,,
Update Billed Amount in Purchase Order,,
Update Billed Amount in Purchase Receipt,,
Update Billed Amount in Sales Order,,
Update BOM Cost Automatically,,
Update Clearance Date,,
Update Consumed Material Cost In Project,,
Update Cost,,
Update Cost Center Name / Number,,
Update Costing and Billing,,
Update Current Stock,,
Update existing Price List Rate,,
Update Expense,,
Update Field,,
Update from Frappe Cloud,,
Update Hooks Resolution Order,,
Update Items,,
Update Job Applicant,,
Update latest price in all BOMs,,
Update Order,,
Update Outstanding for Self,,
Update Password,,
Update Price List based on,,
Update Print Format,,
Update Progress,,
Update Rate and Availability,,
Update Rate as per Last Purchase,,
Update Salary Structures,,
Update Series Counter,,
Update Series Number,,
Update Status,,
Update Stock,,
Update stock must be enabled for the purchase invoice {0},,
Update Tax,,
Update timestamp on new communication,,
Update Type,,
Update Value,,
updated delivered quantity for item {0} to {1},,
Updated Status for Other Half from {0} to {1} for date {2} in the attendance record {3},,
Updated status from {0} to {1} for date {2} in the attendance record {3},,
Updated successfully,,
Updated Successfully,,
Updated the Job Applicant status to {0},,
Updated the status of Job Offer {0} for the linked Job Applicant {1} to {2},,
Updated the status of linked Job Applicant {0} to {1},,
updated {0},,
Updated {0} Financial Report Row(s) with new category name,,
Updating,,
Updating Costing and Billing fields against this Project...,,
Updating counter may lead to document name conflicts if not done properly,,
Updating Email Queue Statuses. The emails will be picked up in the next scheduled run.,,
Updating global settings,,
Updating naming series options,,
Updating search index,,
Updating Variants...,,
Updating Work Order status,,
Updating {0},,
"Updating {0} of {1}, {2}",,
Upload Bank Statement,,
Upload images or documents,,
Upload XML Invoices,,
Uploaded To Dropbox,,
Uploaded To Google Drive,,
Uploading...,,
Upper Income,,
Upper Range,,
URL,,
URL can only be a string,,
URL contact must start with https://,,
URL must start with http:// or https://,,
URL of the page,,
Use 'Repost in background' button to trigger background job. Job can only be triggered when document is in Queued or Failed status.,,
Use a few uncommon words together.,,
Use a name that is different from previous project name,,
Use ASCII encoding for password,,
Use Batch-wise Valuation,,
Use Company default Cost Center for Round off,,
Use Company Default Round Off Cost Center,,
Use CSV Sniffer,,
Use Default Warehouse,,
Use different Email ID,,
Use First Day of Period,,
Use for Shopping Cart,,
Use HTML,,
Use HTTP Protocol,,
Use IMAP,,
Use Item based reposting,,
Use Legacy (Client side) Reactivity,,
Use legacy Budget Controller,,
Use legacy controller for Period Closing Voucher,,
Use Multi-Level BOM,,
Use Number Format from Currency,,
Use of sub-query or function is restricted,,
Use POST,,
Use Posting Datetime for Naming Documents,,
Use prices from Default Price List as fallback,,
Use Report Chart,,
Use Serial / Batch fields,,
Use Serial No / Batch Fields,,
Use SSL,,
Use STARTTLS,,
Use the new Print Format Builder,,
Use TLS,,
Use Transaction Date Exchange Rate,,
Used,,
Used Leave(s),,
Used Leaves,,
Used OAuth,,
User '{0}' already has the role '{1}',,
User Activity Report,,
User Activity Report Without Sort,,
User Agent,,
User Cannot Create,,
User Cannot Search,,
User Defaults,,
User Details,,
User Doctype Permissions,,
User Document Type,,
User don't have permissions to select/read this account.,,
User Email,,
User Emails,,
User Forum,,
User Group,,
User Group Member,,
User Group Members,,
User has not applied rule on the invoice {0},,
User Id,,
User ID,,
User Id Field,,
User Id Field is mandatory in the user type {0},,
User ID not set for Employee {0},,
User ID Property,,
User Image,,
User Invitation,,
User is disabled,,
User is mandatory for Share,,
User must always select,,
User Name,,
User not allowed to synchronize data from Frappe CRM on ERPNext. Contact System Manager of ERPNext.,,
User Permission,,
User permission already exists,,
User Permissions,,
User Permissions are used to limit users to specific records.,,
User Permissions created successfully,,
User Remark,,
User Resolution Time,,
User Role,,
User Role Profile,,
User Select Document Type,,
User Session Display,,
User Social Login,,
User Tags,,
User Type,,
User Type Module,,
User with email address {0} does not exist,,
User with email: {0} does not exist in the system. Please ask 'System Administrator' to create the user for you.,,
User {0} cannot be deleted,,
User {0} cannot be disabled,,
User {0} cannot be renamed,,
User {0} does not exist,,
User {0} does not have access to this document,,
User {0} does not have doctype access via role permission for document {1},,
User {0} does not have the permission to create a Workspace.,,
User {0} doesn't have any default POS Profile. Check Default at Row {1} for this User.,,
User {0} has requested for data deletion,,
User {0} has started an impersonation session as you. <br><br><b>Reason provided:</b> {1},,
User {0} impersonated as {1},,
User {0} is already assigned to Employee {1},,
User {0} is disabled,,
User {0} is disabled. Please contact your System Manager.,,
User {0} is not permitted to access this document.,,
User {0}: Removed Employee role as there is no mapped employee.,,
User {0}: Removed Employee Self Service role as there is no mapped employee.,,
User {} is disabled. Please select valid user/cashier,,
user_role,,
Userinfo URI,,
Username,,
Username {0} already exists,,
Users,,
Using negative stock disables FIFO/Moving average valuation when inventory is negative.,,
Utility Expenses,,
Utilization,,
Utilization %,,
UTM Analytics,,
Utm Campaign,,
Utm Medium,,
UTM Source,,
Utm Source,,
Vacancies,,
vacancies,,
Vacancies cannot be lower than the current openings,,
Vacancies fulfilled,,
val_rate,,
Valid for Countries,,
Valid From,,
Valid from and valid upto fields are mandatory for the cumulative,,
Valid From date not in Fiscal Year {0},,
Valid From must be after {0} as last GL Entry against the cost center {1} posted on this date,,
Valid Till,,
Valid till date cannot be before transaction date,,
Valid till Date cannot be before Transaction Date,,
Valid Up To,,
Valid Up To date cannot be before Valid From date,,
Valid Up To date not in Fiscal Year {0},,
Valid Upto,,
Validate Applied Rule,,
Validate Attendance,,
Validate Components and Quantities Per BOM,,
Validate consumed quantity (as per BOM),,
Validate Field,,
Validate Frappe Mail Settings,,
Validate Material Transfer warehouses,,
Validate Negative Stock,,
Validate Pricing Rule,,
Validate selling price for Item against purchase or valuation rate,,
Validate SSL Certificate,,
Validate Stock on Save,,
Validating Employee Attendance...,,
Validity,,
Validity and Usage,,
Validity Details,,
Validity in Days,,
Validity period of this quotation has ended.,,
Valuation (I - K),,
Valuation Field Type,,
Valuation Method,,
Valuation Rate,,
Valuation Rate (In / Out),,
Valuation rate for customer provided items has been set to zero.,,
"Valuation Rate for the Item {0}, is required to do accounting entries for {1} {2}.",,
Valuation Rate is mandatory if Opening Stock entered,,
Valuation Rate Missing,,
Valuation Rate required for Item {0} at row {1},,
Valuation Type,,
Valuation type charges can not be marked as Inclusive,,
valuation_rate,,
Value,,
value,,
Value (G - D),,
Value ({0}),,
Value / Description,,
Value After Depreciation,,
Value as on,,
Value Based Inspection,,
Value Based On,,
Value cannot be changed for {0},,
Value cannot be negative for,,
Value cannot be negative for {0}: {1},,
Value Change,,
Value Changed,,
Value Details,,
Value for a check field can be either 0 or 1,,
Value for Attribute {0} must be within the range of {1} to {2} in the increments of {3} for Item {4},,
Value for field {0} is too long in {1}. Length should be lesser than {2} characters,,
Value for {0} cannot be a list,,
Value missing,,
Value must be one of {0},,
Value of Goods,,
Value of goods cannot be 0,,
Value of New Capitalized Asset,,
Value of New Purchase,,
Value of Scrapped Asset,,
Value of Sold Asset,,
Value Or Qty,,
Value Proposition,,
Value To Be Set,,
Value to Validate,,
Value too big,,
Value Too Long,,
Value Type,,
Value {0} missing for {1},,
Value {0} must be in the valid duration format: d h m s,,
Value {0} must in {1} format,,
value_adjustment_before_from_date,,
value_adjustment_till_to_date,,
value_as_on_from_date,,
value_field,,
value_of_capitalized_asset,,
value_of_new_purchase,,
value_of_scrapped_asset,,
value_of_sold_asset,,
Values Changed,,
variable,,
Variable,,
Variable Based On Taxable Salary,,
Variable Name,,
Variables,,
variance,,
Variance,,
Variance ({}),,
Variant,,
Variant Attribute Error,,
Variant Attributes,,
Variant Based On,,
Variant Based On cannot be changed,,
Variant BOM,,
Variant creation has been queued.,,
Variant Details Report,,
Variant Field,,
Variant Item,,
Variant Items,,
Variant Of,,
Variant {0} and its template {1} cannot both be added to the same Pricing Rule,,
Variants,,
VAT Accounts,,
VAT Amount (AED),,
VAT Audit Report,,
VAT on Expenses and All Other Inputs,,
VAT on Sales and All Other Outputs,,
vehicle,,
Vehicle,,
Vehicle Date,,
Vehicle Expenses,,
Vehicle No,,
Vehicle Number,,
Vehicle Service,,
Vehicle Service Item,,
Vehicle Value,,
Vendor Invoice,,
Vendor Invoices,,
Vendor Name,,
Verification Code,,
Verification code has been sent to your registered email address.,,
Verification Link Expiry Duration,,
Verification link has expired.,,
Verification Token,,
Verified By,,
Verify,,
Version,,
version_table,,
Vertical Align,,
via Assignment Rule,,
via Auto Repeat,,
via BOM Update Tool,,
Via Customer Portal,,
via Data Import,,
Via Landed Cost Voucher,,
via Notification,,
via Salary Component sync,,
Video,,
Video Settings,,
Video URL,,
Videos,,
View,,
View Account Coverage,,
View Additional Salary entries,,
View All,,
View All Prices,,
View all {0} users,,
View attachments,,
View BOM Update Log,,
View Data Based on,,
View Details,,
View Doctype Permissions,,
View Exchange Gain/Loss Journals,,
View File,,
View Goals,,
View Job Offer,,
View Leads,,
View Leave History,,
View Ledger,,
View Ledgers,,
View List,,
View Log,,
View MRP,,
View Now,,
View Permitted Documents,,
View Properties (via Customize Form),,
View Report,,
View Salary Slips,,
View Settings,,
View Stock Balance,,
View Stock Ledger,,
View Switcher,,
View Type,,
View Website,,
View {0},,
Viewed By,,
Views,,
Virtual,,
Virtual DocType,,
Virtual DocType {} requires a static method called {} found {},,
Virtual DocType {} requires overriding an instance method called {} found {},,
Virtual tables must be virtual fields,,
Visibility,,
visible_types entries must be strings or {type: [fields]} maps,,
visible_types fields for {0} must be a list,,
visible_types is not valid JSON: {0},,
visible_types must be a list,,
Visit Desktop,,
Visit Web Page,,
Visited,,
Visitor ID,,
Voice Call Settings,,
Voucher,,
Voucher #,,
Voucher Detail No,,
Voucher Detail Reference,,
Voucher Details,,
Voucher No,,
Voucher No is mandatory,,
Voucher Qty,,
Voucher Subtype,,
Voucher Type,,
Voucher {0} is over-allocated by {1},,
Voucher-wise Balance,,
voucher_detail_no,,
voucher_no,,
voucher_type,,
Vouchers,,
Wages,,
Wait for it to finish. Deleting the lock file {} will not release the lock.,,
Waiting for payment...,,
Walk In,,
Warehouse and Reference,,
Warehouse can not be deleted as stock ledger entry exists for this warehouse.,,
Warehouse cannot be changed for Serial No.,,
Warehouse Capacity for Item '{0}' must be greater than the existing stock level of {1} {2}.,,
Warehouse Capacity Summary,,
Warehouse Contact Info,,
Warehouse Defaults,,
Warehouse Detail,,
Warehouse Details,,
Warehouse Disabled?,,
Warehouse is mandatory,,
Warehouse is required to get producible FG Items,,
Warehouse Name,,
Warehouse not found against the account {0},,
Warehouse required for stock Item {0},,
Warehouse Settings,,
Warehouse Type,,
Warehouse wise Item Balance Age and Value,,
Warehouse Wise Stock Balance,,
Warehouse {0} can not be deleted as quantity exists for Item {1},,
Warehouse {0} does not belong to company {1},,
Warehouse {0} does not belong to Company {1}.,,
Warehouse {0} does not exist,,
"Warehouse {0} is not allowed for Sales Order {1}, it should be {2}",,
"Warehouse {0} is not linked to any account, please mention the account in the warehouse record or set default inventory account in company {1}.",,
Warehouse: {0} does not belong to {1},,
Warehouses,,
Warehouses with child nodes cannot be converted to ledger,,
Warehouses with existing transaction can not be converted to group.,,
Warehouses with existing transaction can not be converted to ledger.,,
Warn for new Purchase Orders,,
Warn for new Request for Quotations,,
Warn POs,,
Warn Purchase Orders,,
Warn RFQs,,
Warning,,
Warning - Row {0}: Billing Hours are more than Actual Hours,,
Warning on Negative Stock,,
Warning!,,
Warning: Account changed for warehouse,,
Warning: Another {0} # {1} exists against stock entry {2},,
Warning: DATA LOSS IMMINENT! Proceeding will permanently delete following database columns from doctype {0}:,,
"WARNING: Exotel app has been separated from ERPNext, please install the app to continue using Exotel integration.",,
Warning: Insufficient leave balance for Leave Type {0} in this allocation.,,
Warning: Insufficient leave balance for Leave Type {0}.,,
Warning: Leave application contains following block dates,,
WARNING: Loan Management module has been separated from ERPNext.,,
Warning: Material Requested Qty is less than Minimum Order Qty,,
Warning: Naming is not set,,
Warning: Quantity exceeds maximum producible quantity based on quantity of raw materials received through the Subcontracting Inward Order {0}.,,
Warning: Sales Order {0} already exists against Customer's Purchase Order {1},,
Warning: This action cannot be undone!,,
Warning: Usage of 'format:' is discouraged.,,
Warning: {0} already has an active Shift Assignment {1} for some/all of these dates.,,
Warnings,,
Warranty,,
Warranty / AMC Details,,
Warranty / AMC Status,,
Warranty Claim,,
Warranty Expiry (Serial),,
Warranty Expiry Date,,
Warranty Period (Days),,
Warranty Period (in days),,
Watch Video,,
"We can see {0} is made against {1}. If you want {1}'s outstanding to be updated, uncheck the '{2}' checkbox.",,
We do not allow editing of this document. Simply click the Edit button on the workspace page to make your workspace editable and customize it as you wish,,
We've received your query!,,
Web Form,,
Web Form Field,,
Web Form Fields,,
Web Form List Column,,
Web Form Request,,
Web Form Request key is required,,
Web Form Request link copied,,
Web Form Values,,
Web Page,,
Web Page Block,,
Web Page View,,
Web Template,,
Web Template Field,,
Web Template is not specified,,
Web Template Values,,
Web View,,
Webhook,,
Webhook Data,,
Webhook Header,,
Webhook Headers,,
Webhook Request,,
Webhook Request Log,,
Webhook Secret,,
Webhook Security,,
Webhook Trigger,,
Webhook URL,,
Website,,
Website Analytics,,
Website Attribute,,
Website Description,,
Website Filter Field,,
Website Image,,
Website Item Group,,
Website Listing,,
Website Meta Tag,,
Website Route Meta,,
Website Route Redirect,,
Website Script,,
Website Search Field,,
Website Search Field must be a valid fieldname,,
Website Settings,,
Website Sidebar,,
Website Sidebar Item,,
Website Slideshow,,
Website Slideshow Item,,
Website Specifications,,
Website Theme,,
Website Theme Ignore App,,
Website Theme Image,,
Website Theme image link,,
Website Themes Available,,
Website Users,,
Website Visits,,
Wednesday,,
Week {0} {1},,
Weekday,,
Weekend Multiplier,,
Weekly,,
Weekly Off,,
Weekly Time to send,,
Weight,,
Weight (kg),,
Weight Per Unit,,
Weight UOM,,
Weightage (%),,
Weighting Function,,
Welcome,,
Welcome email sent,,
Welcome Email Template,,
Welcome to {0},,
Welcome URL,,
Welcome Workspace,,
What will be deleted:,,
WhatsApp,,
Wheels,,
"When creating an Item, entering a value for this field will automatically create an Item Price at the backend.",,
"When there are multiple finished goods ({0}) in a Repack stock entry, the basic rate for all finished goods must be set manually. To set rate manually, enable the checkbox 'Set Basic Rate Manually' in the respective finished good row.",,
Whereas allocation for Compensatory Leaves is automatically created or updated on submission of Compensatory Leave Request.,,
"While creating account for Child Company {0}, parent account {1} found as a ledger account.",,
"While creating account for Child Company {0}, parent account {1} not found. Please create the parent account in corresponding COA",,
White,,
Why is this Candidate Qualified for this Position?,,
Width,,
Width (cm),,
Width of amount in word,,
Widths can be set in px or %.,,
Wildcard Filter,,
Will be your login ID,,
Will only be shown if section headings are enabled,,
WIP Composite Asset,,
WIP Warehouse,,
WIP WH,,
WIP Work Orders,,
Wire Transfer,,
With Operations,,
With Period Closing Entry For Opening Balances,,
Withdrawal,,
Withholding Date,,
Withholding Document,,
Withholding Document Name,,
Withholding Document Type,,
withholding_doctype,,
withholding_name,,
wkhtmltopdf 0.12.x (with patched qt).,,
Won Opportunities,,
Won Opportunity (Last 1 Month),,
Work Anniversaries,,
Work Anniversary Reminder,,
Work Done,,
Work End Date,,
Work Experience Calculation Method,,
Work From Date,,
Work From Home,,
Work in Progress,,
Work In Progress,,
Work Order / Subcontract PO,,
Work Order Additional Item,,
Work Order Analysis,,
Work Order cannot be created for following reason: <br> {0},,
Work Order cannot be raised against a Item Template,,
Work Order Consumed Materials,,
Work Order has been {0},,
Work Order Item,,
Work Order Mismatch,,
Work Order must reference a row in Production Plan {0}.,,
Work Order must reference only one Production Plan row.,,
Work Order not created,,
Work Order Operation,,
Work Order Qty,,
Work Order Qty Analysis,,
Work Order Stock Report,,
Work Order Summary,,
Work Order {0} created,,
Work Order {0} has no produced qty,,
Work Order {0}: Job Card not found for the operation {1},,
Work Orders,,
Work Orders Created: {0},,
Work Orders in Progress,,
Work References,,
Work Summary for {0},,
Work-in-Progress Warehouse,,
Work-in-Progress Warehouse is required before Submit,,
work_order,,
Workday,,
Workday {0} has been repeated.,,
Worked On Holiday,,
Worker Information,,
Worker Name,,
Workflow Action,,
Workflow Action Master,,
Workflow Action Name,,
Workflow Action Permitted Role,,
Workflow Builder,,
Workflow Builder allows you to create workflows visually. You can drag and drop states and link them to create transitions. Also you can update their properties from the sidebar.,,
Workflow Builder ID,,
Workflow Data,,
Workflow Document State,,
Workflow Evaluation Error,,
Workflow Name,,
Workflow State,,
Workflow State Field,,
Workflow State not set,,
Workflow State transition not allowed from {0} to {1},,
Workflow States Don't Exist,,
Workflow Status,,
Workflow Transition,,
Workflow Transition Task,,
Workflow Transition Tasks,,
Working Days,,
Working Days and Hours,,
Working Hours Calculation Based On,,
Workspace added to desktop,,
Workspace Chart,,
Workspace Custom Block,,
Workspace Link,,
Workspace Number Card,,
Workspace Quick List,,
Workspace Shortcut,,
Workspace Sidebar,,
Workspace Sidebar Item,,
Workstation,,
Workstation / Machine,,
Workstation Cost,,
Workstation Dashboard,,
Workstation is closed on the following dates as per Holiday List: {0},,
Workstation Name,,
Workstation Operating Component,,
Workstation Operating Component Account,,
Workstation Status,,
Workstation Type,,
Workstation Working Hour,,
Workstations,,
Wrapping up,,
Write,,
Write Off,,
Write Off Account,,
Write Off Amount,,
Write Off Amount (Company Currency),,
Write Off Based On,,
Write Off Cost Center,,
Write Off Difference Amount,,
Write Off Limit,,
Write Off Outstanding Amount,,
Writeoff,,
Wrong Company,,
Wrong Fetch From value,,
Wrong Password,,
Wrong Template,,
X Field,,
XML Files Processed,,
Y Axis,,
Y Field,,
Year,,
year,,
YEAR,,
Year End Date,,
Year Name,,
Year of Passing,,
Year Start Date,,
Year start date or end date is overlapping with {0}. To avoid please set company,,
Year To Date,,
Year To Date(Company Currency),,
year_end_date,,
year_start_date,,
Yearly,,
Yearly Amount,,
Yearly Benefit,,
yearly_amount,,
years,,
YEARWEEK,,
"Yes, Proceed",,
You are about to permanently delete data for {0} entries for company {1}.,,
You are importing data for the code list:,,
You are not allowed to access this resource,,
You are not allowed to access this {0} record because it is linked to {1} '{2}' in field {3},,
"You are not allowed to access this {0} record because it is linked to {1} '{2}' in row {3}, field {4}",,
You are not allowed to delete a standard Notification. You can disable it instead.,,
You are not allowed to delete a standard Website Theme,,
You are not allowed to delete Standard Report,,
You are not allowed to edit the report.,,
You are not allowed to export {} doctype,,
You are not allowed to update as per the conditions set in {} Workflow.,,
You are not allowed to update attendance for another user.,,
You are not allowed to update this Web Form Document,,
You are not authorized to add or update entries before {0},,
You are not authorized to approve leaves on Block Dates,,
You are not authorized to make/edit Stock Transactions for Item {0} under warehouse {1} before this time.,,
You are not authorized to set Frozen value,,
You are not authorized to undo this email,,
You are not permitted to access the CTC report of another employee.,,
You are not permitted to access this page.,,
You are not permitted to access this resource. Login to access,,
You are not permitted to create a Task for Project {0},,
You are not permitted to send SMS,,
You are not present all day(s) between compensatory leave request days,,
"You are only allowed to update order, do not remove or add apps.",,
You are picking more than required quantity for the item {0}. Check if there is any other pick list created for the sales order {1}.,,
"You are selecting Sync Option as ALL, It will resync all read as well as unread message from server. This may also cause the duplication of Communication (emails).",,
You can add dynamic properties from the document by using Jinja templating.,,
You can add the original invoice {} manually to proceed.,,
You can also access wkhtmltopdf variables (valid only in PDF print):,,
You can also set default CWIP account in Company {},,
You can change the parent account to a Balance Sheet account or select a different account.,,
You can disable this {0} instead of deleting it.,,
You can increase the limit from System Settings.,,
You can not define multiple slabs if you have a slab with no lower and upper limits.,,
You can not enter current voucher in 'Against Journal Entry' column,,
You can not request for your Default Shift: {0},,
You can only edit your own replies.,,
You can only have Plans with the same billing cycle in a Subscription,,
You can only plan for upto {0} vacancies and budget {1} for {2} as per staffing plan {3} for parent company {4}.,,
You can only redeem max {0} points in this order.,,
You can only select one mode of payment as default,,
You can only submit Leave Encashment for a valid encashment amount,,
"You can only upload JPG, PNG, GIF, PDF, TXT, CSV or Microsoft documents.",,
"You can only upload JPG, PNG, PDF, TXT or Microsoft documents.",,
You can only upload upto 5000 records in one go. (may be less in some cases),,
You can redeem upto {0}.,,
"You can select one from the following,",,
"You can set it as a machine name or operation type. For example, stiching machine 12",,
You can try changing the filters of your report.,,
You can use Customize Form to set levels on fields.,,
You can use {0} to reconcile against {1} later.,,
You can't make any changes to Job Card since Work Order is closed.,,
You can't process the serial number {0} as it has already been used in the SABB {1}. {2} if you want to inward same serial number multiple times then enabled 'Allow existing Serial No to be Manufactured/Received again' in the {3},,
You can't redeem Loyalty Points having more value than the Total Amount.,,
You can't set 'Options' for field {0},,
You can't set 'Translatable' for field {0},,
You can't set standard field {0} as virtual,,
You cannot change the rate if BOM is mentioned against any Item.,,
You cannot create a dashboard chart from single DocTypes,,
You cannot create a {0} within the closed Accounting Period {1},,
You cannot create or cancel any accounting entries with in the closed Accounting Period {0},,
You cannot create/amend any accounting entries till this date.,,
You cannot credit and debit same account at the same time,,
You cannot delete Project Type 'External',,
You cannot edit root node.,,
You cannot enable both the settings '{0}' and '{1}'.,,
"You cannot outward following {0} as either they are Delivered, Inactive or located in a different warehouse.",,
You cannot redeem more than {0}.,,
You cannot repost item valuation before {},,
You cannot restart a Subscription that is not cancelled.,,
You cannot reverse more than the total LWP days {0}. You have already reversed {1} days for this employee.,,
You cannot share `{0}` on {1} `{2}` as you do not have `{0}` permission on `{1}`,,
You cannot submit empty order.,,
You cannot submit the order without payment.,,
You cannot unset 'Read Only' for field {0},,
You cannot {0} this document because another Period Closing Entry {1} exists after {2},,
You created this document,,
You do not have access to Cloud Settings for this site.,,
You do not have enough permission to access {0}: {1},,
You do not have enough permissions to complete the action,,
You do not have import permission for {0},,
You do not have permission to access child table field: {0},,
You do not have permission to access field: {0},,
You do not have permission to access this file,,
You do not have permission to access {0}: {1}.,,
You do not have permission to complete this action,,
You do not have permission to create or restore documents of type {0}.,,
You do not have permission to import and submit bank transactions,,
You do not have permission to import bank transactions,,
You do not have permission to restore this document.,,
You do not have permissions to {} items in a {}.,,
You don't have access to Report: {0},,
You don't have enough Loyalty Points to redeem,,
You don't have enough points to redeem.,,
You don't have permission to access the {0} DocType.,,
You don't have permission to access this file,,
You don't have permission to create a Company Address. Please contact your System Manager.,,
You don't have permission to create report for {0},,
You don't have permission to create Report records.,,
You don't have permission to get a report on: {0},,
You don't have permission to print: {0},,
You don't have permission to read/attach the file {0}.,,
You don't have permission to update Company details. Please contact your System Manager.,,
You don't have permission to update Received Qty DocField for item {0},,
You don't have permission to update this document. Please contact your System Manager.,,
You don't have the permissions to access this document,,
You had {} errors while creating opening invoices. Check {} for more details,,
You have already applied for this position.,,
You have been invited to collaborate on the project {0}.,,
You have been successfully logged out,,
You have enabled {0} and {1} in {2}. This can lead to prices from the default price list being inserted in the transaction price list.,,
You have enabled {0} and {1} in {2}. This can lead to prices from the default price list being inserted into the transaction price list.,,
You have entered a duplicate Delivery Note on Row,,
You have hit the row size limit on database table: {0},,
You have no advances,,
You have no leaves allocated,,
You have no notifications,,
You have no requests,,
You have no upcoming holidays,,
You have no upcoming shifts,,
You have to enable auto re-order in Stock Settings to maintain re-order levels.,,
You have to enable Two Factor Auth from System Settings.,,
You have unsaved changes. Do you want to save the invoice?,,
You have unseen {0},,
You hit the rate limit because of too many requests. Please try after sometime.,,
You last edited this document,,
"You may add additional details, if any, and submit the offer.",,
You must be logged in to use this form.,,
You must be within {0} meters of your shift location to check in.,,
You must login to use this form,,
You must select a customer before adding an item.,,
You need the '{0}' permission on {1} {2} to perform this action.,,
You need the Workspace Manager role to edit this workspace.,,
You need to be a system user to access this page.,,
You need to be in developer mode to edit a Standard Web Form,,
You need to be logged in and have System Manager Role to be able to access backups.,,
You need to be logged in to access this page,,
You need to be logged in to access this {0}.,,
You need to be Workspace Manager to delete a public workspace.,,
You need to be Workspace Manager to edit this document,,
You need to be {0} to rename this document,,
You need to cancel POS Closing Entry {} to be able to cancel this document.,,
"You need to have ""Share"" permission",,
You need to install pycups to use this feature!,,
You need to select indexes you want to add first.,,
You need to set one IMAP folder for {0},,
You need write permission on {0} {1} to merge,,
You need write permission on {0} {1} to rename,,
You need write permissions to add attachments to this record.,,
You need {0} permission to fetch values from {1} {2},,
You selected the account group {1} as {2} Account in row {0}. Please select a single account.,,
You were only present for Half Day on {}. Cannot apply for a full day compensatory leave,,
You've been invited to join {0},,
Your account has been deleted,,
Your account has been locked and will resume after {0} seconds,,
Your assignment on {0} {1} has been removed by {2},,
Your authorization attempt is invalid or has expired. Please try again.,,
Your browser does not support the audio element.,,
Your browser does not support the video element.,,
Your Country,,
"Your CSV file is being generated and will appear in the Attachments section once ready. Additionally, you will get notified when the file is available for download.",,
Your exported report: {0},,
Your Interview session is rescheduled from {0} {1} - {2} to {3} {4} - {5},,
Your Language,,
Your login attempt is invalid or has expired. Please try again.,,
Your order is out for delivery!,,
Your password has been changed and you might have been logged out of all systems.<br>Please contact the Administrator for further assistance.,,
Your password has been updated.,,
Your password has expired. Please reset your password to continue,,
Your report is being generated in the background. You will receive an email on {0} with a download link once it is ready.,,
"Your session has expired, please login again to continue.",,
Your Shortcuts,,
Youtube ID,,
YouTube Interactions,,
Youtube Statistics,,
YouTube Video ID,,
Zero,,
Zero Balance,,
Zero quantity,,
Zero Rated,,
Zero-Quantity Line Items,,
zero_balance,,
Zip File,,
Zip file extracts to more than the maximum allowed size of {0} MB,,
{0} & {1} more,,
{0} '{1}' is disabled,,
{0} '{1}' not in Fiscal Year {2},,
{0} ({1}) cannot be greater than planned quantity ({2}) in Work Order {3},,
{0} <b>{1}</b> has submitted Assets. Remove Item <b>{2}</b> from table to continue.,,
{0} <br> This error can be due to missing or deleted field.,,
{0} account is not of company {1},,
{0} account is not of type {1},,
{0} Account not found against Customer {1}.,,
{0} account not found while submitting purchase receipt,,
{0} Account: {1} ({2}) must be in either customer billing currency: {3} or Company default currency: {4},,
{0} against Bill {1} dated {2},,
{0} against Purchase Order {1},,
{0} against Sales Invoice {1},,
{0} against Sales Order {1},,
{0} already allocated for Employee {1} for period {2} to {3},,
{0} already exists for employee {1} and period {2},,
{0} already has a Parent Procedure {1}.,,
{0} already has an active Shift Assignment {1} for some/all of these dates.,,
{0} already unsubscribed,,
{0} already unsubscribed for {1} {2},,
{0} and {1},,
{0} and {1} are mandatory,,
{0} applicable after {1} calendar days,,
{0} Appraisal(s) are not submitted yet,,
{0} are required,,
{0} asset cannot be transferred,,
{0} assigned a new task {1} {2} to you,,
{0} assigned {1}: {2},,
{0} balance,,
{0} Budget for Account {1} against {2} {3} is {4}. It is already exceeded by {5}.,,
{0} Budget for Account {1} against {2} {3} is {4}. It will be exceeded by {5}.,,
{0} can be either {1} or {2}.,,
{0} can not be more than {1},,
{0} can not be negative,,
{0} cannot be amended because it is not cancelled. Please cancel the document before creating an amendment.,,
{0} cannot be changed with opened Opening Entries.,,
{0} cannot be used as a Main Cost Center because it has been used as child in Cost Center Allocation {1},,
{0} cannot be used as an accounting dimension as it is not a standalone document type.,,
{0} cannot be zero,,
{0} changed {1} to {2},,
{0} completed {1} {2},,
"{0} contains an invalid Fetch From expression, Fetch From can't be self-referential.",,
{0} contains invalid field(s): {1},,
{0} Coupon used are {1}. Allowed quantity is exhausted,,
{0} created,,
{0} created successfully!,,
{0} created this document,,
{0} creation for the following records will be skipped.,,
{0} currency must be same as company's default currency. Please select another account.,,
"{0} currently has a {1} Supplier Scorecard standing, and Purchase Orders to this supplier should be issued with caution.",,
"{0} currently has a {1} Supplier Scorecard standing, and RFQs to this supplier should be issued with caution.",,
{0} Dashboard,,
{0} deleted successfully!,,
{0} Digest,,
{0} does not belong to Company {1},,
{0} does not belong to the Company {1}.,,
{0} does not exist,,
{0} does not exist in row {1},,
{0} doesn't belong to Company {1}. Please select a Cost Center that belongs to Company {1}.,,
{0} doesn't belong to Company {1}. Please select an Income Account that belongs to Company {1}.,,
{0} entered twice in Item Tax,,
{0} entered twice {1} in Item Taxes,,
{0} failed!,,
"{0} field cannot be set as unique in {1}, as there are non-unique existing values",,
{0} for {1},,
{0} format could not be determined from the values in this column. Defaulting to {1}.,,
{0} Google Calendar Events synced.,,
{0} Google Contacts synced.,,
{0} has already assigned default value for {1}.,,
{0} has been modified after you pulled it. Please pull it again.,,
{0} has been submitted successfully,,
{0} has invalid backtick notation: {1},,
{0} has left the conversation in {1} {2},,
{0} has Payment Term based allocation enabled. Select a Payment Term for Row #{1} in Payment References section,,
{0} has {1} enabled,,
{0} hours,,
{0} in row {1},,
{0} in row {1} cannot have both URL and child items,,
{0} is a built-in Notification Type and cannot be deleted. Disable it instead.,,
{0} is a child table and will be deleted automatically with its parent,,
{0} is a group account. Please select a non-group Income Account.,,
{0} is a group Cost Center. Please select a non-group Cost Center.,,
{0} is a mandatory Accounting Dimension. <br>,,
{0} is a mandatory field,,
{0} is a not a valid zip file,,
{0} is a Virtual DocType and must implement its own delete() method.,,
{0} is added multiple times on rows: {1},,
{0} is already a Reverse Journal Entry of {1}. Cancel it instead of reversing it.,,
{0} is already running for {1},,
{0} is an Accrual Component and this will be recorded as a payout in Employee Benefits Ledger,,
{0} is an invalid Attendance Status.,,
{0} is an invalid Data field.,,
{0} is an invalid email address in 'Recipients',,
{0} is blocked so this transaction cannot proceed,,
{0} is disabled. Please select a valid Income Account.,,
{0} is disabled. Please select an enabled Cost Center.,,
{0} is in Draft. Submit it before creating the Asset.,,
{0} is mandatory,,
{0} is mandatory for account {1},,
{0} is mandatory for Item {1},,
{0} is mandatory. Maybe Currency Exchange record is not created for {1} to {2}.,,
{0} is not a company bank account,,
{0} is not a CSV file.,,
{0} is not a field of doctype {1},,
{0} is not a group node. Please select a group node as parent cost center,,
{0} is not a holiday.,,
{0} is not a raw printing format.,,
{0} is not a stock Item,,
{0} is not a valid Accounting Dimension.,,
{0} is not a valid Cron expression.,,
{0} is not a valid Email Address,,
{0} is not a valid field of {1},,
{0} is not a valid ISO 3166 ALPHA-2 code.,,
{0} is not a valid Name,,
{0} is not a valid parent DocType for {1},,
{0} is not a valid parentfield for {1},,
{0} is not a valid Phone Number,,
{0} is not a valid report format. Report format should one of the following {1},,
{0} is not a valid Value for Attribute {1} of Item {2}.,,
{0} is not a valid Workflow State. Please update your Workflow and try again.,,
{0} is not a valid {1} fieldname.,,
{0} is not a zip file,,
{0} is not added in the table,,
{0} is not allowed to submit Interview Feedback for the Interview: {1},,
{0} is not an allowed role for {1},,
{0} is not an enabled Print Format for a Report,,
{0} is not an Income Account. Please select a valid Income Account.,,
{0} is not enabled in {1},,
{0} is not in Optional Holiday List,,
{0} is not running. Cannot trigger events for this Document,,
{0} is not the default supplier for any items.,,
{0} is now default print format for {1} doctype,,
{0} is on hold till {1},,
{0} is open. Close the POS or cancel the existing POS Opening Entry to create a new POS Opening Entry.,,
{0} is required,,
{0} is required when {1} is {2},,
{0} is the site's Demo Company and cannot be deleted directly. Use {1} instead.,,
{0} items disassembled,,
{0} items in progress,,
{0} items lost during process.,,
{0} items produced,,
{0} items returned,,
{0} items to return,,
{0} just impersonated as you. They gave this reason: {1},,
{0} languages are marked as default languages. Please select only one of them.,,
{0} last edited this document,,
{0} leaves allocated successfully,,
{0} leaves from allocation for {1} leave type have expired and will be processed during the next scheduled job. It is recommended to expire them now before creating new leave policy assignments.,,
{0} leaves were manually allocated by {1} on {2},,
{0} liked,,
{0} logged in,,
{0} logged out: {1},,
{0} Missing,,
{0} must be after {1},,
{0} must be beginning with '{1}',,
{0} must be equal to '{1}',,
{0} must be negative in return document,,
{0} must be none of {1},,
{0} must be one of {1},,
{0} must be set first,,
{0} must be submitted,,
{0} must be unique,,
{0} must be {1} {2},,
"{0} never sends email, so it cannot be enabled for users.",,
{0} not a valid State,,
{0} not allowed to be renamed,,
{0} Not allowed to change {1} after submission from {2} to {3},,
{0} not allowed to transact with {1}. Please change the Company or add the Company in the 'Allowed To Transact With'-Section in the Customer record.,,
{0} not found for item {1},,
{0} Number {1} is already used in {2} {3},,
{0} of {1},,
{0} of {1} Completed,,
{0} only.,,
{0} Operating Cost for operation {1},,
{0} Operations: {1},,
{0} or {1},,
{0} parameter is invalid,,
{0} payment entries can not be filtered by {1},,
{0} qty of Item {1} is being received into Warehouse {2} with capacity {3}.,,
{0} record deleted,,
{0} records deleted,,
{0} removed their assignment.,,
{0} Request for {1},,
"{0} Retain Sample is based on batch, please check Has Batch No to retain sample of item",,
{0} row #{1}:,,
{0} Row #{1}: Formula is set but {2} is disabled for the Salary Component {3}.,,
{0} Row #{1}: {2} needs to be enabled for the formula to be considered.,,
{0} saved successfully,,
{0} self assigned this task: {1},,
{0} shared a document {1} {2} with you,,
{0} shared this document with everyone,,
{0} shared this document with {1},,
{0} should be in format: app.module.method,,
{0} should be indexed because it's referred in dashboard connections,,
{0} should not be same as {1},,
{0} subscribers added,,
{0} successful!,,
{0} successfully!,,
{0} to stop receiving emails of this type,,
{0} to {1},,
{0} to {1} employee(s)?,,
{0} Transaction(s) Reconciled,,
{0} un-shared this document with {1},,
"{0} units are reserved for Item {1} in Warehouse {2}, please un-reserve the same to {3} the Stock Reconciliation.",,
{0} units of Item {1} is not available in any of the warehouses.,,
{0} units of Item {1} is not available in any of the warehouses. Other Pick Lists exist for this item.,,
{0} units of {1} are required in {2} with the inventory dimension: {3} on {4} {5} for {6} to complete the transaction.,,
{0} units of {1} needed in {2} on {3} {4} for {5} to complete this transaction.,,
{0} units of {1} needed in {2} on {3} {4} to complete this transaction.,,
{0} units of {1} needed in {2} to complete this transaction.,,
{0} Unread,,
{0} updated,,
{0} updated successfully!,,
{0} vacancies and {1} budget for {2} already planned for subsidiary companies of {3}. You can only plan for upto {4} vacancies and and budget {5} as per staffing plan {6} for parent company {3}.,,
{0} valid serial nos for Item {1},,
{0} variants created.,,
{0} view is currently unsupported in Custom Financial Report.,,
{0} viewed this,,
{0} was set to today for items whose requested date has passed,,
{0} will be given as discount.,,
{0} will be updated for the following Salary Structures: {1}.,,
{0} with the role <strong>{1}</strong>,,
{0} {1} already exists,,
"{0} {1} cannot be ""{2}"". It should be one of ""{3}""",,
{0} {1} cannot be a leaf node as it has children,,
"{0} {1} cannot be updated. If you need to make changes, we recommend canceling the existing entry and creating a new one.",,
{0} {1} created,,
{0} {1} does not exist,,
"{0} {1} does not exist, select a new target to merge",,
{0} {1} has accounting entries in currency {2} for company {3}. Please select a receivable or payable account with currency {2}.,,
{0} {1} has already been fully paid.,,
{0} {1} has already been partly paid. Please use the 'Get Outstanding Invoice' or the 'Get Outstanding Orders' button to get the latest outstanding amounts.,,
{0} {1} has been modified. Please refresh.,,
{0} {1} has not been submitted so the action cannot be completed,,
{0} {1} is allocated twice in this Bank Transaction,,
{0} {1} is already linked to Common Code {2}.,,
"{0} {1} is associated with {2}, but Party Account is {3}",,
{0} {1} is blocked and on hold until {2}.,,
{0} {1} is blocked.,,
{0} {1} is cancelled or closed,,
{0} {1} is cancelled or stopped,,
{0} {1} is cancelled so the action cannot be completed,,
{0} {1} is closed,,
{0} {1} is disabled,,
{0} {1} is frozen,,
{0} {1} is fully billed,,
{0} {1} is not active,,
{0} {1} is not associated with {2} {3},,
{0} {1} is not submitted,,
{0} {1} is on hold,,
{0} {1} must be submitted,,
{0} {1} not allowed to be reposted. You can enable it by adding it '{2}' table in {3}.,,
{0} {1} not found,,
{0} {1} Partially Reconciled,,
{0} {1} status is {2}.,,
{0} {1}: 'Profit and Loss' type account {2} not allowed in Opening Entry,,
{0} {1}: Account {2} does not belong to Company {3},,
{0} {1}: Account {2} is inactive,,
{0} {1}: Accounting Entry for {2} can only be made in currency: {3},,
{0} {1}: Cost Center is mandatory for Item {2},,
{0} {1}: Cost Center is required for 'Profit and Loss' account {2}.,,
{0} {1}: Cost Center {2} does not belong to Company {3},,
{0} {1}: Customer is required against Receivable account {2},,
{0} {1}: Either debit or credit amount is required for {2},,
{0} {1}: Submitted Record cannot be deleted. You must {2} Cancel {3} it first.,,
{0} {1}: Supplier is required against Payable account {2},,
{0}% Billed,,
{0}% Delivered,,
{0}% of total invoice value will be given as discount.,,
{0}'s {1} cannot be after {2}'s Expected End Date.,,
{0}'s {1} cannot be before {2}'s Expected Start Date.,,
"{0}, complete the operation {1} before the operation {2}.",,
"{0}, Row {1}",,
"{0}, {1} or {2} are the only allowed options.",,
{0}. Check error log for more details.,,
{0}/{1} complete | Please leave this tab open until completion.,,
"{0}: '{1}' ({3}) will get truncated, as max characters allowed is {2}",,
{0}: Cannot set Amend without Cancel,,
{0}: Cannot set Assign Amend if not Submittable,,
{0}: Cannot set Assign Submit if not Submittable,,
{0}: Cannot set Cancel without Submit,,
{0}: Cannot set import as {1} is not importable,,
{0}: Cannot set Import without Create,,
"{0}: Cannot set Submit, Cancel, Amend without Write",,
{0}: Child table (auto-deleted with parent),,
"{0}: Employee email not found, hence email not sent",,
"{0}: expected ""{1}"", got ""{2}""",,
"{0}: Failed to attach new recurring document. To enable attaching document in the auto repeat notification email, enable {1} in Print Settings",,
{0}: Field '{1}' cannot be set as Unique as it has non-unique values,,
{0}: Field {1} in row {2} cannot be hidden and mandatory without default,,
{0}: Field {1} of type {2} cannot be mandatory,,
{0}: fieldname cannot be set to reserved field {1} in DocType,,
{0}: fieldname cannot be set to reserved keyword {1},,
{0}: Fieldname {1} appears multiple times in rows {2},,
{0}: Fieldtype {1} for {2} cannot be unique,,
{0}: From {0} of type {1},,
{0}: Link field cannot reference DocType {1} without Guest read permission,,
{0}: No basic permissions set,,
{0}: Not found,,
"{0}: Only one rule allowed with the same Role, Level and {1}",,
{0}: Options must be a valid DocType for field {1} in row {2},,
{0}: Options required for Link or Table type field {1} in row {2},,
{0}: Options {1} must be the same as doctype name {2} for the field {3},,
{0}: Permission at level 0 must be set before higher levels are set,,
{0}: Protected DocType,,
{0}: remove invalid value(s) {1},,
{0}: select the typed value {1} from the list or clear it,,
{0}: Virtual DocType (no database table),,
{0}: {1} does not belong to the Company: {2},,
{0}: {1} does not exist,,
{0}: {1} is a group account.,,
{0}: {1} is set to state {2},,
{0}: {1} must be less than {2},,
{0}:Fieldtype {1} for {2} cannot be indexed,,
{0}d,,
{count} Assets created for {item_code},,
{doctype} {name} is cancelled or closed.,,
{field_label} is mandatory for sub-contracted {doctype}.,,
{item_name}'s Sample Size ({sample_size}) cannot be greater than the Accepted Quantity ({accepted_quantity}),,
{party_type} Name,,
{party_type} Type,,
{ref_doctype} {ref_name} status is {status}.,,
{{{0}}} is not a valid fieldname pattern. It should be {{field_name}}.,,
{} does not support automated log clearing.,,
{} field cannot be empty.,,
{} has been disabled. It can only be enabled if {} is checked.,,
{} has submitted assets linked to it. You need to cancel the assets to create purchase return.,,
{} Invalid python code on line {},,
{} is a child company.,,
{} is not a valid date string.,,
{} not found in PATH! This is required to access the console.,,
{} not found in PATH! This is required to restore the database.,,
{} not found in PATH! This is required to take a backup.,,
{} Possibly invalid python code. <br>{},,
{} {} is already linked with another {},,
{} {} is already linked with {} {},,
{} {} is not affecting bank account {},,
{} {} open for this position.,,
